match_id,player_id,is_member,feedback_score
M00001,MEM00492,1,4.5
M00001,MEM00492,1,4.12
M00001,MEM00492,1,4.59
M00001,MEM00492,1,5.0
M00001,MEM00492,1,4.06
M00001,MEM00492,1,4.06
M00001,MEM00492,1,5.0
M00001,MEM00048,1,4.66
M00001,MEM00048,1,3.92
M00001,MEM00048,1,4.53
M00001,MEM00048,1,3.92
M00001,MEM00048,1,3.92
M00001,MEM00048,1,4.35
M00001,MEM00048,1,3.05
M00001,MEM00763,1,3.17
M00001,MEM00763,1,3.86
M00001,MEM00763,1,3.59
M00001,MEM00763,1,4.39
M00001,MEM00763,1,3.66
M00001,MEM00763,1,3.35
M00001,MEM00763,1,5.0
M00001,MEM00478,1,4.06
M00001,MEM00478,1,4.24
M00001,MEM00478,1,3.35
M00001,MEM00478,1,3.87
M00001,MEM00478,1,4.27
M00001,MEM00478,1,3.51
M00001,MEM00478,1,4.43
M00002,MEM00652,1,3.84
M00002,MEM00652,1,4.02
M00002,MEM00652,1,3.84
M00002,MEM00652,1,5.0
M00002,MEM00652,1,4.19
M00002,MEM00652,1,3.57
M00002,MEM00652,1,4.69
M00002,MEM00202,1,3.47
M00002,MEM00202,1,4.33
M00002,MEM00202,1,3.02
M00002,MEM00202,1,3.4
M00002,MEM00202,1,4.32
M00002,MEM00202,1,4.64
M00002,MEM00202,1,4.3
M00002,MEM00708,1,4.13
M00002,MEM00708,1,4.02
M00002,MEM00708,1,3.31
M00002,MEM00708,1,3.77
M00002,MEM00708,1,3.92
M00002,MEM00708,1,4.83
M00002,MEM00708,1,4.41
M00002,EXT00081,0,3.14
M00002,EXT00081,0,4.39
M00002,EXT00081,0,3.97
M00002,EXT00081,0,3.79
M00002,EXT00081,0,4.57
M00002,EXT00081,0,4.82
M00002,EXT00081,0,4.76
M00003,MEM00479,1,3.7
M00003,MEM00479,1,4.01
M00003,MEM00479,1,4.4
M00003,MEM00479,1,4.79
M00003,MEM00479,1,3.91
M00003,MEM00479,1,4.09
M00003,MEM00479,1,3.54
M00003,MEM00321,1,3.48
M00003,MEM00321,1,4.69
M00003,MEM00321,1,5.0
M00003,MEM00321,1,4.16
M00003,MEM00321,1,4.8
M00003,MEM00321,1,4.42
M00003,MEM00321,1,3.81
M00003,MEM00668,1,4.42
M00003,MEM00668,1,5.0
M00003,MEM00668,1,4.18
M00003,MEM00668,1,5.0
M00003,MEM00668,1,2.63
M00003,MEM00668,1,4.69
M00003,MEM00668,1,4.25
M00003,EXT00359,0,4.02
M00003,EXT00359,0,4.26
M00003,EXT00359,0,3.01
M00003,EXT00359,0,4.07
M00003,EXT00359,0,4.41
M00003,EXT00359,0,5.0
M00003,EXT00359,0,3.89
M00004,MEM00273,1,0.0
M00004,MEM00273,1,0.0
M00004,MEM00273,1,0.0
M00004,MEM00273,1,0.0
M00004,MEM00273,1,0.0
M00004,MEM00273,1,0.0
M00004,MEM00273,1,0.0
M00005,MEM00209,1,0.0
M00005,MEM00209,1,0.0
M00005,MEM00209,1,0.0
M00005,MEM00209,1,0.0
M00005,MEM00209,1,0.0
M00005,MEM00209,1,0.0
M00005,MEM00209,1,0.0
M00006,EXT00316,0,0.0
M00006,EXT00316,0,0.0
M00006,EXT00316,0,0.0
M00006,EXT00316,0,0.0
M00006,EXT00316,0,0.0
M00006,EXT00316,0,0.0
M00006,EXT00316,0,0.0
M00007,MEM00211,1,0.0
M00007,MEM00211,1,0.0
M00007,MEM00211,1,0.0
M00007,MEM00211,1,0.0
M00007,MEM00211,1,0.0
M00007,MEM00211,1,0.0
M00007,MEM00211,1,0.0
M00008,MEM00655,1,3.71
M00008,MEM00655,1,3.9
M00008,MEM00655,1,4.75
M00008,MEM00655,1,4.4
M00008,MEM00655,1,3.88
M00008,MEM00655,1,4.51
M00008,MEM00655,1,4.26
M00008,MEM00328,1,4.78
M00008,MEM00328,1,3.78
M00008,MEM00328,1,4.0
M00008,MEM00328,1,3.96
M00008,MEM00328,1,3.32
M00008,MEM00328,1,4.38
M00008,MEM00328,1,4.36
M00009,MEM00531,1,0.0
M00009,MEM00531,1,0.0
M00009,MEM00531,1,0.0
M00009,MEM00531,1,0.0
M00009,MEM00531,1,0.0
M00009,MEM00531,1,0.0
M00009,MEM00531,1,0.0
M00010,MEM00487,1,4.2
M00010,MEM00487,1,4.06
M00010,MEM00487,1,3.35
M00010,MEM00487,1,3.95
M00010,MEM00487,1,3.99
M00010,MEM00487,1,3.72
M00010,MEM00487,1,4.1
M00010,MEM00094,1,4.44
M00010,MEM00094,1,5.0
M00010,MEM00094,1,4.3
M00010,MEM00094,1,4.35
M00010,MEM00094,1,4.16
M00010,MEM00094,1,3.05
M00010,MEM00094,1,4.18
M00011,MEM00362,1,4.24
M00011,MEM00362,1,5.0
M00011,MEM00362,1,4.08
M00011,MEM00362,1,4.38
M00011,MEM00362,1,4.18
M00011,MEM00362,1,3.5
M00011,MEM00362,1,4.89
M00011,EXT00234,0,4.65
M00011,EXT00234,0,4.67
M00011,EXT00234,0,3.65
M00011,EXT00234,0,5.0
M00011,EXT00234,0,3.36
M00011,EXT00234,0,4.55
M00011,EXT00234,0,5.0
M00012,MEM00593,1,3.61
M00012,MEM00593,1,3.86
M00012,MEM00593,1,4.26
M00012,MEM00593,1,3.9
M00012,MEM00593,1,3.27
M00012,MEM00593,1,4.24
M00012,MEM00593,1,3.56
M00012,MEM00157,1,4.48
M00012,MEM00157,1,3.65
M00012,MEM00157,1,5.0
M00012,MEM00157,1,3.73
M00012,MEM00157,1,4.01
M00012,MEM00157,1,4.69
M00012,MEM00157,1,3.46
M00014,MEM00186,1,4.34
M00014,MEM00186,1,4.98
M00014,MEM00186,1,3.24
M00014,MEM00186,1,4.31
M00014,MEM00186,1,4.36
M00014,MEM00186,1,4.67
M00014,MEM00186,1,3.46
M00014,MEM00686,1,3.41
M00014,MEM00686,1,4.51
M00014,MEM00686,1,4.38
M00014,MEM00686,1,4.35
M00014,MEM00686,1,4.41
M00014,MEM00686,1,3.79
M00014,MEM00686,1,4.34
M00014,MEM00023,1,4.38
M00014,MEM00023,1,3.77
M00014,MEM00023,1,5.0
M00014,MEM00023,1,4.48
M00014,MEM00023,1,3.49
M00014,MEM00023,1,4.59
M00014,MEM00023,1,3.62
M00014,MEM00094,1,4.67
M00014,MEM00094,1,4.9
M00014,MEM00094,1,3.71
M00014,MEM00094,1,4.78
M00014,MEM00094,1,4.45
M00014,MEM00094,1,4.69
M00014,MEM00094,1,5.0
M00015,MEM00501,1,0.0
M00015,MEM00501,1,0.0
M00015,MEM00501,1,0.0
M00015,MEM00501,1,0.0
M00015,MEM00501,1,0.0
M00015,MEM00501,1,0.0
M00015,MEM00501,1,0.0
M00015,MEM00479,1,0.0
M00015,MEM00479,1,0.0
M00015,MEM00479,1,0.0
M00015,MEM00479,1,0.0
M00015,MEM00479,1,0.0
M00015,MEM00479,1,0.0
M00015,MEM00479,1,0.0
M00016,MEM00474,1,4.05
M00016,MEM00474,1,3.75
M00016,MEM00474,1,3.67
M00016,MEM00474,1,3.71
M00016,MEM00474,1,4.15
M00016,MEM00474,1,4.4
M00016,MEM00474,1,4.37
M00016,MEM00305,1,4.7
M00016,MEM00305,1,4.21
M00016,MEM00305,1,5.0
M00016,MEM00305,1,4.04
M00016,MEM00305,1,5.0
M00016,MEM00305,1,4.58
M00016,MEM00305,1,3.69
M00016,MEM00204,1,3.56
M00016,MEM00204,1,4.49
M00016,MEM00204,1,4.07
M00016,MEM00204,1,4.63
M00016,MEM00204,1,4.48
M00016,MEM00204,1,4.16
M00016,MEM00204,1,3.69
M00016,MEM00425,1,3.29
M00016,MEM00425,1,3.93
M00016,MEM00425,1,4.71
M00016,MEM00425,1,4.33
M00016,MEM00425,1,3.45
M00016,MEM00425,1,4.3
M00016,MEM00425,1,4.43
M00017,MEM00787,1,3.67
M00017,MEM00787,1,4.29
M00017,MEM00787,1,4.23
M00017,MEM00787,1,3.51
M00017,MEM00787,1,4.41
M00017,MEM00787,1,4.54
M00017,MEM00787,1,4.85
M00017,MEM00391,1,4.83
M00017,MEM00391,1,3.37
M00017,MEM00391,1,3.64
M00017,MEM00391,1,4.51
M00017,MEM00391,1,4.51
M00017,MEM00391,1,4.51
M00017,MEM00391,1,5.0
M00017,EXT00284,0,4.54
M00017,EXT00284,0,4.88
M00017,EXT00284,0,4.77
M00017,EXT00284,0,4.59
M00017,EXT00284,0,4.01
M00017,EXT00284,0,4.66
M00017,EXT00284,0,3.74
M00017,EXT00056,0,4.06
M00017,EXT00056,0,3.91
M00017,EXT00056,0,4.25
M00017,EXT00056,0,5.0
M00017,EXT00056,0,3.08
M00017,EXT00056,0,4.61
M00017,EXT00056,0,3.23
M00018,MEM00315,1,3.92
M00018,MEM00315,1,4.85
M00018,MEM00315,1,4.24
M00018,MEM00315,1,3.55
M00018,MEM00315,1,3.77
M00018,MEM00315,1,4.61
M00018,MEM00315,1,3.76
M00018,MEM00333,1,4.33
M00018,MEM00333,1,4.23
M00018,MEM00333,1,3.81
M00018,MEM00333,1,5.0
M00018,MEM00333,1,4.58
M00018,MEM00333,1,2.98
M00018,MEM00333,1,4.31
M00018,EXT00291,0,3.8
M00018,EXT00291,0,4.71
M00018,EXT00291,0,3.72
M00018,EXT00291,0,4.13
M00018,EXT00291,0,4.5
M00018,EXT00291,0,4.72
M00018,EXT00291,0,3.48
M00018,EXT00282,0,4.0
M00018,EXT00282,0,3.92
M00018,EXT00282,0,3.81
M00018,EXT00282,0,5.0
M00018,EXT00282,0,4.44
M00018,EXT00282,0,3.44
M00018,EXT00282,0,4.75
M00019,MEM00121,1,5.0
M00019,MEM00121,1,4.82
M00019,MEM00121,1,3.29
M00019,MEM00121,1,3.91
M00019,MEM00121,1,4.96
M00019,MEM00121,1,3.78
M00019,MEM00121,1,4.47
M00019,MEM00107,1,4.66
M00019,MEM00107,1,3.64
M00019,MEM00107,1,4.16
M00019,MEM00107,1,2.26
M00019,MEM00107,1,3.59
M00019,MEM00107,1,4.05
M00019,MEM00107,1,3.45
M00019,MEM00791,1,5.0
M00019,MEM00791,1,3.34
M00019,MEM00791,1,3.94
M00019,MEM00791,1,4.28
M00019,MEM00791,1,5.0
M00019,MEM00791,1,3.34
M00019,MEM00791,1,4.9
M00019,EXT00295,0,4.21
M00019,EXT00295,0,3.61
M00019,EXT00295,0,4.48
M00019,EXT00295,0,4.32
M00019,EXT00295,0,3.84
M00019,EXT00295,0,4.24
M00019,EXT00295,0,3.97
M00020,MEM00459,1,0.0
M00020,MEM00459,1,0.0
M00020,MEM00459,1,0.0
M00020,MEM00459,1,0.0
M00020,MEM00459,1,0.0
M00020,MEM00459,1,0.0
M00020,MEM00459,1,0.0
M00021,MEM00083,1,4.27
M00021,MEM00083,1,4.6
M00021,MEM00083,1,5.0
M00021,MEM00083,1,3.46
M00021,MEM00083,1,5.0
M00021,MEM00083,1,3.03
M00021,MEM00083,1,4.11
M00021,MEM00211,1,4.55
M00021,MEM00211,1,4.37
M00021,MEM00211,1,3.83
M00021,MEM00211,1,4.08
M00021,MEM00211,1,3.9
M00021,MEM00211,1,3.85
M00021,MEM00211,1,4.71
M00021,MEM00714,1,4.41
M00021,MEM00714,1,3.78
M00021,MEM00714,1,4.74
M00021,MEM00714,1,4.38
M00021,MEM00714,1,4.69
M00021,MEM00714,1,4.58
M00021,MEM00714,1,3.7
M00021,MEM00077,1,3.86
M00021,MEM00077,1,4.65
M00021,MEM00077,1,4.57
M00021,MEM00077,1,4.19
M00021,MEM00077,1,4.27
M00021,MEM00077,1,4.97
M00021,MEM00077,1,3.85
M00022,MEM00174,1,0.0
M00022,MEM00174,1,0.0
M00022,MEM00174,1,0.0
M00022,MEM00174,1,0.0
M00022,MEM00174,1,0.0
M00022,MEM00174,1,0.0
M00022,MEM00174,1,0.0
M00022,MEM00249,1,0.0
M00022,MEM00249,1,0.0
M00022,MEM00249,1,0.0
M00022,MEM00249,1,0.0
M00022,MEM00249,1,0.0
M00022,MEM00249,1,0.0
M00022,MEM00249,1,0.0
M00022,EXT00135,0,0.0
M00022,EXT00135,0,0.0
M00022,EXT00135,0,0.0
M00022,EXT00135,0,0.0
M00022,EXT00135,0,0.0
M00022,EXT00135,0,0.0
M00022,EXT00135,0,0.0
M00022,EXT00086,0,0.0
M00022,EXT00086,0,0.0
M00022,EXT00086,0,0.0
M00022,EXT00086,0,0.0
M00022,EXT00086,0,0.0
M00022,EXT00086,0,0.0
M00022,EXT00086,0,0.0
M00023,MEM00069,1,0.0
M00023,MEM00069,1,0.0
M00023,MEM00069,1,0.0
M00023,MEM00069,1,0.0
M00023,MEM00069,1,0.0
M00023,MEM00069,1,0.0
M00023,MEM00069,1,0.0
M00023,MEM00410,1,0.0
M00023,MEM00410,1,0.0
M00023,MEM00410,1,0.0
M00023,MEM00410,1,0.0
M00023,MEM00410,1,0.0
M00023,MEM00410,1,0.0
M00023,MEM00410,1,0.0
M00023,MEM00072,1,0.0
M00023,MEM00072,1,0.0
M00023,MEM00072,1,0.0
M00023,MEM00072,1,0.0
M00023,MEM00072,1,0.0
M00023,MEM00072,1,0.0
M00023,MEM00072,1,0.0
M00023,EXT00320,0,0.0
M00023,EXT00320,0,0.0
M00023,EXT00320,0,0.0
M00023,EXT00320,0,0.0
M00023,EXT00320,0,0.0
M00023,EXT00320,0,0.0
M00023,EXT00320,0,0.0
M00024,MEM00204,1,0.0
M00024,MEM00204,1,0.0
M00024,MEM00204,1,0.0
M00024,MEM00204,1,0.0
M00024,MEM00204,1,0.0
M00024,MEM00204,1,0.0
M00024,MEM00204,1,0.0
M00024,EXT00215,0,0.0
M00024,EXT00215,0,0.0
M00024,EXT00215,0,0.0
M00024,EXT00215,0,0.0
M00024,EXT00215,0,0.0
M00024,EXT00215,0,0.0
M00024,EXT00215,0,0.0
M00025,MEM00702,1,0.0
M00025,MEM00702,1,0.0
M00025,MEM00702,1,0.0
M00025,MEM00702,1,0.0
M00025,MEM00702,1,0.0
M00025,MEM00702,1,0.0
M00025,MEM00702,1,0.0
M00026,MEM00506,1,4.53
M00026,MEM00506,1,4.08
M00026,MEM00506,1,4.07
M00026,MEM00506,1,4.86
M00026,MEM00506,1,4.7
M00026,MEM00506,1,4.69
M00026,MEM00506,1,4.98
M00026,MEM00420,1,4.21
M00026,MEM00420,1,4.61
M00026,MEM00420,1,4.01
M00026,MEM00420,1,4.39
M00026,MEM00420,1,4.12
M00026,MEM00420,1,4.26
M00026,MEM00420,1,4.56
M00028,MEM00253,1,0.0
M00028,MEM00253,1,0.0
M00028,MEM00253,1,0.0
M00028,MEM00253,1,0.0
M00028,MEM00253,1,0.0
M00028,MEM00253,1,0.0
M00028,MEM00253,1,0.0
M00028,MEM00250,1,0.0
M00028,MEM00250,1,0.0
M00028,MEM00250,1,0.0
M00028,MEM00250,1,0.0
M00028,MEM00250,1,0.0
M00028,MEM00250,1,0.0
M00028,MEM00250,1,0.0
M00028,EXT00399,0,0.0
M00028,EXT00399,0,0.0
M00028,EXT00399,0,0.0
M00028,EXT00399,0,0.0
M00028,EXT00399,0,0.0
M00028,EXT00399,0,0.0
M00028,EXT00399,0,0.0
M00028,EXT00270,0,0.0
M00028,EXT00270,0,0.0
M00028,EXT00270,0,0.0
M00028,EXT00270,0,0.0
M00028,EXT00270,0,0.0
M00028,EXT00270,0,0.0
M00028,EXT00270,0,0.0
M00029,MEM00522,1,0.0
M00029,MEM00522,1,0.0
M00029,MEM00522,1,0.0
M00029,MEM00522,1,0.0
M00029,MEM00522,1,0.0
M00029,MEM00522,1,0.0
M00029,MEM00522,1,0.0
M00029,MEM00435,1,0.0
M00029,MEM00435,1,0.0
M00029,MEM00435,1,0.0
M00029,MEM00435,1,0.0
M00029,MEM00435,1,0.0
M00029,MEM00435,1,0.0
M00029,MEM00435,1,0.0
M00030,MEM00373,1,3.71
M00030,MEM00373,1,5.0
M00030,MEM00373,1,3.6
M00030,MEM00373,1,3.47
M00030,MEM00373,1,4.89
M00030,MEM00373,1,4.67
M00030,MEM00373,1,4.57
M00030,MEM00584,1,4.58
M00030,MEM00584,1,4.19
M00030,MEM00584,1,3.66
M00030,MEM00584,1,4.25
M00030,MEM00584,1,3.79
M00030,MEM00584,1,4.79
M00030,MEM00584,1,4.11
M00032,MEM00162,1,3.7
M00032,MEM00162,1,4.01
M00032,MEM00162,1,4.45
M00032,MEM00162,1,3.86
M00032,MEM00162,1,3.71
M00032,MEM00162,1,4.35
M00032,MEM00162,1,4.35
M00032,MEM00437,1,3.9
M00032,MEM00437,1,3.92
M00032,MEM00437,1,4.34
M00032,MEM00437,1,3.33
M00032,MEM00437,1,3.36
M00032,MEM00437,1,3.77
M00032,MEM00437,1,4.07
M00032,MEM00765,1,4.39
M00032,MEM00765,1,5.0
M00032,MEM00765,1,4.71
M00032,MEM00765,1,4.1
M00032,MEM00765,1,4.19
M00032,MEM00765,1,3.6
M00032,MEM00765,1,4.19
M00032,MEM00065,1,4.03
M00032,MEM00065,1,4.39
M00032,MEM00065,1,3.7
M00032,MEM00065,1,4.51
M00032,MEM00065,1,5.0
M00032,MEM00065,1,4.13
M00032,MEM00065,1,4.44
M00033,MEM00555,1,4.61
M00033,MEM00555,1,3.96
M00033,MEM00555,1,4.33
M00033,MEM00555,1,4.21
M00033,MEM00555,1,4.26
M00033,MEM00555,1,3.74
M00033,MEM00555,1,4.21
M00033,MEM00180,1,4.5
M00033,MEM00180,1,5.0
M00033,MEM00180,1,4.78
M00033,MEM00180,1,5.0
M00033,MEM00180,1,3.74
M00033,MEM00180,1,4.72
M00033,MEM00180,1,4.31
M00033,EXT00214,0,5.0
M00033,EXT00214,0,3.72
M00033,EXT00214,0,3.7
M00033,EXT00214,0,3.84
M00033,EXT00214,0,2.93
M00033,EXT00214,0,3.88
M00033,EXT00214,0,3.74
M00033,EXT00041,0,4.29
M00033,EXT00041,0,4.41
M00033,EXT00041,0,5.0
M00033,EXT00041,0,4.77
M00033,EXT00041,0,3.85
M00033,EXT00041,0,3.66
M00033,EXT00041,0,4.5
M00034,MEM00361,1,0.0
M00034,MEM00361,1,0.0
M00034,MEM00361,1,0.0
M00034,MEM00361,1,0.0
M00034,MEM00361,1,0.0
M00034,MEM00361,1,0.0
M00034,MEM00361,1,0.0
M00036,MEM00606,1,0.0
M00036,MEM00606,1,0.0
M00036,MEM00606,1,0.0
M00036,MEM00606,1,0.0
M00036,MEM00606,1,0.0
M00036,MEM00606,1,0.0
M00036,MEM00606,1,0.0
M00036,EXT00132,0,0.0
M00036,EXT00132,0,0.0
M00036,EXT00132,0,0.0
M00036,EXT00132,0,0.0
M00036,EXT00132,0,0.0
M00036,EXT00132,0,0.0
M00036,EXT00132,0,0.0
M00036,EXT00268,0,0.0
M00036,EXT00268,0,0.0
M00036,EXT00268,0,0.0
M00036,EXT00268,0,0.0
M00036,EXT00268,0,0.0
M00036,EXT00268,0,0.0
M00036,EXT00268,0,0.0
M00037,MEM00630,1,0.0
M00037,MEM00630,1,0.0
M00037,MEM00630,1,0.0
M00037,MEM00630,1,0.0
M00037,MEM00630,1,0.0
M00037,MEM00630,1,0.0
M00037,MEM00630,1,0.0
M00038,MEM00751,1,0.0
M00038,MEM00751,1,0.0
M00038,MEM00751,1,0.0
M00038,MEM00751,1,0.0
M00038,MEM00751,1,0.0
M00038,MEM00751,1,0.0
M00038,MEM00751,1,0.0
M00039,MEM00207,1,0.0
M00039,MEM00207,1,0.0
M00039,MEM00207,1,0.0
M00039,MEM00207,1,0.0
M00039,MEM00207,1,0.0
M00039,MEM00207,1,0.0
M00039,MEM00207,1,0.0
M00039,MEM00312,1,0.0
M00039,MEM00312,1,0.0
M00039,MEM00312,1,0.0
M00039,MEM00312,1,0.0
M00039,MEM00312,1,0.0
M00039,MEM00312,1,0.0
M00039,MEM00312,1,0.0
M00040,MEM00141,1,3.41
M00040,MEM00141,1,5.0
M00040,MEM00141,1,4.91
M00040,MEM00141,1,3.92
M00040,MEM00141,1,3.17
M00040,MEM00141,1,5.0
M00040,MEM00141,1,4.13
M00040,EXT00398,0,4.94
M00040,EXT00398,0,3.24
M00040,EXT00398,0,3.84
M00040,EXT00398,0,4.2
M00040,EXT00398,0,4.23
M00040,EXT00398,0,3.93
M00040,EXT00398,0,4.57
M00041,MEM00750,1,3.56
M00041,MEM00750,1,4.11
M00041,MEM00750,1,4.27
M00041,MEM00750,1,4.51
M00041,MEM00750,1,4.63
M00041,MEM00750,1,3.53
M00041,MEM00750,1,3.28
M00041,MEM00422,1,4.97
M00041,MEM00422,1,4.4
M00041,MEM00422,1,3.75
M00041,MEM00422,1,5.0
M00041,MEM00422,1,4.27
M00041,MEM00422,1,4.91
M00041,MEM00422,1,4.24
M00042,MEM00668,1,5.0
M00042,MEM00668,1,5.0
M00042,MEM00668,1,4.05
M00042,MEM00668,1,4.78
M00042,MEM00668,1,4.59
M00042,MEM00668,1,5.0
M00042,MEM00668,1,3.62
M00042,MEM00412,1,4.61
M00042,MEM00412,1,4.84
M00042,MEM00412,1,3.14
M00042,MEM00412,1,3.49
M00042,MEM00412,1,2.98
M00042,MEM00412,1,4.04
M00042,MEM00412,1,4.63
M00042,EXT00249,0,5.0
M00042,EXT00249,0,4.24
M00042,EXT00249,0,5.0
M00042,EXT00249,0,3.37
M00042,EXT00249,0,3.18
M00042,EXT00249,0,4.17
M00042,EXT00249,0,4.43
M00042,EXT00037,0,4.18
M00042,EXT00037,0,2.96
M00042,EXT00037,0,4.15
M00042,EXT00037,0,3.42
M00042,EXT00037,0,4.6
M00042,EXT00037,0,4.42
M00042,EXT00037,0,3.64
M00043,MEM00606,1,0.0
M00043,MEM00606,1,0.0
M00043,MEM00606,1,0.0
M00043,MEM00606,1,0.0
M00043,MEM00606,1,0.0
M00043,MEM00606,1,0.0
M00043,MEM00606,1,0.0
M00044,MEM00120,1,0.0
M00044,MEM00120,1,0.0
M00044,MEM00120,1,0.0
M00044,MEM00120,1,0.0
M00044,MEM00120,1,0.0
M00044,MEM00120,1,0.0
M00044,MEM00120,1,0.0
M00046,MEM00655,1,0.0
M00046,MEM00655,1,0.0
M00046,MEM00655,1,0.0
M00046,MEM00655,1,0.0
M00046,MEM00655,1,0.0
M00046,MEM00655,1,0.0
M00046,MEM00655,1,0.0
M00046,MEM00623,1,0.0
M00046,MEM00623,1,0.0
M00046,MEM00623,1,0.0
M00046,MEM00623,1,0.0
M00046,MEM00623,1,0.0
M00046,MEM00623,1,0.0
M00046,MEM00623,1,0.0
M00047,MEM00210,1,3.89
M00047,MEM00210,1,3.56
M00047,MEM00210,1,4.16
M00047,MEM00210,1,4.77
M00047,MEM00210,1,3.61
M00047,MEM00210,1,4.5
M00047,MEM00210,1,3.88
M00047,MEM00037,1,3.72
M00047,MEM00037,1,4.14
M00047,MEM00037,1,3.58
M00047,MEM00037,1,3.87
M00047,MEM00037,1,3.48
M00047,MEM00037,1,5.0
M00047,MEM00037,1,4.22
M00047,MEM00572,1,3.78
M00047,MEM00572,1,4.33
M00047,MEM00572,1,4.13
M00047,MEM00572,1,4.07
M00047,MEM00572,1,4.57
M00047,MEM00572,1,4.65
M00047,MEM00572,1,3.88
M00047,MEM00235,1,3.85
M00047,MEM00235,1,4.03
M00047,MEM00235,1,2.82
M00047,MEM00235,1,3.29
M00047,MEM00235,1,5.0
M00047,MEM00235,1,5.0
M00047,MEM00235,1,4.05
M00049,MEM00280,1,4.55
M00049,MEM00280,1,4.39
M00049,MEM00280,1,5.0
M00049,MEM00280,1,4.87
M00049,MEM00280,1,4.12
M00049,MEM00280,1,3.63
M00049,MEM00280,1,3.24
M00049,EXT00037,0,4.32
M00049,EXT00037,0,3.75
M00049,EXT00037,0,3.35
M00049,EXT00037,0,3.81
M00049,EXT00037,0,3.55
M00049,EXT00037,0,5.0
M00049,EXT00037,0,4.73
M00050,MEM00756,1,0.0
M00050,MEM00756,1,0.0
M00050,MEM00756,1,0.0
M00050,MEM00756,1,0.0
M00050,MEM00756,1,0.0
M00050,MEM00756,1,0.0
M00050,MEM00756,1,0.0
M00050,MEM00429,1,0.0
M00050,MEM00429,1,0.0
M00050,MEM00429,1,0.0
M00050,MEM00429,1,0.0
M00050,MEM00429,1,0.0
M00050,MEM00429,1,0.0
M00050,MEM00429,1,0.0
M00051,MEM00235,1,4.2
M00051,MEM00235,1,5.0
M00051,MEM00235,1,4.25
M00051,MEM00235,1,3.68
M00051,MEM00235,1,5.0
M00051,MEM00235,1,4.52
M00051,MEM00235,1,3.58
M00051,EXT00156,0,4.09
M00051,EXT00156,0,3.67
M00051,EXT00156,0,3.37
M00051,EXT00156,0,4.76
M00051,EXT00156,0,5.0
M00051,EXT00156,0,3.36
M00051,EXT00156,0,4.54
M00052,EXT00177,0,0.0
M00052,EXT00177,0,0.0
M00052,EXT00177,0,0.0
M00052,EXT00177,0,0.0
M00052,EXT00177,0,0.0
M00052,EXT00177,0,0.0
M00052,EXT00177,0,0.0
M00053,MEM00477,1,0.0
M00053,MEM00477,1,0.0
M00053,MEM00477,1,0.0
M00053,MEM00477,1,0.0
M00053,MEM00477,1,0.0
M00053,MEM00477,1,0.0
M00053,MEM00477,1,0.0
M00053,EXT00209,0,0.0
M00053,EXT00209,0,0.0
M00053,EXT00209,0,0.0
M00053,EXT00209,0,0.0
M00053,EXT00209,0,0.0
M00053,EXT00209,0,0.0
M00053,EXT00209,0,0.0
M00054,EXT00365,0,3.81
M00054,EXT00365,0,3.91
M00054,EXT00365,0,3.84
M00054,EXT00365,0,3.68
M00054,EXT00365,0,4.23
M00054,EXT00365,0,3.7
M00054,EXT00365,0,4.36
M00054,EXT00201,0,4.17
M00054,EXT00201,0,4.06
M00054,EXT00201,0,3.66
M00054,EXT00201,0,3.85
M00054,EXT00201,0,4.65
M00054,EXT00201,0,4.5
M00054,EXT00201,0,3.61
M00056,EXT00398,0,0.0
M00056,EXT00398,0,0.0
M00056,EXT00398,0,0.0
M00056,EXT00398,0,0.0
M00056,EXT00398,0,0.0
M00056,EXT00398,0,0.0
M00056,EXT00398,0,0.0
M00057,MEM00678,1,4.26
M00057,MEM00678,1,4.65
M00057,MEM00678,1,3.2
M00057,MEM00678,1,4.53
M00057,MEM00678,1,3.8
M00057,MEM00678,1,4.54
M00057,MEM00678,1,3.74
M00057,EXT00081,0,3.12
M00057,EXT00081,0,3.22
M00057,EXT00081,0,4.23
M00057,EXT00081,0,4.36
M00057,EXT00081,0,3.66
M00057,EXT00081,0,4.58
M00057,EXT00081,0,3.2
M00058,MEM00756,1,4.16
M00058,MEM00756,1,3.47
M00058,MEM00756,1,3.81
M00058,MEM00756,1,4.23
M00058,MEM00756,1,3.68
M00058,MEM00756,1,3.97
M00058,MEM00756,1,4.8
M00058,MEM00114,1,3.85
M00058,MEM00114,1,4.7
M00058,MEM00114,1,3.52
M00058,MEM00114,1,4.52
M00058,MEM00114,1,5.0
M00058,MEM00114,1,2.72
M00058,MEM00114,1,3.72
M00059,MEM00651,1,4.55
M00059,MEM00651,1,4.08
M00059,MEM00651,1,4.42
M00059,MEM00651,1,3.84
M00059,MEM00651,1,4.25
M00059,MEM00651,1,4.11
M00059,MEM00651,1,4.9
M00059,MEM00701,1,4.35
M00059,MEM00701,1,4.4
M00059,MEM00701,1,3.95
M00059,MEM00701,1,3.91
M00059,MEM00701,1,3.94
M00059,MEM00701,1,4.44
M00059,MEM00701,1,3.95
M00059,MEM00295,1,4.37
M00059,MEM00295,1,5.0
M00059,MEM00295,1,4.72
M00059,MEM00295,1,4.0
M00059,MEM00295,1,4.92
M00059,MEM00295,1,3.96
M00059,MEM00295,1,2.98
M00059,MEM00692,1,3.6
M00059,MEM00692,1,3.08
M00059,MEM00692,1,3.99
M00059,MEM00692,1,4.21
M00059,MEM00692,1,5.0
M00059,MEM00692,1,4.4
M00059,MEM00692,1,4.07
M00060,MEM00642,1,0.0
M00060,MEM00642,1,0.0
M00060,MEM00642,1,0.0
M00060,MEM00642,1,0.0
M00060,MEM00642,1,0.0
M00060,MEM00642,1,0.0
M00060,MEM00642,1,0.0
M00061,MEM00625,1,4.7
M00061,MEM00625,1,2.87
M00061,MEM00625,1,4.34
M00061,MEM00625,1,4.66
M00061,MEM00625,1,3.31
M00061,MEM00625,1,4.89
M00061,MEM00625,1,4.4
M00061,MEM00235,1,3.95
M00061,MEM00235,1,4.58
M00061,MEM00235,1,5.0
M00061,MEM00235,1,4.31
M00061,MEM00235,1,4.35
M00061,MEM00235,1,3.92
M00061,MEM00235,1,3.69
M00062,MEM00079,1,0.0
M00062,MEM00079,1,0.0
M00062,MEM00079,1,0.0
M00062,MEM00079,1,0.0
M00062,MEM00079,1,0.0
M00062,MEM00079,1,0.0
M00062,MEM00079,1,0.0
M00062,EXT00158,0,0.0
M00062,EXT00158,0,0.0
M00062,EXT00158,0,0.0
M00062,EXT00158,0,0.0
M00062,EXT00158,0,0.0
M00062,EXT00158,0,0.0
M00062,EXT00158,0,0.0
M00063,MEM00160,1,0.0
M00063,MEM00160,1,0.0
M00063,MEM00160,1,0.0
M00063,MEM00160,1,0.0
M00063,MEM00160,1,0.0
M00063,MEM00160,1,0.0
M00063,MEM00160,1,0.0
M00064,MEM00562,1,0.0
M00064,MEM00562,1,0.0
M00064,MEM00562,1,0.0
M00064,MEM00562,1,0.0
M00064,MEM00562,1,0.0
M00064,MEM00562,1,0.0
M00064,MEM00562,1,0.0
M00065,MEM00267,1,4.7
M00065,MEM00267,1,3.69
M00065,MEM00267,1,4.24
M00065,MEM00267,1,3.91
M00065,MEM00267,1,4.49
M00065,MEM00267,1,4.4
M00065,MEM00267,1,4.82
M00065,MEM00775,1,3.89
M00065,MEM00775,1,4.04
M00065,MEM00775,1,3.61
M00065,MEM00775,1,3.93
M00065,MEM00775,1,4.43
M00065,MEM00775,1,4.65
M00065,MEM00775,1,3.65
M00066,MEM00498,1,4.72
M00066,MEM00498,1,5.0
M00066,MEM00498,1,4.45
M00066,MEM00498,1,5.0
M00066,MEM00498,1,3.74
M00066,MEM00498,1,3.45
M00066,MEM00498,1,3.13
M00066,EXT00328,0,5.0
M00066,EXT00328,0,4.59
M00066,EXT00328,0,4.17
M00066,EXT00328,0,4.37
M00066,EXT00328,0,3.52
M00066,EXT00328,0,5.0
M00066,EXT00328,0,4.28
M00067,MEM00123,1,0.0
M00067,MEM00123,1,0.0
M00067,MEM00123,1,0.0
M00067,MEM00123,1,0.0
M00067,MEM00123,1,0.0
M00067,MEM00123,1,0.0
M00067,MEM00123,1,0.0
M00068,MEM00686,1,0.0
M00068,MEM00686,1,0.0
M00068,MEM00686,1,0.0
M00068,MEM00686,1,0.0
M00068,MEM00686,1,0.0
M00068,MEM00686,1,0.0
M00068,MEM00686,1,0.0
M00069,MEM00479,1,4.27
M00069,MEM00479,1,4.64
M00069,MEM00479,1,4.49
M00069,MEM00479,1,4.33
M00069,MEM00479,1,3.73
M00069,MEM00479,1,4.48
M00069,MEM00479,1,5.0
M00069,MEM00743,1,5.0
M00069,MEM00743,1,5.0
M00069,MEM00743,1,3.89
M00069,MEM00743,1,3.61
M00069,MEM00743,1,4.12
M00069,MEM00743,1,4.23
M00069,MEM00743,1,4.86
M00069,MEM00385,1,3.18
M00069,MEM00385,1,5.0
M00069,MEM00385,1,4.11
M00069,MEM00385,1,3.94
M00069,MEM00385,1,3.59
M00069,MEM00385,1,3.21
M00069,MEM00385,1,4.69
M00069,EXT00310,0,4.24
M00069,EXT00310,0,3.43
M00069,EXT00310,0,3.42
M00069,EXT00310,0,4.0
M00069,EXT00310,0,5.0
M00069,EXT00310,0,4.04
M00069,EXT00310,0,3.3
M00070,MEM00160,1,4.05
M00070,MEM00160,1,4.04
M00070,MEM00160,1,2.58
M00070,MEM00160,1,4.17
M00070,MEM00160,1,4.06
M00070,MEM00160,1,4.62
M00070,MEM00160,1,5.0
M00070,MEM00394,1,4.88
M00070,MEM00394,1,4.04
M00070,MEM00394,1,3.54
M00070,MEM00394,1,5.0
M00070,MEM00394,1,4.24
M00070,MEM00394,1,4.21
M00070,MEM00394,1,4.19
M00071,MEM00285,1,4.32
M00071,MEM00285,1,4.11
M00071,MEM00285,1,3.86
M00071,MEM00285,1,3.87
M00071,MEM00285,1,4.18
M00071,MEM00285,1,3.87
M00071,MEM00285,1,3.77
M00071,MEM00136,1,4.26
M00071,MEM00136,1,4.05
M00071,MEM00136,1,5.0
M00071,MEM00136,1,2.61
M00071,MEM00136,1,4.85
M00071,MEM00136,1,4.95
M00071,MEM00136,1,2.96
M00071,MEM00312,1,3.99
M00071,MEM00312,1,3.98
M00071,MEM00312,1,3.36
M00071,MEM00312,1,3.73
M00071,MEM00312,1,3.53
M00071,MEM00312,1,5.0
M00071,MEM00312,1,4.76
M00071,MEM00071,1,4.96
M00071,MEM00071,1,4.63
M00071,MEM00071,1,3.52
M00071,MEM00071,1,3.89
M00071,MEM00071,1,4.49
M00071,MEM00071,1,3.47
M00071,MEM00071,1,4.63
M00072,MEM00768,1,4.06
M00072,MEM00768,1,3.98
M00072,MEM00768,1,4.63
M00072,MEM00768,1,4.47
M00072,MEM00768,1,3.98
M00072,MEM00768,1,4.9
M00072,MEM00768,1,3.55
M00072,MEM00027,1,4.57
M00072,MEM00027,1,4.56
M00072,MEM00027,1,4.01
M00072,MEM00027,1,4.4
M00072,MEM00027,1,3.45
M00072,MEM00027,1,4.75
M00072,MEM00027,1,4.09
M00072,MEM00126,1,3.89
M00072,MEM00126,1,4.83
M00072,MEM00126,1,3.78
M00072,MEM00126,1,3.35
M00072,MEM00126,1,3.27
M00072,MEM00126,1,4.56
M00072,MEM00126,1,3.43
M00072,EXT00220,0,5.0
M00072,EXT00220,0,2.95
M00072,EXT00220,0,5.0
M00072,EXT00220,0,4.33
M00072,EXT00220,0,4.14
M00072,EXT00220,0,3.87
M00072,EXT00220,0,4.44
M00073,MEM00770,1,4.18
M00073,MEM00770,1,4.86
M00073,MEM00770,1,4.27
M00073,MEM00770,1,4.29
M00073,MEM00770,1,3.98
M00073,MEM00770,1,4.17
M00073,MEM00770,1,4.38
M00073,EXT00168,0,3.17
M00073,EXT00168,0,3.39
M00073,EXT00168,0,4.65
M00073,EXT00168,0,4.3
M00073,EXT00168,0,4.09
M00073,EXT00168,0,4.21
M00073,EXT00168,0,4.41
M00073,EXT00115,0,3.88
M00073,EXT00115,0,3.73
M00073,EXT00115,0,4.32
M00073,EXT00115,0,3.61
M00073,EXT00115,0,4.44
M00073,EXT00115,0,3.18
M00073,EXT00115,0,4.82
M00073,EXT00205,0,4.48
M00073,EXT00205,0,4.35
M00073,EXT00205,0,4.79
M00073,EXT00205,0,5.0
M00073,EXT00205,0,4.81
M00073,EXT00205,0,3.1
M00073,EXT00205,0,3.43
M00074,MEM00498,1,3.83
M00074,MEM00498,1,4.22
M00074,MEM00498,1,4.51
M00074,MEM00498,1,3.76
M00074,MEM00498,1,4.31
M00074,MEM00498,1,3.75
M00074,MEM00498,1,3.83
M00074,MEM00186,1,3.36
M00074,MEM00186,1,3.65
M00074,MEM00186,1,3.39
M00074,MEM00186,1,3.61
M00074,MEM00186,1,4.83
M00074,MEM00186,1,3.63
M00074,MEM00186,1,5.0
M00074,MEM00107,1,4.5
M00074,MEM00107,1,4.31
M00074,MEM00107,1,3.68
M00074,MEM00107,1,4.62
M00074,MEM00107,1,3.85
M00074,MEM00107,1,4.27
M00074,MEM00107,1,5.0
M00074,MEM00350,1,4.14
M00074,MEM00350,1,4.89
M00074,MEM00350,1,3.78
M00074,MEM00350,1,4.18
M00074,MEM00350,1,5.0
M00074,MEM00350,1,3.82
M00074,MEM00350,1,5.0
M00075,MEM00480,1,4.62
M00075,MEM00480,1,3.86
M00075,MEM00480,1,4.58
M00075,MEM00480,1,4.78
M00075,MEM00480,1,4.57
M00075,MEM00480,1,3.26
M00075,MEM00480,1,3.76
M00075,MEM00140,1,4.05
M00075,MEM00140,1,4.16
M00075,MEM00140,1,4.57
M00075,MEM00140,1,4.31
M00075,MEM00140,1,3.4
M00075,MEM00140,1,4.43
M00075,MEM00140,1,4.57
M00075,MEM00066,1,4.54
M00075,MEM00066,1,4.85
M00075,MEM00066,1,4.7
M00075,MEM00066,1,4.48
M00075,MEM00066,1,4.16
M00075,MEM00066,1,3.2
M00075,MEM00066,1,4.46
M00075,MEM00505,1,4.32
M00075,MEM00505,1,4.36
M00075,MEM00505,1,3.43
M00075,MEM00505,1,3.55
M00075,MEM00505,1,4.83
M00075,MEM00505,1,4.18
M00075,MEM00505,1,4.61
M00076,MEM00623,1,0.0
M00076,MEM00623,1,0.0
M00076,MEM00623,1,0.0
M00076,MEM00623,1,0.0
M00076,MEM00623,1,0.0
M00076,MEM00623,1,0.0
M00076,MEM00623,1,0.0
M00077,MEM00367,1,4.22
M00077,MEM00367,1,4.22
M00077,MEM00367,1,4.76
M00077,MEM00367,1,3.89
M00077,MEM00367,1,4.26
M00077,MEM00367,1,3.92
M00077,MEM00367,1,3.94
M00077,EXT00023,0,4.01
M00077,EXT00023,0,4.33
M00077,EXT00023,0,3.91
M00077,EXT00023,0,4.95
M00077,EXT00023,0,3.66
M00077,EXT00023,0,4.09
M00077,EXT00023,0,3.94
M00078,EXT00400,0,0.0
M00078,EXT00400,0,0.0
M00078,EXT00400,0,0.0
M00078,EXT00400,0,0.0
M00078,EXT00400,0,0.0
M00078,EXT00400,0,0.0
M00078,EXT00400,0,0.0
M00079,MEM00061,1,0.0
M00079,MEM00061,1,0.0
M00079,MEM00061,1,0.0
M00079,MEM00061,1,0.0
M00079,MEM00061,1,0.0
M00079,MEM00061,1,0.0
M00079,MEM00061,1,0.0
M00080,MEM00785,1,0.0
M00080,MEM00785,1,0.0
M00080,MEM00785,1,0.0
M00080,MEM00785,1,0.0
M00080,MEM00785,1,0.0
M00080,MEM00785,1,0.0
M00080,MEM00785,1,0.0
M00080,MEM00562,1,0.0
M00080,MEM00562,1,0.0
M00080,MEM00562,1,0.0
M00080,MEM00562,1,0.0
M00080,MEM00562,1,0.0
M00080,MEM00562,1,0.0
M00080,MEM00562,1,0.0
M00080,EXT00090,0,0.0
M00080,EXT00090,0,0.0
M00080,EXT00090,0,0.0
M00080,EXT00090,0,0.0
M00080,EXT00090,0,0.0
M00080,EXT00090,0,0.0
M00080,EXT00090,0,0.0
M00081,MEM00104,1,5.0
M00081,MEM00104,1,4.32
M00081,MEM00104,1,4.82
M00081,MEM00104,1,3.31
M00081,MEM00104,1,4.36
M00081,MEM00104,1,4.73
M00081,MEM00104,1,4.25
M00081,MEM00115,1,4.84
M00081,MEM00115,1,3.89
M00081,MEM00115,1,5.0
M00081,MEM00115,1,5.0
M00081,MEM00115,1,3.98
M00081,MEM00115,1,3.93
M00081,MEM00115,1,5.0
M00081,MEM00235,1,5.0
M00081,MEM00235,1,3.89
M00081,MEM00235,1,3.95
M00081,MEM00235,1,4.03
M00081,MEM00235,1,3.39
M00081,MEM00235,1,3.65
M00081,MEM00235,1,3.6
M00081,MEM00129,1,3.74
M00081,MEM00129,1,4.18
M00081,MEM00129,1,4.34
M00081,MEM00129,1,5.0
M00081,MEM00129,1,3.6
M00081,MEM00129,1,4.79
M00081,MEM00129,1,4.07
M00082,MEM00559,1,0.0
M00082,MEM00559,1,0.0
M00082,MEM00559,1,0.0
M00082,MEM00559,1,0.0
M00082,MEM00559,1,0.0
M00082,MEM00559,1,0.0
M00082,MEM00559,1,0.0
M00082,EXT00025,0,0.0
M00082,EXT00025,0,0.0
M00082,EXT00025,0,0.0
M00082,EXT00025,0,0.0
M00082,EXT00025,0,0.0
M00082,EXT00025,0,0.0
M00082,EXT00025,0,0.0
M00083,MEM00399,1,0.0
M00083,MEM00399,1,0.0
M00083,MEM00399,1,0.0
M00083,MEM00399,1,0.0
M00083,MEM00399,1,0.0
M00083,MEM00399,1,0.0
M00083,MEM00399,1,0.0
M00084,MEM00651,1,4.17
M00084,MEM00651,1,4.6
M00084,MEM00651,1,3.53
M00084,MEM00651,1,4.43
M00084,MEM00651,1,4.3
M00084,MEM00651,1,4.5
M00084,MEM00651,1,4.37
M00084,MEM00797,1,5.0
M00084,MEM00797,1,3.82
M00084,MEM00797,1,3.88
M00084,MEM00797,1,3.83
M00084,MEM00797,1,3.87
M00084,MEM00797,1,3.82
M00084,MEM00797,1,4.91
M00085,EXT00244,0,0.0
M00085,EXT00244,0,0.0
M00085,EXT00244,0,0.0
M00085,EXT00244,0,0.0
M00085,EXT00244,0,0.0
M00085,EXT00244,0,0.0
M00085,EXT00244,0,0.0
M00086,MEM00487,1,5.0
M00086,MEM00487,1,3.86
M00086,MEM00487,1,3.7
M00086,MEM00487,1,4.48
M00086,MEM00487,1,3.87
M00086,MEM00487,1,4.58
M00086,MEM00487,1,4.32
M00086,MEM00235,1,3.29
M00086,MEM00235,1,5.0
M00086,MEM00235,1,5.0
M00086,MEM00235,1,3.83
M00086,MEM00235,1,3.97
M00086,MEM00235,1,4.37
M00086,MEM00235,1,4.4
M00087,MEM00330,1,4.6
M00087,MEM00330,1,5.0
M00087,MEM00330,1,4.09
M00087,MEM00330,1,3.72
M00087,MEM00330,1,3.37
M00087,MEM00330,1,3.76
M00087,MEM00330,1,4.18
M00087,MEM00123,1,5.0
M00087,MEM00123,1,3.89
M00087,MEM00123,1,4.33
M00087,MEM00123,1,4.19
M00087,MEM00123,1,4.91
M00087,MEM00123,1,5.0
M00087,MEM00123,1,3.88
M00087,MEM00417,1,3.91
M00087,MEM00417,1,4.83
M00087,MEM00417,1,4.61
M00087,MEM00417,1,5.0
M00087,MEM00417,1,4.55
M00087,MEM00417,1,3.98
M00087,MEM00417,1,4.55
M00087,EXT00356,0,4.87
M00087,EXT00356,0,4.69
M00087,EXT00356,0,4.5
M00087,EXT00356,0,4.84
M00087,EXT00356,0,4.9
M00087,EXT00356,0,5.0
M00087,EXT00356,0,4.59
M00088,MEM00176,1,4.1
M00088,MEM00176,1,4.29
M00088,MEM00176,1,4.92
M00088,MEM00176,1,3.71
M00088,MEM00176,1,4.42
M00088,MEM00176,1,3.96
M00088,MEM00176,1,4.22
M00088,MEM00359,1,4.97
M00088,MEM00359,1,4.31
M00088,MEM00359,1,4.23
M00088,MEM00359,1,3.38
M00088,MEM00359,1,4.65
M00088,MEM00359,1,4.59
M00088,MEM00359,1,5.0
M00089,MEM00655,1,4.02
M00089,MEM00655,1,4.33
M00089,MEM00655,1,4.35
M00089,MEM00655,1,5.0
M00089,MEM00655,1,4.14
M00089,MEM00655,1,4.37
M00089,MEM00655,1,4.56
M00089,MEM00285,1,4.31
M00089,MEM00285,1,3.93
M00089,MEM00285,1,4.32
M00089,MEM00285,1,4.84
M00089,MEM00285,1,3.58
M00089,MEM00285,1,4.28
M00089,MEM00285,1,3.78
M00089,MEM00589,1,4.92
M00089,MEM00589,1,3.29
M00089,MEM00589,1,3.86
M00089,MEM00589,1,4.43
M00089,MEM00589,1,5.0
M00089,MEM00589,1,4.16
M00089,MEM00589,1,3.87
M00089,MEM00324,1,5.0
M00089,MEM00324,1,3.33
M00089,MEM00324,1,2.88
M00089,MEM00324,1,4.46
M00089,MEM00324,1,3.9
M00089,MEM00324,1,3.59
M00089,MEM00324,1,4.63
M00090,MEM00007,1,0.0
M00090,MEM00007,1,0.0
M00090,MEM00007,1,0.0
M00090,MEM00007,1,0.0
M00090,MEM00007,1,0.0
M00090,MEM00007,1,0.0
M00090,MEM00007,1,0.0
M00090,MEM00615,1,0.0
M00090,MEM00615,1,0.0
M00090,MEM00615,1,0.0
M00090,MEM00615,1,0.0
M00090,MEM00615,1,0.0
M00090,MEM00615,1,0.0
M00090,MEM00615,1,0.0
M00091,MEM00324,1,0.0
M00091,MEM00324,1,0.0
M00091,MEM00324,1,0.0
M00091,MEM00324,1,0.0
M00091,MEM00324,1,0.0
M00091,MEM00324,1,0.0
M00091,MEM00324,1,0.0
M00092,MEM00379,1,0.0
M00092,MEM00379,1,0.0
M00092,MEM00379,1,0.0
M00092,MEM00379,1,0.0
M00092,MEM00379,1,0.0
M00092,MEM00379,1,0.0
M00092,MEM00379,1,0.0
M00092,MEM00019,1,0.0
M00092,MEM00019,1,0.0
M00092,MEM00019,1,0.0
M00092,MEM00019,1,0.0
M00092,MEM00019,1,0.0
M00092,MEM00019,1,0.0
M00092,MEM00019,1,0.0
M00092,MEM00210,1,0.0
M00092,MEM00210,1,0.0
M00092,MEM00210,1,0.0
M00092,MEM00210,1,0.0
M00092,MEM00210,1,0.0
M00092,MEM00210,1,0.0
M00092,MEM00210,1,0.0
M00093,EXT00310,0,0.0
M00093,EXT00310,0,0.0
M00093,EXT00310,0,0.0
M00093,EXT00310,0,0.0
M00093,EXT00310,0,0.0
M00093,EXT00310,0,0.0
M00093,EXT00310,0,0.0
M00094,EXT00056,0,0.0
M00094,EXT00056,0,0.0
M00094,EXT00056,0,0.0
M00094,EXT00056,0,0.0
M00094,EXT00056,0,0.0
M00094,EXT00056,0,0.0
M00094,EXT00056,0,0.0
M00095,MEM00421,1,0.0
M00095,MEM00421,1,0.0
M00095,MEM00421,1,0.0
M00095,MEM00421,1,0.0
M00095,MEM00421,1,0.0
M00095,MEM00421,1,0.0
M00095,MEM00421,1,0.0
M00096,MEM00185,1,0.0
M00096,MEM00185,1,0.0
M00096,MEM00185,1,0.0
M00096,MEM00185,1,0.0
M00096,MEM00185,1,0.0
M00096,MEM00185,1,0.0
M00096,MEM00185,1,0.0
M00097,MEM00008,1,0.0
M00097,MEM00008,1,0.0
M00097,MEM00008,1,0.0
M00097,MEM00008,1,0.0
M00097,MEM00008,1,0.0
M00097,MEM00008,1,0.0
M00097,MEM00008,1,0.0
M00099,MEM00210,1,4.35
M00099,MEM00210,1,3.86
M00099,MEM00210,1,3.43
M00099,MEM00210,1,4.72
M00099,MEM00210,1,4.59
M00099,MEM00210,1,4.14
M00099,MEM00210,1,5.0
M00099,MEM00637,1,3.56
M00099,MEM00637,1,3.28
M00099,MEM00637,1,3.78
M00099,MEM00637,1,4.17
M00099,MEM00637,1,4.35
M00099,MEM00637,1,4.06
M00099,MEM00637,1,4.41
M00099,MEM00775,1,3.45
M00099,MEM00775,1,5.0
M00099,MEM00775,1,4.15
M00099,MEM00775,1,4.87
M00099,MEM00775,1,4.41
M00099,MEM00775,1,4.47
M00099,MEM00775,1,4.54
M00099,EXT00378,0,4.47
M00099,EXT00378,0,4.59
M00099,EXT00378,0,5.0
M00099,EXT00378,0,4.32
M00099,EXT00378,0,4.63
M00099,EXT00378,0,4.15
M00099,EXT00378,0,5.0
M00100,MEM00109,1,3.79
M00100,MEM00109,1,5.0
M00100,MEM00109,1,4.18
M00100,MEM00109,1,3.34
M00100,MEM00109,1,4.28
M00100,MEM00109,1,3.79
M00100,MEM00109,1,4.7
M00100,MEM00386,1,3.81
M00100,MEM00386,1,3.93
M00100,MEM00386,1,3.07
M00100,MEM00386,1,3.93
M00100,MEM00386,1,2.75
M00100,MEM00386,1,3.25
M00100,MEM00386,1,4.66
M00102,MEM00426,1,0.0
M00102,MEM00426,1,0.0
M00102,MEM00426,1,0.0
M00102,MEM00426,1,0.0
M00102,MEM00426,1,0.0
M00102,MEM00426,1,0.0
M00102,MEM00426,1,0.0
M00104,MEM00138,1,4.67
M00104,MEM00138,1,4.46
M00104,MEM00138,1,3.62
M00104,MEM00138,1,4.17
M00104,MEM00138,1,4.2
M00104,MEM00138,1,3.5
M00104,MEM00138,1,5.0
M00104,MEM00098,1,4.73
M00104,MEM00098,1,4.07
M00104,MEM00098,1,4.22
M00104,MEM00098,1,4.33
M00104,MEM00098,1,2.97
M00104,MEM00098,1,4.05
M00104,MEM00098,1,3.79
M00104,MEM00387,1,3.6
M00104,MEM00387,1,4.03
M00104,MEM00387,1,5.0
M00104,MEM00387,1,4.58
M00104,MEM00387,1,3.86
M00104,MEM00387,1,4.54
M00104,MEM00387,1,5.0
M00104,MEM00670,1,4.75
M00104,MEM00670,1,4.24
M00104,MEM00670,1,3.81
M00104,MEM00670,1,4.62
M00104,MEM00670,1,4.44
M00104,MEM00670,1,4.74
M00104,MEM00670,1,4.58
M00105,MEM00593,1,0.0
M00105,MEM00593,1,0.0
M00105,MEM00593,1,0.0
M00105,MEM00593,1,0.0
M00105,MEM00593,1,0.0
M00105,MEM00593,1,0.0
M00105,MEM00593,1,0.0
M00105,MEM00250,1,0.0
M00105,MEM00250,1,0.0
M00105,MEM00250,1,0.0
M00105,MEM00250,1,0.0
M00105,MEM00250,1,0.0
M00105,MEM00250,1,0.0
M00105,MEM00250,1,0.0
M00105,EXT00194,0,0.0
M00105,EXT00194,0,0.0
M00105,EXT00194,0,0.0
M00105,EXT00194,0,0.0
M00105,EXT00194,0,0.0
M00105,EXT00194,0,0.0
M00105,EXT00194,0,0.0
M00106,MEM00307,1,0.0
M00106,MEM00307,1,0.0
M00106,MEM00307,1,0.0
M00106,MEM00307,1,0.0
M00106,MEM00307,1,0.0
M00106,MEM00307,1,0.0
M00106,MEM00307,1,0.0
M00106,MEM00290,1,0.0
M00106,MEM00290,1,0.0
M00106,MEM00290,1,0.0
M00106,MEM00290,1,0.0
M00106,MEM00290,1,0.0
M00106,MEM00290,1,0.0
M00106,MEM00290,1,0.0
M00106,EXT00185,0,0.0
M00106,EXT00185,0,0.0
M00106,EXT00185,0,0.0
M00106,EXT00185,0,0.0
M00106,EXT00185,0,0.0
M00106,EXT00185,0,0.0
M00106,EXT00185,0,0.0
M00107,MEM00624,1,0.0
M00107,MEM00624,1,0.0
M00107,MEM00624,1,0.0
M00107,MEM00624,1,0.0
M00107,MEM00624,1,0.0
M00107,MEM00624,1,0.0
M00107,MEM00624,1,0.0
M00107,MEM00712,1,0.0
M00107,MEM00712,1,0.0
M00107,MEM00712,1,0.0
M00107,MEM00712,1,0.0
M00107,MEM00712,1,0.0
M00107,MEM00712,1,0.0
M00107,MEM00712,1,0.0
M00107,MEM00763,1,0.0
M00107,MEM00763,1,0.0
M00107,MEM00763,1,0.0
M00107,MEM00763,1,0.0
M00107,MEM00763,1,0.0
M00107,MEM00763,1,0.0
M00107,MEM00763,1,0.0
M00107,EXT00117,0,0.0
M00107,EXT00117,0,0.0
M00107,EXT00117,0,0.0
M00107,EXT00117,0,0.0
M00107,EXT00117,0,0.0
M00107,EXT00117,0,0.0
M00107,EXT00117,0,0.0
M00109,MEM00553,1,0.0
M00109,MEM00553,1,0.0
M00109,MEM00553,1,0.0
M00109,MEM00553,1,0.0
M00109,MEM00553,1,0.0
M00109,MEM00553,1,0.0
M00109,MEM00553,1,0.0
M00110,MEM00346,1,4.83
M00110,MEM00346,1,3.88
M00110,MEM00346,1,4.99
M00110,MEM00346,1,4.32
M00110,MEM00346,1,5.0
M00110,MEM00346,1,3.79
M00110,MEM00346,1,5.0
M00110,EXT00095,0,4.32
M00110,EXT00095,0,3.81
M00110,EXT00095,0,3.91
M00110,EXT00095,0,4.01
M00110,EXT00095,0,4.45
M00110,EXT00095,0,4.51
M00110,EXT00095,0,3.86
M00111,MEM00668,1,4.19
M00111,MEM00668,1,5.0
M00111,MEM00668,1,5.0
M00111,MEM00668,1,4.46
M00111,MEM00668,1,4.22
M00111,MEM00668,1,4.27
M00111,MEM00668,1,4.57
M00111,MEM00041,1,3.59
M00111,MEM00041,1,4.05
M00111,MEM00041,1,3.2
M00111,MEM00041,1,4.44
M00111,MEM00041,1,4.59
M00111,MEM00041,1,3.91
M00111,MEM00041,1,5.0
M00111,EXT00359,0,3.46
M00111,EXT00359,0,3.32
M00111,EXT00359,0,4.33
M00111,EXT00359,0,4.83
M00111,EXT00359,0,5.0
M00111,EXT00359,0,3.92
M00111,EXT00359,0,4.85
M00111,EXT00187,0,4.18
M00111,EXT00187,0,4.1
M00111,EXT00187,0,4.73
M00111,EXT00187,0,4.59
M00111,EXT00187,0,3.25
M00111,EXT00187,0,5.0
M00111,EXT00187,0,5.0
M00112,MEM00519,1,3.82
M00112,MEM00519,1,4.44
M00112,MEM00519,1,4.5
M00112,MEM00519,1,4.36
M00112,MEM00519,1,3.87
M00112,MEM00519,1,3.8
M00112,MEM00519,1,4.18
M00112,MEM00495,1,4.9
M00112,MEM00495,1,4.53
M00112,MEM00495,1,3.98
M00112,MEM00495,1,4.66
M00112,MEM00495,1,2.49
M00112,MEM00495,1,4.89
M00112,MEM00495,1,3.16
M00113,MEM00716,1,3.98
M00113,MEM00716,1,3.53
M00113,MEM00716,1,3.42
M00113,MEM00716,1,4.9
M00113,MEM00716,1,3.92
M00113,MEM00716,1,4.41
M00113,MEM00716,1,4.17
M00113,MEM00479,1,4.49
M00113,MEM00479,1,4.25
M00113,MEM00479,1,3.43
M00113,MEM00479,1,4.8
M00113,MEM00479,1,3.9
M00113,MEM00479,1,3.27
M00113,MEM00479,1,3.94
M00113,MEM00495,1,5.0
M00113,MEM00495,1,4.71
M00113,MEM00495,1,3.99
M00113,MEM00495,1,3.99
M00113,MEM00495,1,4.01
M00113,MEM00495,1,5.0
M00113,MEM00495,1,4.43
M00113,EXT00026,0,4.46
M00113,EXT00026,0,4.82
M00113,EXT00026,0,4.34
M00113,EXT00026,0,4.04
M00113,EXT00026,0,4.08
M00113,EXT00026,0,4.16
M00113,EXT00026,0,4.18
M00114,MEM00410,1,0.0
M00114,MEM00410,1,0.0
M00114,MEM00410,1,0.0
M00114,MEM00410,1,0.0
M00114,MEM00410,1,0.0
M00114,MEM00410,1,0.0
M00114,MEM00410,1,0.0
M00115,MEM00138,1,4.64
M00115,MEM00138,1,4.23
M00115,MEM00138,1,4.64
M00115,MEM00138,1,4.15
M00115,MEM00138,1,4.25
M00115,MEM00138,1,3.0
M00115,MEM00138,1,4.75
M00115,EXT00301,0,4.41
M00115,EXT00301,0,4.8
M00115,EXT00301,0,2.46
M00115,EXT00301,0,5.0
M00115,EXT00301,0,4.12
M00115,EXT00301,0,4.86
M00115,EXT00301,0,3.58
M00116,MEM00044,1,4.57
M00116,MEM00044,1,3.57
M00116,MEM00044,1,3.83
M00116,MEM00044,1,5.0
M00116,MEM00044,1,4.09
M00116,MEM00044,1,4.33
M00116,MEM00044,1,4.72
M00116,MEM00083,1,4.5
M00116,MEM00083,1,4.29
M00116,MEM00083,1,4.42
M00116,MEM00083,1,5.0
M00116,MEM00083,1,4.17
M00116,MEM00083,1,4.32
M00116,MEM00083,1,4.83
M00116,MEM00544,1,4.86
M00116,MEM00544,1,4.91
M00116,MEM00544,1,4.58
M00116,MEM00544,1,3.51
M00116,MEM00544,1,5.0
M00116,MEM00544,1,3.51
M00116,MEM00544,1,4.38
M00116,MEM00400,1,3.75
M00116,MEM00400,1,4.16
M00116,MEM00400,1,4.4
M00116,MEM00400,1,4.39
M00116,MEM00400,1,4.45
M00116,MEM00400,1,5.0
M00116,MEM00400,1,4.47
M00117,MEM00578,1,4.05
M00117,MEM00578,1,4.78
M00117,MEM00578,1,4.91
M00117,MEM00578,1,3.46
M00117,MEM00578,1,4.56
M00117,MEM00578,1,4.62
M00117,MEM00578,1,4.02
M00117,MEM00072,1,5.0
M00117,MEM00072,1,4.11
M00117,MEM00072,1,4.28
M00117,MEM00072,1,4.1
M00117,MEM00072,1,4.21
M00117,MEM00072,1,3.54
M00117,MEM00072,1,3.34
M00118,MEM00008,1,5.0
M00118,MEM00008,1,3.69
M00118,MEM00008,1,3.61
M00118,MEM00008,1,2.91
M00118,MEM00008,1,3.82
M00118,MEM00008,1,3.41
M00118,MEM00008,1,5.0
M00118,MEM00072,1,4.81
M00118,MEM00072,1,3.79
M00118,MEM00072,1,5.0
M00118,MEM00072,1,4.79
M00118,MEM00072,1,4.01
M00118,MEM00072,1,2.7
M00118,MEM00072,1,5.0
M00120,MEM00764,1,0.0
M00120,MEM00764,1,0.0
M00120,MEM00764,1,0.0
M00120,MEM00764,1,0.0
M00120,MEM00764,1,0.0
M00120,MEM00764,1,0.0
M00120,MEM00764,1,0.0
M00120,EXT00132,0,0.0
M00120,EXT00132,0,0.0
M00120,EXT00132,0,0.0
M00120,EXT00132,0,0.0
M00120,EXT00132,0,0.0
M00120,EXT00132,0,0.0
M00120,EXT00132,0,0.0
M00120,EXT00301,0,0.0
M00120,EXT00301,0,0.0
M00120,EXT00301,0,0.0
M00120,EXT00301,0,0.0
M00120,EXT00301,0,0.0
M00120,EXT00301,0,0.0
M00120,EXT00301,0,0.0
M00121,MEM00226,1,0.0
M00121,MEM00226,1,0.0
M00121,MEM00226,1,0.0
M00121,MEM00226,1,0.0
M00121,MEM00226,1,0.0
M00121,MEM00226,1,0.0
M00121,MEM00226,1,0.0
M00122,MEM00271,1,0.0
M00122,MEM00271,1,0.0
M00122,MEM00271,1,0.0
M00122,MEM00271,1,0.0
M00122,MEM00271,1,0.0
M00122,MEM00271,1,0.0
M00122,MEM00271,1,0.0
M00123,MEM00618,1,0.0
M00123,MEM00618,1,0.0
M00123,MEM00618,1,0.0
M00123,MEM00618,1,0.0
M00123,MEM00618,1,0.0
M00123,MEM00618,1,0.0
M00123,MEM00618,1,0.0
M00123,MEM00521,1,0.0
M00123,MEM00521,1,0.0
M00123,MEM00521,1,0.0
M00123,MEM00521,1,0.0
M00123,MEM00521,1,0.0
M00123,MEM00521,1,0.0
M00123,MEM00521,1,0.0
M00123,EXT00076,0,0.0
M00123,EXT00076,0,0.0
M00123,EXT00076,0,0.0
M00123,EXT00076,0,0.0
M00123,EXT00076,0,0.0
M00123,EXT00076,0,0.0
M00123,EXT00076,0,0.0
M00124,MEM00160,1,3.37
M00124,MEM00160,1,3.21
M00124,MEM00160,1,4.81
M00124,MEM00160,1,5.0
M00124,MEM00160,1,5.0
M00124,MEM00160,1,4.54
M00124,MEM00160,1,4.56
M00124,MEM00098,1,4.71
M00124,MEM00098,1,4.66
M00124,MEM00098,1,4.37
M00124,MEM00098,1,4.26
M00124,MEM00098,1,4.16
M00124,MEM00098,1,3.75
M00124,MEM00098,1,4.03
M00126,MEM00210,1,0.0
M00126,MEM00210,1,0.0
M00126,MEM00210,1,0.0
M00126,MEM00210,1,0.0
M00126,MEM00210,1,0.0
M00126,MEM00210,1,0.0
M00126,MEM00210,1,0.0
M00126,MEM00615,1,0.0
M00126,MEM00615,1,0.0
M00126,MEM00615,1,0.0
M00126,MEM00615,1,0.0
M00126,MEM00615,1,0.0
M00126,MEM00615,1,0.0
M00126,MEM00615,1,0.0
M00126,MEM00520,1,0.0
M00126,MEM00520,1,0.0
M00126,MEM00520,1,0.0
M00126,MEM00520,1,0.0
M00126,MEM00520,1,0.0
M00126,MEM00520,1,0.0
M00126,MEM00520,1,0.0
M00127,MEM00021,1,0.0
M00127,MEM00021,1,0.0
M00127,MEM00021,1,0.0
M00127,MEM00021,1,0.0
M00127,MEM00021,1,0.0
M00127,MEM00021,1,0.0
M00127,MEM00021,1,0.0
M00128,MEM00082,1,0.0
M00128,MEM00082,1,0.0
M00128,MEM00082,1,0.0
M00128,MEM00082,1,0.0
M00128,MEM00082,1,0.0
M00128,MEM00082,1,0.0
M00128,MEM00082,1,0.0
M00129,MEM00226,1,0.0
M00129,MEM00226,1,0.0
M00129,MEM00226,1,0.0
M00129,MEM00226,1,0.0
M00129,MEM00226,1,0.0
M00129,MEM00226,1,0.0
M00129,MEM00226,1,0.0
M00129,MEM00770,1,0.0
M00129,MEM00770,1,0.0
M00129,MEM00770,1,0.0
M00129,MEM00770,1,0.0
M00129,MEM00770,1,0.0
M00129,MEM00770,1,0.0
M00129,MEM00770,1,0.0
M00130,MEM00297,1,3.18
M00130,MEM00297,1,4.14
M00130,MEM00297,1,3.61
M00130,MEM00297,1,3.54
M00130,MEM00297,1,4.31
M00130,MEM00297,1,5.0
M00130,MEM00297,1,4.75
M00130,MEM00489,1,3.26
M00130,MEM00489,1,3.61
M00130,MEM00489,1,4.76
M00130,MEM00489,1,3.61
M00130,MEM00489,1,4.07
M00130,MEM00489,1,4.53
M00130,MEM00489,1,3.62
M00130,MEM00615,1,4.26
M00130,MEM00615,1,3.4
M00130,MEM00615,1,3.84
M00130,MEM00615,1,4.39
M00130,MEM00615,1,3.24
M00130,MEM00615,1,4.46
M00130,MEM00615,1,4.19
M00130,EXT00081,0,4.53
M00130,EXT00081,0,4.33
M00130,EXT00081,0,5.0
M00130,EXT00081,0,4.28
M00130,EXT00081,0,3.94
M00130,EXT00081,0,4.27
M00130,EXT00081,0,4.53
M00131,MEM00115,1,0.0
M00131,MEM00115,1,0.0
M00131,MEM00115,1,0.0
M00131,MEM00115,1,0.0
M00131,MEM00115,1,0.0
M00131,MEM00115,1,0.0
M00131,MEM00115,1,0.0
M00133,MEM00479,1,0.0
M00133,MEM00479,1,0.0
M00133,MEM00479,1,0.0
M00133,MEM00479,1,0.0
M00133,MEM00479,1,0.0
M00133,MEM00479,1,0.0
M00133,MEM00479,1,0.0
M00133,MEM00618,1,0.0
M00133,MEM00618,1,0.0
M00133,MEM00618,1,0.0
M00133,MEM00618,1,0.0
M00133,MEM00618,1,0.0
M00133,MEM00618,1,0.0
M00133,MEM00618,1,0.0
M00134,MEM00502,1,0.0
M00134,MEM00502,1,0.0
M00134,MEM00502,1,0.0
M00134,MEM00502,1,0.0
M00134,MEM00502,1,0.0
M00134,MEM00502,1,0.0
M00134,MEM00502,1,0.0
M00135,MEM00419,1,4.23
M00135,MEM00419,1,4.22
M00135,MEM00419,1,3.78
M00135,MEM00419,1,3.8
M00135,MEM00419,1,3.36
M00135,MEM00419,1,5.0
M00135,MEM00419,1,3.45
M00135,EXT00020,0,3.78
M00135,EXT00020,0,3.77
M00135,EXT00020,0,4.74
M00135,EXT00020,0,4.02
M00135,EXT00020,0,4.95
M00135,EXT00020,0,3.8
M00135,EXT00020,0,4.37
M00137,MEM00770,1,0.0
M00137,MEM00770,1,0.0
M00137,MEM00770,1,0.0
M00137,MEM00770,1,0.0
M00137,MEM00770,1,0.0
M00137,MEM00770,1,0.0
M00137,MEM00770,1,0.0
M00138,MEM00632,1,0.0
M00138,MEM00632,1,0.0
M00138,MEM00632,1,0.0
M00138,MEM00632,1,0.0
M00138,MEM00632,1,0.0
M00138,MEM00632,1,0.0
M00138,MEM00632,1,0.0
M00139,MEM00222,1,3.7
M00139,MEM00222,1,5.0
M00139,MEM00222,1,3.49
M00139,MEM00222,1,4.39
M00139,MEM00222,1,4.58
M00139,MEM00222,1,4.45
M00139,MEM00222,1,4.09
M00139,MEM00781,1,4.12
M00139,MEM00781,1,4.23
M00139,MEM00781,1,4.11
M00139,MEM00781,1,4.78
M00139,MEM00781,1,5.0
M00139,MEM00781,1,3.87
M00139,MEM00781,1,3.38
M00139,MEM00461,1,4.15
M00139,MEM00461,1,5.0
M00139,MEM00461,1,3.72
M00139,MEM00461,1,5.0
M00139,MEM00461,1,5.0
M00139,MEM00461,1,3.87
M00139,MEM00461,1,4.54
M00139,MEM00478,1,5.0
M00139,MEM00478,1,3.97
M00139,MEM00478,1,4.08
M00139,MEM00478,1,3.85
M00139,MEM00478,1,3.59
M00139,MEM00478,1,3.81
M00139,MEM00478,1,3.47
M00140,MEM00649,1,0.0
M00140,MEM00649,1,0.0
M00140,MEM00649,1,0.0
M00140,MEM00649,1,0.0
M00140,MEM00649,1,0.0
M00140,MEM00649,1,0.0
M00140,MEM00649,1,0.0
M00140,MEM00516,1,0.0
M00140,MEM00516,1,0.0
M00140,MEM00516,1,0.0
M00140,MEM00516,1,0.0
M00140,MEM00516,1,0.0
M00140,MEM00516,1,0.0
M00140,MEM00516,1,0.0
M00140,MEM00604,1,0.0
M00140,MEM00604,1,0.0
M00140,MEM00604,1,0.0
M00140,MEM00604,1,0.0
M00140,MEM00604,1,0.0
M00140,MEM00604,1,0.0
M00140,MEM00604,1,0.0
M00142,MEM00257,1,0.0
M00142,MEM00257,1,0.0
M00142,MEM00257,1,0.0
M00142,MEM00257,1,0.0
M00142,MEM00257,1,0.0
M00142,MEM00257,1,0.0
M00142,MEM00257,1,0.0
M00142,MEM00121,1,0.0
M00142,MEM00121,1,0.0
M00142,MEM00121,1,0.0
M00142,MEM00121,1,0.0
M00142,MEM00121,1,0.0
M00142,MEM00121,1,0.0
M00142,MEM00121,1,0.0
M00143,MEM00754,1,0.0
M00143,MEM00754,1,0.0
M00143,MEM00754,1,0.0
M00143,MEM00754,1,0.0
M00143,MEM00754,1,0.0
M00143,MEM00754,1,0.0
M00143,MEM00754,1,0.0
M00144,MEM00285,1,0.0
M00144,MEM00285,1,0.0
M00144,MEM00285,1,0.0
M00144,MEM00285,1,0.0
M00144,MEM00285,1,0.0
M00144,MEM00285,1,0.0
M00144,MEM00285,1,0.0
M00144,MEM00196,1,0.0
M00144,MEM00196,1,0.0
M00144,MEM00196,1,0.0
M00144,MEM00196,1,0.0
M00144,MEM00196,1,0.0
M00144,MEM00196,1,0.0
M00144,MEM00196,1,0.0
M00145,MEM00337,1,4.22
M00145,MEM00337,1,3.74
M00145,MEM00337,1,4.34
M00145,MEM00337,1,3.27
M00145,MEM00337,1,4.4
M00145,MEM00337,1,4.7
M00145,MEM00337,1,3.0
M00145,MEM00350,1,4.42
M00145,MEM00350,1,4.94
M00145,MEM00350,1,3.47
M00145,MEM00350,1,5.0
M00145,MEM00350,1,4.45
M00145,MEM00350,1,3.78
M00145,MEM00350,1,4.17
M00145,EXT00243,0,4.53
M00145,EXT00243,0,4.25
M00145,EXT00243,0,4.52
M00145,EXT00243,0,3.65
M00145,EXT00243,0,4.3
M00145,EXT00243,0,3.35
M00145,EXT00243,0,4.13
M00145,EXT00369,0,3.66
M00145,EXT00369,0,3.76
M00145,EXT00369,0,4.94
M00145,EXT00369,0,4.85
M00145,EXT00369,0,4.57
M00145,EXT00369,0,3.54
M00145,EXT00369,0,4.01
M00146,MEM00178,1,0.0
M00146,MEM00178,1,0.0
M00146,MEM00178,1,0.0
M00146,MEM00178,1,0.0
M00146,MEM00178,1,0.0
M00146,MEM00178,1,0.0
M00146,MEM00178,1,0.0
M00146,MEM00210,1,0.0
M00146,MEM00210,1,0.0
M00146,MEM00210,1,0.0
M00146,MEM00210,1,0.0
M00146,MEM00210,1,0.0
M00146,MEM00210,1,0.0
M00146,MEM00210,1,0.0
M00146,MEM00115,1,0.0
M00146,MEM00115,1,0.0
M00146,MEM00115,1,0.0
M00146,MEM00115,1,0.0
M00146,MEM00115,1,0.0
M00146,MEM00115,1,0.0
M00146,MEM00115,1,0.0
M00146,EXT00356,0,0.0
M00146,EXT00356,0,0.0
M00146,EXT00356,0,0.0
M00146,EXT00356,0,0.0
M00146,EXT00356,0,0.0
M00146,EXT00356,0,0.0
M00146,EXT00356,0,0.0
M00147,MEM00221,1,4.93
M00147,MEM00221,1,4.29
M00147,MEM00221,1,5.0
M00147,MEM00221,1,4.44
M00147,MEM00221,1,4.32
M00147,MEM00221,1,4.01
M00147,MEM00221,1,4.28
M00147,MEM00502,1,4.11
M00147,MEM00502,1,4.62
M00147,MEM00502,1,4.77
M00147,MEM00502,1,3.73
M00147,MEM00502,1,3.4
M00147,MEM00502,1,3.1
M00147,MEM00502,1,4.5
M00147,EXT00325,0,3.54
M00147,EXT00325,0,2.91
M00147,EXT00325,0,4.43
M00147,EXT00325,0,5.0
M00147,EXT00325,0,4.2
M00147,EXT00325,0,4.7
M00147,EXT00325,0,4.25
M00147,EXT00343,0,4.14
M00147,EXT00343,0,4.75
M00147,EXT00343,0,4.03
M00147,EXT00343,0,4.36
M00147,EXT00343,0,4.39
M00147,EXT00343,0,3.8
M00147,EXT00343,0,4.8
M00148,MEM00671,1,0.0
M00148,MEM00671,1,0.0
M00148,MEM00671,1,0.0
M00148,MEM00671,1,0.0
M00148,MEM00671,1,0.0
M00148,MEM00671,1,0.0
M00148,MEM00671,1,0.0
M00149,MEM00739,1,0.0
M00149,MEM00739,1,0.0
M00149,MEM00739,1,0.0
M00149,MEM00739,1,0.0
M00149,MEM00739,1,0.0
M00149,MEM00739,1,0.0
M00149,MEM00739,1,0.0
M00150,MEM00210,1,0.0
M00150,MEM00210,1,0.0
M00150,MEM00210,1,0.0
M00150,MEM00210,1,0.0
M00150,MEM00210,1,0.0
M00150,MEM00210,1,0.0
M00150,MEM00210,1,0.0
M00151,MEM00606,1,4.1
M00151,MEM00606,1,3.75
M00151,MEM00606,1,4.52
M00151,MEM00606,1,3.66
M00151,MEM00606,1,4.22
M00151,MEM00606,1,4.19
M00151,MEM00606,1,4.85
M00151,MEM00368,1,4.48
M00151,MEM00368,1,4.18
M00151,MEM00368,1,4.69
M00151,MEM00368,1,5.0
M00151,MEM00368,1,4.53
M00151,MEM00368,1,4.21
M00151,MEM00368,1,3.41
M00152,MEM00619,1,3.56
M00152,MEM00619,1,4.02
M00152,MEM00619,1,3.83
M00152,MEM00619,1,4.09
M00152,MEM00619,1,4.23
M00152,MEM00619,1,4.52
M00152,MEM00619,1,4.16
M00152,MEM00668,1,4.49
M00152,MEM00668,1,4.24
M00152,MEM00668,1,3.01
M00152,MEM00668,1,3.64
M00152,MEM00668,1,4.11
M00152,MEM00668,1,3.47
M00152,MEM00668,1,4.56
M00152,MEM00584,1,5.0
M00152,MEM00584,1,4.93
M00152,MEM00584,1,4.07
M00152,MEM00584,1,5.0
M00152,MEM00584,1,4.29
M00152,MEM00584,1,4.0
M00152,MEM00584,1,3.83
M00152,EXT00263,0,4.02
M00152,EXT00263,0,3.97
M00152,EXT00263,0,4.3
M00152,EXT00263,0,4.3
M00152,EXT00263,0,4.2
M00152,EXT00263,0,4.46
M00152,EXT00263,0,4.91
M00153,MEM00424,1,0.0
M00153,MEM00424,1,0.0
M00153,MEM00424,1,0.0
M00153,MEM00424,1,0.0
M00153,MEM00424,1,0.0
M00153,MEM00424,1,0.0
M00153,MEM00424,1,0.0
M00153,MEM00786,1,0.0
M00153,MEM00786,1,0.0
M00153,MEM00786,1,0.0
M00153,MEM00786,1,0.0
M00153,MEM00786,1,0.0
M00153,MEM00786,1,0.0
M00153,MEM00786,1,0.0
M00153,MEM00163,1,0.0
M00153,MEM00163,1,0.0
M00153,MEM00163,1,0.0
M00153,MEM00163,1,0.0
M00153,MEM00163,1,0.0
M00153,MEM00163,1,0.0
M00153,MEM00163,1,0.0
M00154,MEM00123,1,4.77
M00154,MEM00123,1,3.31
M00154,MEM00123,1,2.67
M00154,MEM00123,1,4.76
M00154,MEM00123,1,3.38
M00154,MEM00123,1,4.07
M00154,MEM00123,1,3.5
M00154,MEM00048,1,3.12
M00154,MEM00048,1,4.52
M00154,MEM00048,1,4.66
M00154,MEM00048,1,3.85
M00154,MEM00048,1,2.65
M00154,MEM00048,1,3.87
M00154,MEM00048,1,4.44
M00154,MEM00756,1,3.31
M00154,MEM00756,1,4.31
M00154,MEM00756,1,4.19
M00154,MEM00756,1,4.55
M00154,MEM00756,1,4.27
M00154,MEM00756,1,3.62
M00154,MEM00756,1,4.92
M00154,MEM00154,1,4.1
M00154,MEM00154,1,4.18
M00154,MEM00154,1,3.64
M00154,MEM00154,1,3.93
M00154,MEM00154,1,3.67
M00154,MEM00154,1,4.1
M00154,MEM00154,1,5.0
M00155,MEM00183,1,3.38
M00155,MEM00183,1,3.23
M00155,MEM00183,1,5.0
M00155,MEM00183,1,4.07
M00155,MEM00183,1,3.8
M00155,MEM00183,1,4.82
M00155,MEM00183,1,3.84
M00155,MEM00651,1,5.0
M00155,MEM00651,1,4.61
M00155,MEM00651,1,3.91
M00155,MEM00651,1,5.0
M00155,MEM00651,1,3.84
M00155,MEM00651,1,4.65
M00155,MEM00651,1,4.38
M00155,MEM00396,1,4.98
M00155,MEM00396,1,5.0
M00155,MEM00396,1,4.22
M00155,MEM00396,1,3.75
M00155,MEM00396,1,4.48
M00155,MEM00396,1,3.79
M00155,MEM00396,1,5.0
M00155,MEM00584,1,4.28
M00155,MEM00584,1,3.98
M00155,MEM00584,1,4.31
M00155,MEM00584,1,3.39
M00155,MEM00584,1,3.62
M00155,MEM00584,1,4.92
M00155,MEM00584,1,3.81
M00156,MEM00668,1,0.0
M00156,MEM00668,1,0.0
M00156,MEM00668,1,0.0
M00156,MEM00668,1,0.0
M00156,MEM00668,1,0.0
M00156,MEM00668,1,0.0
M00156,MEM00668,1,0.0
M00157,MEM00587,1,3.57
M00157,MEM00587,1,4.52
M00157,MEM00587,1,4.91
M00157,MEM00587,1,4.63
M00157,MEM00587,1,4.8
M00157,MEM00587,1,3.75
M00157,MEM00587,1,3.35
M00157,EXT00215,0,5.0
M00157,EXT00215,0,4.01
M00157,EXT00215,0,4.05
M00157,EXT00215,0,5.0
M00157,EXT00215,0,4.53
M00157,EXT00215,0,4.47
M00157,EXT00215,0,5.0
M00158,MEM00468,1,0.0
M00158,MEM00468,1,0.0
M00158,MEM00468,1,0.0
M00158,MEM00468,1,0.0
M00158,MEM00468,1,0.0
M00158,MEM00468,1,0.0
M00158,MEM00468,1,0.0
M00159,MEM00227,1,3.81
M00159,MEM00227,1,4.76
M00159,MEM00227,1,4.23
M00159,MEM00227,1,4.36
M00159,MEM00227,1,5.0
M00159,MEM00227,1,4.5
M00159,MEM00227,1,4.52
M00159,MEM00398,1,4.84
M00159,MEM00398,1,3.98
M00159,MEM00398,1,3.7
M00159,MEM00398,1,3.57
M00159,MEM00398,1,3.02
M00159,MEM00398,1,5.0
M00159,MEM00398,1,3.54
M00160,MEM00438,1,0.0
M00160,MEM00438,1,0.0
M00160,MEM00438,1,0.0
M00160,MEM00438,1,0.0
M00160,MEM00438,1,0.0
M00160,MEM00438,1,0.0
M00160,MEM00438,1,0.0
M00160,MEM00554,1,0.0
M00160,MEM00554,1,0.0
M00160,MEM00554,1,0.0
M00160,MEM00554,1,0.0
M00160,MEM00554,1,0.0
M00160,MEM00554,1,0.0
M00160,MEM00554,1,0.0
M00160,MEM00495,1,0.0
M00160,MEM00495,1,0.0
M00160,MEM00495,1,0.0
M00160,MEM00495,1,0.0
M00160,MEM00495,1,0.0
M00160,MEM00495,1,0.0
M00160,MEM00495,1,0.0
M00160,MEM00696,1,0.0
M00160,MEM00696,1,0.0
M00160,MEM00696,1,0.0
M00160,MEM00696,1,0.0
M00160,MEM00696,1,0.0
M00160,MEM00696,1,0.0
M00160,MEM00696,1,0.0
M00161,MEM00149,1,4.07
M00161,MEM00149,1,4.03
M00161,MEM00149,1,4.38
M00161,MEM00149,1,4.69
M00161,MEM00149,1,4.72
M00161,MEM00149,1,3.85
M00161,MEM00149,1,4.1
M00161,MEM00611,1,4.37
M00161,MEM00611,1,4.05
M00161,MEM00611,1,5.0
M00161,MEM00611,1,4.49
M00161,MEM00611,1,4.64
M00161,MEM00611,1,4.6
M00161,MEM00611,1,4.9
M00162,MEM00007,1,4.31
M00162,MEM00007,1,3.42
M00162,MEM00007,1,4.44
M00162,MEM00007,1,3.81
M00162,MEM00007,1,3.88
M00162,MEM00007,1,4.55
M00162,MEM00007,1,4.94
M00162,MEM00370,1,4.21
M00162,MEM00370,1,4.39
M00162,MEM00370,1,5.0
M00162,MEM00370,1,4.34
M00162,MEM00370,1,5.0
M00162,MEM00370,1,4.54
M00162,MEM00370,1,3.14
M00163,MEM00210,1,4.65
M00163,MEM00210,1,4.43
M00163,MEM00210,1,4.97
M00163,MEM00210,1,4.6
M00163,MEM00210,1,4.12
M00163,MEM00210,1,3.47
M00163,MEM00210,1,4.07
M00163,EXT00295,0,3.69
M00163,EXT00295,0,3.85
M00163,EXT00295,0,4.55
M00163,EXT00295,0,5.0
M00163,EXT00295,0,4.44
M00163,EXT00295,0,3.48
M00163,EXT00295,0,4.47
M00163,EXT00398,0,4.92
M00163,EXT00398,0,3.83
M00163,EXT00398,0,4.12
M00163,EXT00398,0,4.21
M00163,EXT00398,0,3.73
M00163,EXT00398,0,4.59
M00163,EXT00398,0,4.13
M00163,EXT00042,0,4.45
M00163,EXT00042,0,3.67
M00163,EXT00042,0,3.94
M00163,EXT00042,0,4.63
M00163,EXT00042,0,3.98
M00163,EXT00042,0,5.0
M00163,EXT00042,0,3.96
M00166,MEM00180,1,0.0
M00166,MEM00180,1,0.0
M00166,MEM00180,1,0.0
M00166,MEM00180,1,0.0
M00166,MEM00180,1,0.0
M00166,MEM00180,1,0.0
M00166,MEM00180,1,0.0
M00166,MEM00313,1,0.0
M00166,MEM00313,1,0.0
M00166,MEM00313,1,0.0
M00166,MEM00313,1,0.0
M00166,MEM00313,1,0.0
M00166,MEM00313,1,0.0
M00166,MEM00313,1,0.0
M00166,MEM00633,1,0.0
M00166,MEM00633,1,0.0
M00166,MEM00633,1,0.0
M00166,MEM00633,1,0.0
M00166,MEM00633,1,0.0
M00166,MEM00633,1,0.0
M00166,MEM00633,1,0.0
M00167,MEM00433,1,0.0
M00167,MEM00433,1,0.0
M00167,MEM00433,1,0.0
M00167,MEM00433,1,0.0
M00167,MEM00433,1,0.0
M00167,MEM00433,1,0.0
M00167,MEM00433,1,0.0
M00167,MEM00588,1,0.0
M00167,MEM00588,1,0.0
M00167,MEM00588,1,0.0
M00167,MEM00588,1,0.0
M00167,MEM00588,1,0.0
M00167,MEM00588,1,0.0
M00167,MEM00588,1,0.0
M00167,EXT00245,0,0.0
M00167,EXT00245,0,0.0
M00167,EXT00245,0,0.0
M00167,EXT00245,0,0.0
M00167,EXT00245,0,0.0
M00167,EXT00245,0,0.0
M00167,EXT00245,0,0.0
M00168,MEM00168,1,4.33
M00168,MEM00168,1,4.76
M00168,MEM00168,1,3.35
M00168,MEM00168,1,3.14
M00168,MEM00168,1,3.28
M00168,MEM00168,1,4.96
M00168,MEM00168,1,3.87
M00168,MEM00623,1,5.0
M00168,MEM00623,1,3.86
M00168,MEM00623,1,4.31
M00168,MEM00623,1,5.0
M00168,MEM00623,1,5.0
M00168,MEM00623,1,5.0
M00168,MEM00623,1,4.93
M00168,MEM00429,1,4.81
M00168,MEM00429,1,4.56
M00168,MEM00429,1,4.67
M00168,MEM00429,1,3.87
M00168,MEM00429,1,3.71
M00168,MEM00429,1,4.2
M00168,MEM00429,1,4.1
M00168,MEM00274,1,3.93
M00168,MEM00274,1,4.62
M00168,MEM00274,1,4.77
M00168,MEM00274,1,4.25
M00168,MEM00274,1,5.0
M00168,MEM00274,1,3.51
M00168,MEM00274,1,4.08
M00169,MEM00004,1,3.77
M00169,MEM00004,1,3.08
M00169,MEM00004,1,4.15
M00169,MEM00004,1,4.13
M00169,MEM00004,1,5.0
M00169,MEM00004,1,4.58
M00169,MEM00004,1,3.59
M00169,MEM00611,1,5.0
M00169,MEM00611,1,4.93
M00169,MEM00611,1,4.55
M00169,MEM00611,1,4.06
M00169,MEM00611,1,3.62
M00169,MEM00611,1,3.98
M00169,MEM00611,1,4.85
M00170,MEM00035,1,0.0
M00170,MEM00035,1,0.0
M00170,MEM00035,1,0.0
M00170,MEM00035,1,0.0
M00170,MEM00035,1,0.0
M00170,MEM00035,1,0.0
M00170,MEM00035,1,0.0
M00171,MEM00602,1,0.0
M00171,MEM00602,1,0.0
M00171,MEM00602,1,0.0
M00171,MEM00602,1,0.0
M00171,MEM00602,1,0.0
M00171,MEM00602,1,0.0
M00171,MEM00602,1,0.0
M00172,MEM00180,1,5.0
M00172,MEM00180,1,5.0
M00172,MEM00180,1,3.91
M00172,MEM00180,1,3.53
M00172,MEM00180,1,4.28
M00172,MEM00180,1,3.14
M00172,MEM00180,1,4.39
M00172,MEM00765,1,4.11
M00172,MEM00765,1,3.92
M00172,MEM00765,1,3.24
M00172,MEM00765,1,4.51
M00172,MEM00765,1,3.88
M00172,MEM00765,1,3.5
M00172,MEM00765,1,2.48
M00172,EXT00123,0,4.18
M00172,EXT00123,0,5.0
M00172,EXT00123,0,5.0
M00172,EXT00123,0,3.93
M00172,EXT00123,0,3.84
M00172,EXT00123,0,4.48
M00172,EXT00123,0,3.6
M00172,EXT00143,0,4.38
M00172,EXT00143,0,4.66
M00172,EXT00143,0,4.94
M00172,EXT00143,0,4.14
M00172,EXT00143,0,4.08
M00172,EXT00143,0,3.67
M00172,EXT00143,0,3.7
M00173,MEM00136,1,4.06
M00173,MEM00136,1,4.42
M00173,MEM00136,1,4.75
M00173,MEM00136,1,3.72
M00173,MEM00136,1,5.0
M00173,MEM00136,1,4.04
M00173,MEM00136,1,4.19
M00173,MEM00235,1,3.75
M00173,MEM00235,1,2.75
M00173,MEM00235,1,4.73
M00173,MEM00235,1,4.64
M00173,MEM00235,1,4.03
M00173,MEM00235,1,4.24
M00173,MEM00235,1,4.51
M00173,EXT00354,0,3.26
M00173,EXT00354,0,3.88
M00173,EXT00354,0,4.68
M00173,EXT00354,0,3.45
M00173,EXT00354,0,4.38
M00173,EXT00354,0,3.39
M00173,EXT00354,0,4.48
M00173,EXT00400,0,4.18
M00173,EXT00400,0,3.23
M00173,EXT00400,0,4.9
M00173,EXT00400,0,3.76
M00173,EXT00400,0,3.71
M00173,EXT00400,0,4.32
M00173,EXT00400,0,4.89
M00175,MEM00285,1,3.59
M00175,MEM00285,1,4.24
M00175,MEM00285,1,4.46
M00175,MEM00285,1,4.62
M00175,MEM00285,1,4.31
M00175,MEM00285,1,3.98
M00175,MEM00285,1,3.7
M00175,MEM00358,1,4.25
M00175,MEM00358,1,3.56
M00175,MEM00358,1,2.45
M00175,MEM00358,1,4.46
M00175,MEM00358,1,4.74
M00175,MEM00358,1,2.78
M00175,MEM00358,1,3.59
M00176,MEM00583,1,4.57
M00176,MEM00583,1,5.0
M00176,MEM00583,1,4.21
M00176,MEM00583,1,3.76
M00176,MEM00583,1,4.09
M00176,MEM00583,1,5.0
M00176,MEM00583,1,3.81
M00176,MEM00708,1,3.72
M00176,MEM00708,1,3.91
M00176,MEM00708,1,3.63
M00176,MEM00708,1,4.27
M00176,MEM00708,1,5.0
M00176,MEM00708,1,4.39
M00176,MEM00708,1,4.05
M00176,EXT00236,0,4.02
M00176,EXT00236,0,3.26
M00176,EXT00236,0,4.73
M00176,EXT00236,0,4.15
M00176,EXT00236,0,4.09
M00176,EXT00236,0,5.0
M00176,EXT00236,0,4.38
M00176,EXT00154,0,3.75
M00176,EXT00154,0,3.94
M00176,EXT00154,0,4.89
M00176,EXT00154,0,4.27
M00176,EXT00154,0,3.34
M00176,EXT00154,0,4.75
M00176,EXT00154,0,3.8
M00177,MEM00562,1,0.0
M00177,MEM00562,1,0.0
M00177,MEM00562,1,0.0
M00177,MEM00562,1,0.0
M00177,MEM00562,1,0.0
M00177,MEM00562,1,0.0
M00177,MEM00562,1,0.0
M00177,EXT00001,0,0.0
M00177,EXT00001,0,0.0
M00177,EXT00001,0,0.0
M00177,EXT00001,0,0.0
M00177,EXT00001,0,0.0
M00177,EXT00001,0,0.0
M00177,EXT00001,0,0.0
M00178,EXT00246,0,0.0
M00178,EXT00246,0,0.0
M00178,EXT00246,0,0.0
M00178,EXT00246,0,0.0
M00178,EXT00246,0,0.0
M00178,EXT00246,0,0.0
M00178,EXT00246,0,0.0
M00179,EXT00135,0,0.0
M00179,EXT00135,0,0.0
M00179,EXT00135,0,0.0
M00179,EXT00135,0,0.0
M00179,EXT00135,0,0.0
M00179,EXT00135,0,0.0
M00179,EXT00135,0,0.0
M00180,MEM00630,1,0.0
M00180,MEM00630,1,0.0
M00180,MEM00630,1,0.0
M00180,MEM00630,1,0.0
M00180,MEM00630,1,0.0
M00180,MEM00630,1,0.0
M00180,MEM00630,1,0.0
M00181,MEM00092,1,5.0
M00181,MEM00092,1,4.85
M00181,MEM00092,1,3.93
M00181,MEM00092,1,4.97
M00181,MEM00092,1,4.24
M00181,MEM00092,1,4.71
M00181,MEM00092,1,4.49
M00181,MEM00467,1,3.69
M00181,MEM00467,1,3.81
M00181,MEM00467,1,4.82
M00181,MEM00467,1,4.0
M00181,MEM00467,1,3.96
M00181,MEM00467,1,3.63
M00181,MEM00467,1,4.45
M00181,EXT00197,0,5.0
M00181,EXT00197,0,3.56
M00181,EXT00197,0,4.21
M00181,EXT00197,0,5.0
M00181,EXT00197,0,4.15
M00181,EXT00197,0,4.47
M00181,EXT00197,0,3.56
M00181,EXT00255,0,4.46
M00181,EXT00255,0,4.09
M00181,EXT00255,0,4.79
M00181,EXT00255,0,4.91
M00181,EXT00255,0,5.0
M00181,EXT00255,0,4.55
M00181,EXT00255,0,4.4
M00182,MEM00068,1,0.0
M00182,MEM00068,1,0.0
M00182,MEM00068,1,0.0
M00182,MEM00068,1,0.0
M00182,MEM00068,1,0.0
M00182,MEM00068,1,0.0
M00182,MEM00068,1,0.0
M00183,MEM00461,1,0.0
M00183,MEM00461,1,0.0
M00183,MEM00461,1,0.0
M00183,MEM00461,1,0.0
M00183,MEM00461,1,0.0
M00183,MEM00461,1,0.0
M00183,MEM00461,1,0.0
M00184,MEM00436,1,0.0
M00184,MEM00436,1,0.0
M00184,MEM00436,1,0.0
M00184,MEM00436,1,0.0
M00184,MEM00436,1,0.0
M00184,MEM00436,1,0.0
M00184,MEM00436,1,0.0
M00184,MEM00437,1,0.0
M00184,MEM00437,1,0.0
M00184,MEM00437,1,0.0
M00184,MEM00437,1,0.0
M00184,MEM00437,1,0.0
M00184,MEM00437,1,0.0
M00184,MEM00437,1,0.0
M00184,EXT00275,0,0.0
M00184,EXT00275,0,0.0
M00184,EXT00275,0,0.0
M00184,EXT00275,0,0.0
M00184,EXT00275,0,0.0
M00184,EXT00275,0,0.0
M00184,EXT00275,0,0.0
M00184,EXT00241,0,0.0
M00184,EXT00241,0,0.0
M00184,EXT00241,0,0.0
M00184,EXT00241,0,0.0
M00184,EXT00241,0,0.0
M00184,EXT00241,0,0.0
M00184,EXT00241,0,0.0
M00185,MEM00655,1,0.0
M00185,MEM00655,1,0.0
M00185,MEM00655,1,0.0
M00185,MEM00655,1,0.0
M00185,MEM00655,1,0.0
M00185,MEM00655,1,0.0
M00185,MEM00655,1,0.0
M00185,MEM00210,1,0.0
M00185,MEM00210,1,0.0
M00185,MEM00210,1,0.0
M00185,MEM00210,1,0.0
M00185,MEM00210,1,0.0
M00185,MEM00210,1,0.0
M00185,MEM00210,1,0.0
M00185,MEM00642,1,0.0
M00185,MEM00642,1,0.0
M00185,MEM00642,1,0.0
M00185,MEM00642,1,0.0
M00185,MEM00642,1,0.0
M00185,MEM00642,1,0.0
M00185,MEM00642,1,0.0
M00186,EXT00202,0,4.32
M00186,EXT00202,0,3.99
M00186,EXT00202,0,4.4
M00186,EXT00202,0,4.02
M00186,EXT00202,0,4.3
M00186,EXT00202,0,4.99
M00186,EXT00202,0,3.6
M00186,EXT00030,0,4.88
M00186,EXT00030,0,4.99
M00186,EXT00030,0,4.13
M00186,EXT00030,0,2.93
M00186,EXT00030,0,3.84
M00186,EXT00030,0,4.98
M00186,EXT00030,0,4.19
M00187,MEM00571,1,3.6
M00187,MEM00571,1,3.9
M00187,MEM00571,1,4.7
M00187,MEM00571,1,4.53
M00187,MEM00571,1,4.06
M00187,MEM00571,1,3.98
M00187,MEM00571,1,3.96
M00187,MEM00254,1,3.65
M00187,MEM00254,1,5.0
M00187,MEM00254,1,4.01
M00187,MEM00254,1,4.93
M00187,MEM00254,1,5.0
M00187,MEM00254,1,4.8
M00187,MEM00254,1,3.94
M00187,MEM00624,1,4.44
M00187,MEM00624,1,4.19
M00187,MEM00624,1,3.66
M00187,MEM00624,1,4.39
M00187,MEM00624,1,3.49
M00187,MEM00624,1,4.91
M00187,MEM00624,1,3.92
M00187,MEM00062,1,4.32
M00187,MEM00062,1,4.37
M00187,MEM00062,1,4.04
M00187,MEM00062,1,4.55
M00187,MEM00062,1,3.92
M00187,MEM00062,1,4.72
M00187,MEM00062,1,3.39
M00188,MEM00351,1,4.28
M00188,MEM00351,1,5.0
M00188,MEM00351,1,3.6
M00188,MEM00351,1,3.79
M00188,MEM00351,1,4.51
M00188,MEM00351,1,4.31
M00188,MEM00351,1,4.41
M00188,MEM00625,1,4.49
M00188,MEM00625,1,4.58
M00188,MEM00625,1,4.87
M00188,MEM00625,1,4.45
M00188,MEM00625,1,4.06
M00188,MEM00625,1,4.6
M00188,MEM00625,1,5.0
M00188,MEM00136,1,4.12
M00188,MEM00136,1,3.62
M00188,MEM00136,1,4.86
M00188,MEM00136,1,4.13
M00188,MEM00136,1,2.9
M00188,MEM00136,1,4.71
M00188,MEM00136,1,3.88
M00188,MEM00409,1,4.15
M00188,MEM00409,1,4.4
M00188,MEM00409,1,4.31
M00188,MEM00409,1,4.63
M00188,MEM00409,1,3.94
M00188,MEM00409,1,4.51
M00188,MEM00409,1,4.04
M00189,MEM00253,1,0.0
M00189,MEM00253,1,0.0
M00189,MEM00253,1,0.0
M00189,MEM00253,1,0.0
M00189,MEM00253,1,0.0
M00189,MEM00253,1,0.0
M00189,MEM00253,1,0.0
M00190,MEM00340,1,0.0
M00190,MEM00340,1,0.0
M00190,MEM00340,1,0.0
M00190,MEM00340,1,0.0
M00190,MEM00340,1,0.0
M00190,MEM00340,1,0.0
M00190,MEM00340,1,0.0
M00191,MEM00087,1,0.0
M00191,MEM00087,1,0.0
M00191,MEM00087,1,0.0
M00191,MEM00087,1,0.0
M00191,MEM00087,1,0.0
M00191,MEM00087,1,0.0
M00191,MEM00087,1,0.0
M00191,EXT00085,0,0.0
M00191,EXT00085,0,0.0
M00191,EXT00085,0,0.0
M00191,EXT00085,0,0.0
M00191,EXT00085,0,0.0
M00191,EXT00085,0,0.0
M00191,EXT00085,0,0.0
M00192,MEM00591,1,0.0
M00192,MEM00591,1,0.0
M00192,MEM00591,1,0.0
M00192,MEM00591,1,0.0
M00192,MEM00591,1,0.0
M00192,MEM00591,1,0.0
M00192,MEM00591,1,0.0
M00192,MEM00475,1,0.0
M00192,MEM00475,1,0.0
M00192,MEM00475,1,0.0
M00192,MEM00475,1,0.0
M00192,MEM00475,1,0.0
M00192,MEM00475,1,0.0
M00192,MEM00475,1,0.0
M00193,MEM00798,1,0.0
M00193,MEM00798,1,0.0
M00193,MEM00798,1,0.0
M00193,MEM00798,1,0.0
M00193,MEM00798,1,0.0
M00193,MEM00798,1,0.0
M00193,MEM00798,1,0.0
M00195,MEM00756,1,0.0
M00195,MEM00756,1,0.0
M00195,MEM00756,1,0.0
M00195,MEM00756,1,0.0
M00195,MEM00756,1,0.0
M00195,MEM00756,1,0.0
M00195,MEM00756,1,0.0
M00196,MEM00327,1,4.64
M00196,MEM00327,1,4.57
M00196,MEM00327,1,3.64
M00196,MEM00327,1,4.85
M00196,MEM00327,1,3.88
M00196,MEM00327,1,4.68
M00196,MEM00327,1,4.42
M00196,MEM00501,1,5.0
M00196,MEM00501,1,4.07
M00196,MEM00501,1,3.99
M00196,MEM00501,1,4.19
M00196,MEM00501,1,4.02
M00196,MEM00501,1,4.68
M00196,MEM00501,1,3.23
M00197,MEM00624,1,3.57
M00197,MEM00624,1,3.56
M00197,MEM00624,1,4.77
M00197,MEM00624,1,5.0
M00197,MEM00624,1,4.14
M00197,MEM00624,1,4.1
M00197,MEM00624,1,4.24
M00197,MEM00495,1,4.9
M00197,MEM00495,1,3.64
M00197,MEM00495,1,4.34
M00197,MEM00495,1,4.79
M00197,MEM00495,1,4.5
M00197,MEM00495,1,4.31
M00197,MEM00495,1,4.8
M00198,MEM00114,1,2.58
M00198,MEM00114,1,4.61
M00198,MEM00114,1,3.81
M00198,MEM00114,1,3.1
M00198,MEM00114,1,4.51
M00198,MEM00114,1,5.0
M00198,MEM00114,1,4.12
M00198,MEM00319,1,4.77
M00198,MEM00319,1,5.0
M00198,MEM00319,1,4.99
M00198,MEM00319,1,5.0
M00198,MEM00319,1,4.65
M00198,MEM00319,1,4.25
M00198,MEM00319,1,3.24
M00199,MEM00298,1,4.05
M00199,MEM00298,1,3.69
M00199,MEM00298,1,5.0
M00199,MEM00298,1,4.09
M00199,MEM00298,1,4.27
M00199,MEM00298,1,4.53
M00199,MEM00298,1,4.23
M00199,MEM00668,1,5.0
M00199,MEM00668,1,3.83
M00199,MEM00668,1,4.32
M00199,MEM00668,1,3.75
M00199,MEM00668,1,3.41
M00199,MEM00668,1,3.83
M00199,MEM00668,1,4.18
M00199,EXT00234,0,3.94
M00199,EXT00234,0,3.78
M00199,EXT00234,0,3.36
M00199,EXT00234,0,4.15
M00199,EXT00234,0,3.3
M00199,EXT00234,0,4.66
M00199,EXT00234,0,4.25
M00199,EXT00225,0,3.33
M00199,EXT00225,0,4.01
M00199,EXT00225,0,3.75
M00199,EXT00225,0,4.39
M00199,EXT00225,0,5.0
M00199,EXT00225,0,3.07
M00199,EXT00225,0,4.27
M00200,MEM00168,1,4.1
M00200,MEM00168,1,4.6
M00200,MEM00168,1,4.33
M00200,MEM00168,1,3.75
M00200,MEM00168,1,4.01
M00200,MEM00168,1,3.72
M00200,MEM00168,1,4.85
M00200,EXT00139,0,4.21
M00200,EXT00139,0,5.0
M00200,EXT00139,0,4.16
M00200,EXT00139,0,3.77
M00200,EXT00139,0,3.29
M00200,EXT00139,0,3.12
M00200,EXT00139,0,3.25
M00201,MEM00028,1,4.36
M00201,MEM00028,1,4.51
M00201,MEM00028,1,3.25
M00201,MEM00028,1,4.74
M00201,MEM00028,1,3.91
M00201,MEM00028,1,4.29
M00201,MEM00028,1,5.0
M00201,MEM00254,1,4.74
M00201,MEM00254,1,4.04
M00201,MEM00254,1,3.67
M00201,MEM00254,1,2.91
M00201,MEM00254,1,3.77
M00201,MEM00254,1,4.07
M00201,MEM00254,1,3.61
M00202,MEM00024,1,0.0
M00202,MEM00024,1,0.0
M00202,MEM00024,1,0.0
M00202,MEM00024,1,0.0
M00202,MEM00024,1,0.0
M00202,MEM00024,1,0.0
M00202,MEM00024,1,0.0
M00203,MEM00656,1,4.12
M00203,MEM00656,1,4.25
M00203,MEM00656,1,4.07
M00203,MEM00656,1,3.81
M00203,MEM00656,1,4.3
M00203,MEM00656,1,4.47
M00203,MEM00656,1,3.55
M00203,MEM00210,1,5.0
M00203,MEM00210,1,4.14
M00203,MEM00210,1,4.21
M00203,MEM00210,1,4.62
M00203,MEM00210,1,4.34
M00203,MEM00210,1,4.77
M00203,MEM00210,1,4.37
M00203,EXT00110,0,3.83
M00203,EXT00110,0,4.42
M00203,EXT00110,0,3.51
M00203,EXT00110,0,4.27
M00203,EXT00110,0,4.18
M00203,EXT00110,0,4.08
M00203,EXT00110,0,4.12
M00203,EXT00209,0,3.07
M00203,EXT00209,0,3.87
M00203,EXT00209,0,4.26
M00203,EXT00209,0,4.3
M00203,EXT00209,0,3.58
M00203,EXT00209,0,4.96
M00203,EXT00209,0,3.68
M00204,MEM00210,1,4.78
M00204,MEM00210,1,4.46
M00204,MEM00210,1,3.81
M00204,MEM00210,1,5.0
M00204,MEM00210,1,3.48
M00204,MEM00210,1,4.75
M00204,MEM00210,1,4.8
M00204,MEM00756,1,3.8
M00204,MEM00756,1,5.0
M00204,MEM00756,1,4.05
M00204,MEM00756,1,4.37
M00204,MEM00756,1,4.36
M00204,MEM00756,1,4.12
M00204,MEM00756,1,4.69
M00204,MEM00335,1,4.68
M00204,MEM00335,1,3.15
M00204,MEM00335,1,4.98
M00204,MEM00335,1,3.2
M00204,MEM00335,1,4.82
M00204,MEM00335,1,4.88
M00204,MEM00335,1,3.55
M00204,EXT00349,0,3.95
M00204,EXT00349,0,3.54
M00204,EXT00349,0,4.07
M00204,EXT00349,0,4.02
M00204,EXT00349,0,4.67
M00204,EXT00349,0,4.99
M00204,EXT00349,0,5.0
M00205,MEM00668,1,0.0
M00205,MEM00668,1,0.0
M00205,MEM00668,1,0.0
M00205,MEM00668,1,0.0
M00205,MEM00668,1,0.0
M00205,MEM00668,1,0.0
M00205,MEM00668,1,0.0
M00206,MEM00168,1,0.0
M00206,MEM00168,1,0.0
M00206,MEM00168,1,0.0
M00206,MEM00168,1,0.0
M00206,MEM00168,1,0.0
M00206,MEM00168,1,0.0
M00206,MEM00168,1,0.0
M00206,MEM00637,1,0.0
M00206,MEM00637,1,0.0
M00206,MEM00637,1,0.0
M00206,MEM00637,1,0.0
M00206,MEM00637,1,0.0
M00206,MEM00637,1,0.0
M00206,MEM00637,1,0.0
M00206,EXT00197,0,0.0
M00206,EXT00197,0,0.0
M00206,EXT00197,0,0.0
M00206,EXT00197,0,0.0
M00206,EXT00197,0,0.0
M00206,EXT00197,0,0.0
M00206,EXT00197,0,0.0
M00206,EXT00184,0,0.0
M00206,EXT00184,0,0.0
M00206,EXT00184,0,0.0
M00206,EXT00184,0,0.0
M00206,EXT00184,0,0.0
M00206,EXT00184,0,0.0
M00206,EXT00184,0,0.0
M00207,MEM00125,1,3.86
M00207,MEM00125,1,4.07
M00207,MEM00125,1,3.19
M00207,MEM00125,1,3.72
M00207,MEM00125,1,4.78
M00207,MEM00125,1,5.0
M00207,MEM00125,1,3.46
M00207,EXT00035,0,3.84
M00207,EXT00035,0,4.18
M00207,EXT00035,0,4.37
M00207,EXT00035,0,3.71
M00207,EXT00035,0,4.45
M00207,EXT00035,0,3.92
M00207,EXT00035,0,4.19
M00208,MEM00390,1,0.0
M00208,MEM00390,1,0.0
M00208,MEM00390,1,0.0
M00208,MEM00390,1,0.0
M00208,MEM00390,1,0.0
M00208,MEM00390,1,0.0
M00208,MEM00390,1,0.0
M00208,MEM00344,1,0.0
M00208,MEM00344,1,0.0
M00208,MEM00344,1,0.0
M00208,MEM00344,1,0.0
M00208,MEM00344,1,0.0
M00208,MEM00344,1,0.0
M00208,MEM00344,1,0.0
M00208,MEM00584,1,0.0
M00208,MEM00584,1,0.0
M00208,MEM00584,1,0.0
M00208,MEM00584,1,0.0
M00208,MEM00584,1,0.0
M00208,MEM00584,1,0.0
M00208,MEM00584,1,0.0
M00209,MEM00146,1,4.53
M00209,MEM00146,1,4.2
M00209,MEM00146,1,3.94
M00209,MEM00146,1,4.13
M00209,MEM00146,1,4.15
M00209,MEM00146,1,3.98
M00209,MEM00146,1,4.04
M00209,MEM00615,1,5.0
M00209,MEM00615,1,4.54
M00209,MEM00615,1,4.02
M00209,MEM00615,1,4.62
M00209,MEM00615,1,4.0
M00209,MEM00615,1,4.9
M00209,MEM00615,1,4.42
M00209,MEM00479,1,4.14
M00209,MEM00479,1,4.47
M00209,MEM00479,1,3.26
M00209,MEM00479,1,3.52
M00209,MEM00479,1,3.48
M00209,MEM00479,1,4.29
M00209,MEM00479,1,5.0
M00209,MEM00584,1,5.0
M00209,MEM00584,1,4.58
M00209,MEM00584,1,4.5
M00209,MEM00584,1,3.12
M00209,MEM00584,1,3.87
M00209,MEM00584,1,3.73
M00209,MEM00584,1,3.83
M00210,MEM00764,1,4.1
M00210,MEM00764,1,3.92
M00210,MEM00764,1,3.01
M00210,MEM00764,1,4.65
M00210,MEM00764,1,3.56
M00210,MEM00764,1,4.34
M00210,MEM00764,1,5.0
M00210,MEM00605,1,3.65
M00210,MEM00605,1,2.68
M00210,MEM00605,1,4.03
M00210,MEM00605,1,4.86
M00210,MEM00605,1,5.0
M00210,MEM00605,1,3.46
M00210,MEM00605,1,4.5
M00210,MEM00126,1,3.92
M00210,MEM00126,1,4.14
M00210,MEM00126,1,5.0
M00210,MEM00126,1,3.3
M00210,MEM00126,1,4.35
M00210,MEM00126,1,4.48
M00210,MEM00126,1,4.85
M00210,MEM00516,1,4.26
M00210,MEM00516,1,4.38
M00210,MEM00516,1,3.97
M00210,MEM00516,1,4.36
M00210,MEM00516,1,3.99
M00210,MEM00516,1,4.57
M00210,MEM00516,1,3.98
M00211,MEM00071,1,0.0
M00211,MEM00071,1,0.0
M00211,MEM00071,1,0.0
M00211,MEM00071,1,0.0
M00211,MEM00071,1,0.0
M00211,MEM00071,1,0.0
M00211,MEM00071,1,0.0
M00211,EXT00023,0,0.0
M00211,EXT00023,0,0.0
M00211,EXT00023,0,0.0
M00211,EXT00023,0,0.0
M00211,EXT00023,0,0.0
M00211,EXT00023,0,0.0
M00211,EXT00023,0,0.0
M00212,MEM00210,1,4.43
M00212,MEM00210,1,4.18
M00212,MEM00210,1,4.88
M00212,MEM00210,1,4.17
M00212,MEM00210,1,3.14
M00212,MEM00210,1,4.96
M00212,MEM00210,1,3.66
M00212,MEM00216,1,3.81
M00212,MEM00216,1,3.84
M00212,MEM00216,1,5.0
M00212,MEM00216,1,2.92
M00212,MEM00216,1,5.0
M00212,MEM00216,1,4.83
M00212,MEM00216,1,4.33
M00212,EXT00362,0,4.17
M00212,EXT00362,0,4.37
M00212,EXT00362,0,4.51
M00212,EXT00362,0,4.59
M00212,EXT00362,0,4.53
M00212,EXT00362,0,4.25
M00212,EXT00362,0,4.08
M00212,EXT00093,0,4.11
M00212,EXT00093,0,4.08
M00212,EXT00093,0,4.88
M00212,EXT00093,0,4.56
M00212,EXT00093,0,2.44
M00212,EXT00093,0,4.59
M00212,EXT00093,0,4.32
M00213,MEM00210,1,4.19
M00213,MEM00210,1,3.97
M00213,MEM00210,1,4.87
M00213,MEM00210,1,4.77
M00213,MEM00210,1,3.74
M00213,MEM00210,1,4.44
M00213,MEM00210,1,3.62
M00213,EXT00101,0,3.37
M00213,EXT00101,0,3.82
M00213,EXT00101,0,4.72
M00213,EXT00101,0,4.77
M00213,EXT00101,0,4.51
M00213,EXT00101,0,4.64
M00213,EXT00101,0,4.51
M00214,MEM00610,1,0.0
M00214,MEM00610,1,0.0
M00214,MEM00610,1,0.0
M00214,MEM00610,1,0.0
M00214,MEM00610,1,0.0
M00214,MEM00610,1,0.0
M00214,MEM00610,1,0.0
M00216,MEM00619,1,0.0
M00216,MEM00619,1,0.0
M00216,MEM00619,1,0.0
M00216,MEM00619,1,0.0
M00216,MEM00619,1,0.0
M00216,MEM00619,1,0.0
M00216,MEM00619,1,0.0
M00216,MEM00068,1,0.0
M00216,MEM00068,1,0.0
M00216,MEM00068,1,0.0
M00216,MEM00068,1,0.0
M00216,MEM00068,1,0.0
M00216,MEM00068,1,0.0
M00216,MEM00068,1,0.0
M00216,MEM00359,1,0.0
M00216,MEM00359,1,0.0
M00216,MEM00359,1,0.0
M00216,MEM00359,1,0.0
M00216,MEM00359,1,0.0
M00216,MEM00359,1,0.0
M00216,MEM00359,1,0.0
M00217,MEM00386,1,0.0
M00217,MEM00386,1,0.0
M00217,MEM00386,1,0.0
M00217,MEM00386,1,0.0
M00217,MEM00386,1,0.0
M00217,MEM00386,1,0.0
M00217,MEM00386,1,0.0
M00217,EXT00018,0,0.0
M00217,EXT00018,0,0.0
M00217,EXT00018,0,0.0
M00217,EXT00018,0,0.0
M00217,EXT00018,0,0.0
M00217,EXT00018,0,0.0
M00217,EXT00018,0,0.0
M00219,MEM00420,1,0.0
M00219,MEM00420,1,0.0
M00219,MEM00420,1,0.0
M00219,MEM00420,1,0.0
M00219,MEM00420,1,0.0
M00219,MEM00420,1,0.0
M00219,MEM00420,1,0.0
M00219,MEM00066,1,0.0
M00219,MEM00066,1,0.0
M00219,MEM00066,1,0.0
M00219,MEM00066,1,0.0
M00219,MEM00066,1,0.0
M00219,MEM00066,1,0.0
M00219,MEM00066,1,0.0
M00219,MEM00728,1,0.0
M00219,MEM00728,1,0.0
M00219,MEM00728,1,0.0
M00219,MEM00728,1,0.0
M00219,MEM00728,1,0.0
M00219,MEM00728,1,0.0
M00219,MEM00728,1,0.0
M00219,MEM00126,1,0.0
M00219,MEM00126,1,0.0
M00219,MEM00126,1,0.0
M00219,MEM00126,1,0.0
M00219,MEM00126,1,0.0
M00219,MEM00126,1,0.0
M00219,MEM00126,1,0.0
M00220,MEM00321,1,0.0
M00220,MEM00321,1,0.0
M00220,MEM00321,1,0.0
M00220,MEM00321,1,0.0
M00220,MEM00321,1,0.0
M00220,MEM00321,1,0.0
M00220,MEM00321,1,0.0
M00221,MEM00267,1,0.0
M00221,MEM00267,1,0.0
M00221,MEM00267,1,0.0
M00221,MEM00267,1,0.0
M00221,MEM00267,1,0.0
M00221,MEM00267,1,0.0
M00221,MEM00267,1,0.0
M00222,MEM00021,1,3.82
M00222,MEM00021,1,4.46
M00222,MEM00021,1,4.68
M00222,MEM00021,1,4.65
M00222,MEM00021,1,4.91
M00222,MEM00021,1,4.62
M00222,MEM00021,1,4.41
M00222,MEM00720,1,4.84
M00222,MEM00720,1,4.18
M00222,MEM00720,1,3.67
M00222,MEM00720,1,4.1
M00222,MEM00720,1,3.75
M00222,MEM00720,1,3.79
M00222,MEM00720,1,4.11
M00222,EXT00382,0,3.72
M00222,EXT00382,0,4.02
M00222,EXT00382,0,3.06
M00222,EXT00382,0,4.33
M00222,EXT00382,0,4.2
M00222,EXT00382,0,3.71
M00222,EXT00382,0,4.6
M00222,EXT00268,0,4.76
M00222,EXT00268,0,3.24
M00222,EXT00268,0,3.74
M00222,EXT00268,0,3.74
M00222,EXT00268,0,3.64
M00222,EXT00268,0,4.7
M00222,EXT00268,0,4.08
M00223,MEM00435,1,0.0
M00223,MEM00435,1,0.0
M00223,MEM00435,1,0.0
M00223,MEM00435,1,0.0
M00223,MEM00435,1,0.0
M00223,MEM00435,1,0.0
M00223,MEM00435,1,0.0
M00224,MEM00756,1,4.04
M00224,MEM00756,1,3.0
M00224,MEM00756,1,4.58
M00224,MEM00756,1,3.46
M00224,MEM00756,1,4.24
M00224,MEM00756,1,4.37
M00224,MEM00756,1,5.0
M00224,MEM00056,1,3.41
M00224,MEM00056,1,2.39
M00224,MEM00056,1,4.31
M00224,MEM00056,1,5.0
M00224,MEM00056,1,4.94
M00224,MEM00056,1,4.33
M00224,MEM00056,1,3.91
M00225,MEM00324,1,0.0
M00225,MEM00324,1,0.0
M00225,MEM00324,1,0.0
M00225,MEM00324,1,0.0
M00225,MEM00324,1,0.0
M00225,MEM00324,1,0.0
M00225,MEM00324,1,0.0
M00225,MEM00210,1,0.0
M00225,MEM00210,1,0.0
M00225,MEM00210,1,0.0
M00225,MEM00210,1,0.0
M00225,MEM00210,1,0.0
M00225,MEM00210,1,0.0
M00225,MEM00210,1,0.0
M00225,EXT00299,0,0.0
M00225,EXT00299,0,0.0
M00225,EXT00299,0,0.0
M00225,EXT00299,0,0.0
M00225,EXT00299,0,0.0
M00225,EXT00299,0,0.0
M00225,EXT00299,0,0.0
M00226,MEM00783,1,0.0
M00226,MEM00783,1,0.0
M00226,MEM00783,1,0.0
M00226,MEM00783,1,0.0
M00226,MEM00783,1,0.0
M00226,MEM00783,1,0.0
M00226,MEM00783,1,0.0
M00226,EXT00261,0,0.0
M00226,EXT00261,0,0.0
M00226,EXT00261,0,0.0
M00226,EXT00261,0,0.0
M00226,EXT00261,0,0.0
M00226,EXT00261,0,0.0
M00226,EXT00261,0,0.0
M00226,EXT00095,0,0.0
M00226,EXT00095,0,0.0
M00226,EXT00095,0,0.0
M00226,EXT00095,0,0.0
M00226,EXT00095,0,0.0
M00226,EXT00095,0,0.0
M00226,EXT00095,0,0.0
M00226,EXT00080,0,0.0
M00226,EXT00080,0,0.0
M00226,EXT00080,0,0.0
M00226,EXT00080,0,0.0
M00226,EXT00080,0,0.0
M00226,EXT00080,0,0.0
M00226,EXT00080,0,0.0
M00227,MEM00479,1,4.68
M00227,MEM00479,1,3.62
M00227,MEM00479,1,4.49
M00227,MEM00479,1,4.5
M00227,MEM00479,1,4.84
M00227,MEM00479,1,5.0
M00227,MEM00479,1,4.44
M00227,MEM00773,1,3.89
M00227,MEM00773,1,4.18
M00227,MEM00773,1,3.14
M00227,MEM00773,1,3.78
M00227,MEM00773,1,3.95
M00227,MEM00773,1,3.89
M00227,MEM00773,1,4.29
M00227,MEM00440,1,3.71
M00227,MEM00440,1,4.87
M00227,MEM00440,1,4.2
M00227,MEM00440,1,4.19
M00227,MEM00440,1,4.0
M00227,MEM00440,1,4.29
M00227,MEM00440,1,4.7
M00227,MEM00373,1,3.68
M00227,MEM00373,1,3.81
M00227,MEM00373,1,4.02
M00227,MEM00373,1,3.39
M00227,MEM00373,1,3.71
M00227,MEM00373,1,3.91
M00227,MEM00373,1,4.72
M00228,MEM00271,1,0.0
M00228,MEM00271,1,0.0
M00228,MEM00271,1,0.0
M00228,MEM00271,1,0.0
M00228,MEM00271,1,0.0
M00228,MEM00271,1,0.0
M00228,MEM00271,1,0.0
M00229,MEM00139,1,4.36
M00229,MEM00139,1,4.32
M00229,MEM00139,1,4.71
M00229,MEM00139,1,4.12
M00229,MEM00139,1,4.43
M00229,MEM00139,1,4.14
M00229,MEM00139,1,4.36
M00229,MEM00114,1,3.85
M00229,MEM00114,1,2.74
M00229,MEM00114,1,4.12
M00229,MEM00114,1,5.0
M00229,MEM00114,1,4.76
M00229,MEM00114,1,4.78
M00229,MEM00114,1,4.94
M00230,MEM00198,1,4.25
M00230,MEM00198,1,4.32
M00230,MEM00198,1,3.83
M00230,MEM00198,1,4.01
M00230,MEM00198,1,4.57
M00230,MEM00198,1,4.92
M00230,MEM00198,1,4.12
M00230,MEM00210,1,3.93
M00230,MEM00210,1,4.2
M00230,MEM00210,1,4.56
M00230,MEM00210,1,3.33
M00230,MEM00210,1,2.82
M00230,MEM00210,1,3.87
M00230,MEM00210,1,3.47
M00230,EXT00339,0,3.9
M00230,EXT00339,0,4.11
M00230,EXT00339,0,3.93
M00230,EXT00339,0,5.0
M00230,EXT00339,0,4.4
M00230,EXT00339,0,4.38
M00230,EXT00339,0,4.57
M00230,EXT00224,0,3.52
M00230,EXT00224,0,4.82
M00230,EXT00224,0,4.15
M00230,EXT00224,0,4.6
M00230,EXT00224,0,3.56
M00230,EXT00224,0,3.27
M00230,EXT00224,0,4.69
M00231,MEM00414,1,0.0
M00231,MEM00414,1,0.0
M00231,MEM00414,1,0.0
M00231,MEM00414,1,0.0
M00231,MEM00414,1,0.0
M00231,MEM00414,1,0.0
M00231,MEM00414,1,0.0
M00231,MEM00114,1,0.0
M00231,MEM00114,1,0.0
M00231,MEM00114,1,0.0
M00231,MEM00114,1,0.0
M00231,MEM00114,1,0.0
M00231,MEM00114,1,0.0
M00231,MEM00114,1,0.0
M00232,MEM00683,1,0.0
M00232,MEM00683,1,0.0
M00232,MEM00683,1,0.0
M00232,MEM00683,1,0.0
M00232,MEM00683,1,0.0
M00232,MEM00683,1,0.0
M00232,MEM00683,1,0.0
M00232,MEM00583,1,0.0
M00232,MEM00583,1,0.0
M00232,MEM00583,1,0.0
M00232,MEM00583,1,0.0
M00232,MEM00583,1,0.0
M00232,MEM00583,1,0.0
M00232,MEM00583,1,0.0
M00233,MEM00069,1,4.43
M00233,MEM00069,1,3.66
M00233,MEM00069,1,3.68
M00233,MEM00069,1,4.88
M00233,MEM00069,1,3.49
M00233,MEM00069,1,5.0
M00233,MEM00069,1,3.66
M00233,MEM00572,1,4.58
M00233,MEM00572,1,4.0
M00233,MEM00572,1,4.56
M00233,MEM00572,1,3.87
M00233,MEM00572,1,4.1
M00233,MEM00572,1,4.22
M00233,MEM00572,1,3.6
M00233,EXT00215,0,4.64
M00233,EXT00215,0,3.89
M00233,EXT00215,0,4.06
M00233,EXT00215,0,3.6
M00233,EXT00215,0,2.66
M00233,EXT00215,0,4.09
M00233,EXT00215,0,5.0
M00233,EXT00035,0,4.67
M00233,EXT00035,0,4.19
M00233,EXT00035,0,4.04
M00233,EXT00035,0,4.21
M00233,EXT00035,0,4.53
M00233,EXT00035,0,3.49
M00233,EXT00035,0,4.87
M00234,MEM00379,1,4.63
M00234,MEM00379,1,4.63
M00234,MEM00379,1,4.46
M00234,MEM00379,1,4.21
M00234,MEM00379,1,4.6
M00234,MEM00379,1,4.56
M00234,MEM00379,1,3.99
M00234,MEM00365,1,3.86
M00234,MEM00365,1,4.26
M00234,MEM00365,1,5.0
M00234,MEM00365,1,3.46
M00234,MEM00365,1,3.32
M00234,MEM00365,1,4.3
M00234,MEM00365,1,4.23
M00235,MEM00155,1,4.3
M00235,MEM00155,1,4.35
M00235,MEM00155,1,4.07
M00235,MEM00155,1,5.0
M00235,MEM00155,1,3.24
M00235,MEM00155,1,3.7
M00235,MEM00155,1,4.14
M00235,MEM00762,1,3.21
M00235,MEM00762,1,4.09
M00235,MEM00762,1,5.0
M00235,MEM00762,1,4.21
M00235,MEM00762,1,4.34
M00235,MEM00762,1,3.44
M00235,MEM00762,1,3.83
M00235,EXT00339,0,3.97
M00235,EXT00339,0,4.01
M00235,EXT00339,0,4.97
M00235,EXT00339,0,4.53
M00235,EXT00339,0,3.53
M00235,EXT00339,0,4.35
M00235,EXT00339,0,4.5
M00235,EXT00270,0,4.88
M00235,EXT00270,0,5.0
M00235,EXT00270,0,3.59
M00235,EXT00270,0,3.71
M00235,EXT00270,0,3.45
M00235,EXT00270,0,4.06
M00235,EXT00270,0,4.48
M00236,MEM00371,1,4.79
M00236,MEM00371,1,4.15
M00236,MEM00371,1,4.01
M00236,MEM00371,1,4.29
M00236,MEM00371,1,3.7
M00236,MEM00371,1,5.0
M00236,MEM00371,1,3.24
M00236,EXT00162,0,4.31
M00236,EXT00162,0,5.0
M00236,EXT00162,0,4.2
M00236,EXT00162,0,4.09
M00236,EXT00162,0,3.99
M00236,EXT00162,0,4.09
M00236,EXT00162,0,5.0
M00237,MEM00424,1,2.87
M00237,MEM00424,1,5.0
M00237,MEM00424,1,3.35
M00237,MEM00424,1,4.04
M00237,MEM00424,1,3.94
M00237,MEM00424,1,4.55
M00237,MEM00424,1,3.24
M00237,MEM00507,1,4.48
M00237,MEM00507,1,5.0
M00237,MEM00507,1,3.38
M00237,MEM00507,1,4.31
M00237,MEM00507,1,3.8
M00237,MEM00507,1,4.46
M00237,MEM00507,1,4.21
M00238,MEM00066,1,0.0
M00238,MEM00066,1,0.0
M00238,MEM00066,1,0.0
M00238,MEM00066,1,0.0
M00238,MEM00066,1,0.0
M00238,MEM00066,1,0.0
M00238,MEM00066,1,0.0
M00239,MEM00402,1,3.82
M00239,MEM00402,1,4.49
M00239,MEM00402,1,5.0
M00239,MEM00402,1,4.09
M00239,MEM00402,1,4.63
M00239,MEM00402,1,3.42
M00239,MEM00402,1,3.63
M00239,MEM00642,1,4.48
M00239,MEM00642,1,5.0
M00239,MEM00642,1,4.41
M00239,MEM00642,1,4.01
M00239,MEM00642,1,4.2
M00239,MEM00642,1,3.45
M00239,MEM00642,1,4.56
M00240,MEM00367,1,0.0
M00240,MEM00367,1,0.0
M00240,MEM00367,1,0.0
M00240,MEM00367,1,0.0
M00240,MEM00367,1,0.0
M00240,MEM00367,1,0.0
M00240,MEM00367,1,0.0
M00241,EXT00023,0,0.0
M00241,EXT00023,0,0.0
M00241,EXT00023,0,0.0
M00241,EXT00023,0,0.0
M00241,EXT00023,0,0.0
M00241,EXT00023,0,0.0
M00241,EXT00023,0,0.0
M00242,MEM00180,1,4.73
M00242,MEM00180,1,3.93
M00242,MEM00180,1,3.92
M00242,MEM00180,1,4.36
M00242,MEM00180,1,3.94
M00242,MEM00180,1,4.16
M00242,MEM00180,1,5.0
M00242,MEM00624,1,4.05
M00242,MEM00624,1,3.98
M00242,MEM00624,1,3.81
M00242,MEM00624,1,4.65
M00242,MEM00624,1,4.09
M00242,MEM00624,1,3.81
M00242,MEM00624,1,4.99
M00243,MEM00210,1,0.0
M00243,MEM00210,1,0.0
M00243,MEM00210,1,0.0
M00243,MEM00210,1,0.0
M00243,MEM00210,1,0.0
M00243,MEM00210,1,0.0
M00243,MEM00210,1,0.0
M00244,MEM00253,1,5.0
M00244,MEM00253,1,3.84
M00244,MEM00253,1,3.08
M00244,MEM00253,1,4.8
M00244,MEM00253,1,3.79
M00244,MEM00253,1,4.67
M00244,MEM00253,1,3.02
M00244,MEM00153,1,4.74
M00244,MEM00153,1,3.47
M00244,MEM00153,1,4.64
M00244,MEM00153,1,4.21
M00244,MEM00153,1,3.63
M00244,MEM00153,1,3.96
M00244,MEM00153,1,4.61
M00244,MEM00607,1,4.26
M00244,MEM00607,1,4.55
M00244,MEM00607,1,5.0
M00244,MEM00607,1,3.26
M00244,MEM00607,1,5.0
M00244,MEM00607,1,4.26
M00244,MEM00607,1,3.66
M00244,EXT00211,0,3.4
M00244,EXT00211,0,4.09
M00244,EXT00211,0,4.75
M00244,EXT00211,0,4.12
M00244,EXT00211,0,5.0
M00244,EXT00211,0,3.33
M00244,EXT00211,0,4.19
M00246,MEM00180,1,3.45
M00246,MEM00180,1,4.42
M00246,MEM00180,1,4.73
M00246,MEM00180,1,3.95
M00246,MEM00180,1,2.64
M00246,MEM00180,1,4.32
M00246,MEM00180,1,4.46
M00246,MEM00701,1,4.44
M00246,MEM00701,1,4.94
M00246,MEM00701,1,3.56
M00246,MEM00701,1,4.61
M00246,MEM00701,1,4.92
M00246,MEM00701,1,3.13
M00246,MEM00701,1,4.39
M00247,MEM00702,1,0.0
M00247,MEM00702,1,0.0
M00247,MEM00702,1,0.0
M00247,MEM00702,1,0.0
M00247,MEM00702,1,0.0
M00247,MEM00702,1,0.0
M00247,MEM00702,1,0.0
M00248,MEM00694,1,0.0
M00248,MEM00694,1,0.0
M00248,MEM00694,1,0.0
M00248,MEM00694,1,0.0
M00248,MEM00694,1,0.0
M00248,MEM00694,1,0.0
M00248,MEM00694,1,0.0
M00249,MEM00210,1,0.0
M00249,MEM00210,1,0.0
M00249,MEM00210,1,0.0
M00249,MEM00210,1,0.0
M00249,MEM00210,1,0.0
M00249,MEM00210,1,0.0
M00249,MEM00210,1,0.0
M00250,MEM00361,1,0.0
M00250,MEM00361,1,0.0
M00250,MEM00361,1,0.0
M00250,MEM00361,1,0.0
M00250,MEM00361,1,0.0
M00250,MEM00361,1,0.0
M00250,MEM00361,1,0.0
M00251,MEM00786,1,0.0
M00251,MEM00786,1,0.0
M00251,MEM00786,1,0.0
M00251,MEM00786,1,0.0
M00251,MEM00786,1,0.0
M00251,MEM00786,1,0.0
M00251,MEM00786,1,0.0
M00252,MEM00068,1,3.9
M00252,MEM00068,1,4.15
M00252,MEM00068,1,4.41
M00252,MEM00068,1,3.91
M00252,MEM00068,1,3.79
M00252,MEM00068,1,4.22
M00252,MEM00068,1,3.55
M00252,MEM00029,1,3.55
M00252,MEM00029,1,4.61
M00252,MEM00029,1,3.51
M00252,MEM00029,1,4.6
M00252,MEM00029,1,4.48
M00252,MEM00029,1,3.16
M00252,MEM00029,1,3.79
M00252,MEM00615,1,4.92
M00252,MEM00615,1,3.61
M00252,MEM00615,1,3.92
M00252,MEM00615,1,4.48
M00252,MEM00615,1,4.67
M00252,MEM00615,1,4.05
M00252,MEM00615,1,3.84
M00252,MEM00373,1,5.0
M00252,MEM00373,1,5.0
M00252,MEM00373,1,4.79
M00252,MEM00373,1,4.25
M00252,MEM00373,1,3.72
M00252,MEM00373,1,3.7
M00252,MEM00373,1,4.51
M00253,MEM00421,1,4.45
M00253,MEM00421,1,5.0
M00253,MEM00421,1,4.59
M00253,MEM00421,1,3.3
M00253,MEM00421,1,4.83
M00253,MEM00421,1,3.6
M00253,MEM00421,1,3.97
M00253,MEM00733,1,4.35
M00253,MEM00733,1,5.0
M00253,MEM00733,1,5.0
M00253,MEM00733,1,4.56
M00253,MEM00733,1,4.09
M00253,MEM00733,1,4.52
M00253,MEM00733,1,4.73
M00254,MEM00655,1,4.01
M00254,MEM00655,1,5.0
M00254,MEM00655,1,4.34
M00254,MEM00655,1,4.5
M00254,MEM00655,1,4.6
M00254,MEM00655,1,4.45
M00254,MEM00655,1,4.7
M00254,MEM00107,1,3.83
M00254,MEM00107,1,3.87
M00254,MEM00107,1,3.54
M00254,MEM00107,1,4.46
M00254,MEM00107,1,4.67
M00254,MEM00107,1,4.47
M00254,MEM00107,1,5.0
M00254,MEM00516,1,4.2
M00254,MEM00516,1,4.6
M00254,MEM00516,1,3.54
M00254,MEM00516,1,3.97
M00254,MEM00516,1,4.62
M00254,MEM00516,1,4.71
M00254,MEM00516,1,4.02
M00254,MEM00392,1,4.16
M00254,MEM00392,1,3.29
M00254,MEM00392,1,3.99
M00254,MEM00392,1,4.73
M00254,MEM00392,1,4.55
M00254,MEM00392,1,4.5
M00254,MEM00392,1,4.23
M00255,MEM00295,1,0.0
M00255,MEM00295,1,0.0
M00255,MEM00295,1,0.0
M00255,MEM00295,1,0.0
M00255,MEM00295,1,0.0
M00255,MEM00295,1,0.0
M00255,MEM00295,1,0.0
M00256,MEM00768,1,4.2
M00256,MEM00768,1,3.8
M00256,MEM00768,1,4.62
M00256,MEM00768,1,4.45
M00256,MEM00768,1,4.5
M00256,MEM00768,1,3.88
M00256,MEM00768,1,2.91
M00256,MEM00618,1,4.86
M00256,MEM00618,1,3.91
M00256,MEM00618,1,3.68
M00256,MEM00618,1,4.62
M00256,MEM00618,1,3.96
M00256,MEM00618,1,4.84
M00256,MEM00618,1,4.57
M00256,EXT00211,0,4.61
M00256,EXT00211,0,3.38
M00256,EXT00211,0,4.93
M00256,EXT00211,0,4.36
M00256,EXT00211,0,3.98
M00256,EXT00211,0,4.29
M00256,EXT00211,0,3.13
M00256,EXT00081,0,4.45
M00256,EXT00081,0,3.58
M00256,EXT00081,0,3.39
M00256,EXT00081,0,3.29
M00256,EXT00081,0,4.87
M00256,EXT00081,0,3.82
M00256,EXT00081,0,5.0
M00257,MEM00221,1,3.88
M00257,MEM00221,1,3.18
M00257,MEM00221,1,3.53
M00257,MEM00221,1,4.94
M00257,MEM00221,1,4.11
M00257,MEM00221,1,3.87
M00257,MEM00221,1,4.3
M00257,MEM00628,1,4.5
M00257,MEM00628,1,4.87
M00257,MEM00628,1,5.0
M00257,MEM00628,1,3.98
M00257,MEM00628,1,3.4
M00257,MEM00628,1,3.95
M00257,MEM00628,1,4.36
M00257,MEM00493,1,3.62
M00257,MEM00493,1,3.63
M00257,MEM00493,1,4.41
M00257,MEM00493,1,4.17
M00257,MEM00493,1,4.22
M00257,MEM00493,1,3.74
M00257,MEM00493,1,4.06
M00257,MEM00457,1,3.65
M00257,MEM00457,1,4.73
M00257,MEM00457,1,4.82
M00257,MEM00457,1,3.09
M00257,MEM00457,1,3.64
M00257,MEM00457,1,3.3
M00257,MEM00457,1,3.81
M00258,MEM00632,1,0.0
M00258,MEM00632,1,0.0
M00258,MEM00632,1,0.0
M00258,MEM00632,1,0.0
M00258,MEM00632,1,0.0
M00258,MEM00632,1,0.0
M00258,MEM00632,1,0.0
M00259,MEM00309,1,0.0
M00259,MEM00309,1,0.0
M00259,MEM00309,1,0.0
M00259,MEM00309,1,0.0
M00259,MEM00309,1,0.0
M00259,MEM00309,1,0.0
M00259,MEM00309,1,0.0
M00260,MEM00420,1,4.15
M00260,MEM00420,1,3.33
M00260,MEM00420,1,3.65
M00260,MEM00420,1,3.6
M00260,MEM00420,1,4.32
M00260,MEM00420,1,4.24
M00260,MEM00420,1,3.77
M00260,MEM00145,1,4.31
M00260,MEM00145,1,3.87
M00260,MEM00145,1,4.04
M00260,MEM00145,1,5.0
M00260,MEM00145,1,5.0
M00260,MEM00145,1,3.42
M00260,MEM00145,1,4.7
M00260,MEM00562,1,4.69
M00260,MEM00562,1,3.51
M00260,MEM00562,1,4.69
M00260,MEM00562,1,5.0
M00260,MEM00562,1,3.53
M00260,MEM00562,1,3.65
M00260,MEM00562,1,4.81
M00260,MEM00738,1,4.36
M00260,MEM00738,1,4.53
M00260,MEM00738,1,4.4
M00260,MEM00738,1,4.43
M00260,MEM00738,1,3.4
M00260,MEM00738,1,4.83
M00260,MEM00738,1,4.9
M00261,MEM00244,1,0.0
M00261,MEM00244,1,0.0
M00261,MEM00244,1,0.0
M00261,MEM00244,1,0.0
M00261,MEM00244,1,0.0
M00261,MEM00244,1,0.0
M00261,MEM00244,1,0.0
M00261,MEM00629,1,0.0
M00261,MEM00629,1,0.0
M00261,MEM00629,1,0.0
M00261,MEM00629,1,0.0
M00261,MEM00629,1,0.0
M00261,MEM00629,1,0.0
M00261,MEM00629,1,0.0
M00262,MEM00680,1,4.06
M00262,MEM00680,1,4.17
M00262,MEM00680,1,3.28
M00262,MEM00680,1,4.51
M00262,MEM00680,1,4.54
M00262,MEM00680,1,4.16
M00262,MEM00680,1,4.87
M00262,MEM00728,1,4.0
M00262,MEM00728,1,4.54
M00262,MEM00728,1,3.59
M00262,MEM00728,1,4.19
M00262,MEM00728,1,4.1
M00262,MEM00728,1,4.34
M00262,MEM00728,1,3.98
M00262,EXT00393,0,4.12
M00262,EXT00393,0,4.7
M00262,EXT00393,0,3.94
M00262,EXT00393,0,3.24
M00262,EXT00393,0,5.0
M00262,EXT00393,0,5.0
M00262,EXT00393,0,3.42
M00262,EXT00104,0,4.61
M00262,EXT00104,0,3.9
M00262,EXT00104,0,4.36
M00262,EXT00104,0,4.38
M00262,EXT00104,0,4.06
M00262,EXT00104,0,3.73
M00262,EXT00104,0,3.79
M00263,MEM00126,1,0.0
M00263,MEM00126,1,0.0
M00263,MEM00126,1,0.0
M00263,MEM00126,1,0.0
M00263,MEM00126,1,0.0
M00263,MEM00126,1,0.0
M00263,MEM00126,1,0.0
M00264,MEM00180,1,0.0
M00264,MEM00180,1,0.0
M00264,MEM00180,1,0.0
M00264,MEM00180,1,0.0
M00264,MEM00180,1,0.0
M00264,MEM00180,1,0.0
M00264,MEM00180,1,0.0
M00266,MEM00167,1,0.0
M00266,MEM00167,1,0.0
M00266,MEM00167,1,0.0
M00266,MEM00167,1,0.0
M00266,MEM00167,1,0.0
M00266,MEM00167,1,0.0
M00266,MEM00167,1,0.0
M00267,MEM00714,1,0.0
M00267,MEM00714,1,0.0
M00267,MEM00714,1,0.0
M00267,MEM00714,1,0.0
M00267,MEM00714,1,0.0
M00267,MEM00714,1,0.0
M00267,MEM00714,1,0.0
M00268,MEM00512,1,3.65
M00268,MEM00512,1,3.7
M00268,MEM00512,1,4.16
M00268,MEM00512,1,3.77
M00268,MEM00512,1,4.61
M00268,MEM00512,1,5.0
M00268,MEM00512,1,3.85
M00268,MEM00140,1,4.34
M00268,MEM00140,1,4.5
M00268,MEM00140,1,4.48
M00268,MEM00140,1,4.25
M00268,MEM00140,1,4.65
M00268,MEM00140,1,4.49
M00268,MEM00140,1,3.46
M00268,EXT00172,0,4.72
M00268,EXT00172,0,4.73
M00268,EXT00172,0,3.74
M00268,EXT00172,0,4.22
M00268,EXT00172,0,4.61
M00268,EXT00172,0,4.07
M00268,EXT00172,0,4.84
M00268,EXT00244,0,5.0
M00268,EXT00244,0,3.73
M00268,EXT00244,0,3.37
M00268,EXT00244,0,4.38
M00268,EXT00244,0,4.63
M00268,EXT00244,0,4.06
M00268,EXT00244,0,5.0
M00269,MEM00083,1,0.0
M00269,MEM00083,1,0.0
M00269,MEM00083,1,0.0
M00269,MEM00083,1,0.0
M00269,MEM00083,1,0.0
M00269,MEM00083,1,0.0
M00269,MEM00083,1,0.0
M00269,MEM00707,1,0.0
M00269,MEM00707,1,0.0
M00269,MEM00707,1,0.0
M00269,MEM00707,1,0.0
M00269,MEM00707,1,0.0
M00269,MEM00707,1,0.0
M00269,MEM00707,1,0.0
M00270,MEM00395,1,3.4
M00270,MEM00395,1,4.62
M00270,MEM00395,1,3.84
M00270,MEM00395,1,5.0
M00270,MEM00395,1,5.0
M00270,MEM00395,1,3.74
M00270,MEM00395,1,3.87
M00270,MEM00638,1,4.72
M00270,MEM00638,1,3.97
M00270,MEM00638,1,4.17
M00270,MEM00638,1,4.22
M00270,MEM00638,1,3.05
M00270,MEM00638,1,4.19
M00270,MEM00638,1,3.79
M00271,MEM00770,1,0.0
M00271,MEM00770,1,0.0
M00271,MEM00770,1,0.0
M00271,MEM00770,1,0.0
M00271,MEM00770,1,0.0
M00271,MEM00770,1,0.0
M00271,MEM00770,1,0.0
M00272,MEM00324,1,3.9
M00272,MEM00324,1,5.0
M00272,MEM00324,1,3.45
M00272,MEM00324,1,4.69
M00272,MEM00324,1,4.03
M00272,MEM00324,1,4.03
M00272,MEM00324,1,4.67
M00272,EXT00393,0,4.4
M00272,EXT00393,0,4.54
M00272,EXT00393,0,4.78
M00272,EXT00393,0,4.0
M00272,EXT00393,0,3.83
M00272,EXT00393,0,3.55
M00272,EXT00393,0,3.7
M00273,MEM00531,1,0.0
M00273,MEM00531,1,0.0
M00273,MEM00531,1,0.0
M00273,MEM00531,1,0.0
M00273,MEM00531,1,0.0
M00273,MEM00531,1,0.0
M00273,MEM00531,1,0.0
M00274,MEM00493,1,0.0
M00274,MEM00493,1,0.0
M00274,MEM00493,1,0.0
M00274,MEM00493,1,0.0
M00274,MEM00493,1,0.0
M00274,MEM00493,1,0.0
M00274,MEM00493,1,0.0
M00276,MEM00155,1,0.0
M00276,MEM00155,1,0.0
M00276,MEM00155,1,0.0
M00276,MEM00155,1,0.0
M00276,MEM00155,1,0.0
M00276,MEM00155,1,0.0
M00276,MEM00155,1,0.0
M00277,MEM00150,1,5.0
M00277,MEM00150,1,4.95
M00277,MEM00150,1,3.39
M00277,MEM00150,1,3.41
M00277,MEM00150,1,4.49
M00277,MEM00150,1,4.53
M00277,MEM00150,1,4.53
M00277,MEM00331,1,4.05
M00277,MEM00331,1,4.12
M00277,MEM00331,1,4.4
M00277,MEM00331,1,4.25
M00277,MEM00331,1,2.87
M00277,MEM00331,1,4.06
M00277,MEM00331,1,3.69
M00277,MEM00008,1,4.31
M00277,MEM00008,1,5.0
M00277,MEM00008,1,4.42
M00277,MEM00008,1,4.01
M00277,MEM00008,1,4.75
M00277,MEM00008,1,4.49
M00277,MEM00008,1,4.45
M00277,EXT00224,0,4.56
M00277,EXT00224,0,5.0
M00277,EXT00224,0,3.52
M00277,EXT00224,0,4.48
M00277,EXT00224,0,3.64
M00277,EXT00224,0,4.53
M00277,EXT00224,0,3.65
M00278,MEM00417,1,0.0
M00278,MEM00417,1,0.0
M00278,MEM00417,1,0.0
M00278,MEM00417,1,0.0
M00278,MEM00417,1,0.0
M00278,MEM00417,1,0.0
M00278,MEM00417,1,0.0
M00279,MEM00580,1,0.0
M00279,MEM00580,1,0.0
M00279,MEM00580,1,0.0
M00279,MEM00580,1,0.0
M00279,MEM00580,1,0.0
M00279,MEM00580,1,0.0
M00279,MEM00580,1,0.0
M00279,MEM00710,1,0.0
M00279,MEM00710,1,0.0
M00279,MEM00710,1,0.0
M00279,MEM00710,1,0.0
M00279,MEM00710,1,0.0
M00279,MEM00710,1,0.0
M00279,MEM00710,1,0.0
M00279,EXT00033,0,0.0
M00279,EXT00033,0,0.0
M00279,EXT00033,0,0.0
M00279,EXT00033,0,0.0
M00279,EXT00033,0,0.0
M00279,EXT00033,0,0.0
M00279,EXT00033,0,0.0
M00280,MEM00585,1,0.0
M00280,MEM00585,1,0.0
M00280,MEM00585,1,0.0
M00280,MEM00585,1,0.0
M00280,MEM00585,1,0.0
M00280,MEM00585,1,0.0
M00280,MEM00585,1,0.0
M00281,MEM00168,1,0.0
M00281,MEM00168,1,0.0
M00281,MEM00168,1,0.0
M00281,MEM00168,1,0.0
M00281,MEM00168,1,0.0
M00281,MEM00168,1,0.0
M00281,MEM00168,1,0.0
M00283,MEM00680,1,3.95
M00283,MEM00680,1,4.02
M00283,MEM00680,1,4.79
M00283,MEM00680,1,4.75
M00283,MEM00680,1,3.45
M00283,MEM00680,1,4.23
M00283,MEM00680,1,3.77
M00283,MEM00652,1,3.44
M00283,MEM00652,1,4.07
M00283,MEM00652,1,4.01
M00283,MEM00652,1,5.0
M00283,MEM00652,1,4.46
M00283,MEM00652,1,3.37
M00283,MEM00652,1,3.86
M00284,MEM00422,1,4.81
M00284,MEM00422,1,5.0
M00284,MEM00422,1,3.25
M00284,MEM00422,1,3.07
M00284,MEM00422,1,5.0
M00284,MEM00422,1,4.43
M00284,MEM00422,1,3.68
M00284,MEM00572,1,4.52
M00284,MEM00572,1,2.62
M00284,MEM00572,1,4.2
M00284,MEM00572,1,4.4
M00284,MEM00572,1,4.75
M00284,MEM00572,1,3.59
M00284,MEM00572,1,4.25
M00284,EXT00190,0,3.64
M00284,EXT00190,0,4.35
M00284,EXT00190,0,3.66
M00284,EXT00190,0,3.96
M00284,EXT00190,0,3.6
M00284,EXT00190,0,4.59
M00284,EXT00190,0,4.72
M00284,EXT00116,0,4.06
M00284,EXT00116,0,4.22
M00284,EXT00116,0,3.33
M00284,EXT00116,0,4.02
M00284,EXT00116,0,4.17
M00284,EXT00116,0,5.0
M00284,EXT00116,0,3.53
M00285,MEM00655,1,0.0
M00285,MEM00655,1,0.0
M00285,MEM00655,1,0.0
M00285,MEM00655,1,0.0
M00285,MEM00655,1,0.0
M00285,MEM00655,1,0.0
M00285,MEM00655,1,0.0
M00286,MEM00655,1,5.0
M00286,MEM00655,1,4.8
M00286,MEM00655,1,4.37
M00286,MEM00655,1,5.0
M00286,MEM00655,1,4.42
M00286,MEM00655,1,4.43
M00286,MEM00655,1,4.17
M00286,MEM00277,1,4.93
M00286,MEM00277,1,4.86
M00286,MEM00277,1,3.82
M00286,MEM00277,1,3.41
M00286,MEM00277,1,4.08
M00286,MEM00277,1,3.72
M00286,MEM00277,1,4.16
M00286,MEM00389,1,4.94
M00286,MEM00389,1,3.93
M00286,MEM00389,1,4.17
M00286,MEM00389,1,4.23
M00286,MEM00389,1,4.71
M00286,MEM00389,1,2.85
M00286,MEM00389,1,3.84
M00286,MEM00367,1,4.33
M00286,MEM00367,1,4.92
M00286,MEM00367,1,3.9
M00286,MEM00367,1,3.07
M00286,MEM00367,1,4.57
M00286,MEM00367,1,3.82
M00286,MEM00367,1,3.49
M00287,MEM00254,1,0.0
M00287,MEM00254,1,0.0
M00287,MEM00254,1,0.0
M00287,MEM00254,1,0.0
M00287,MEM00254,1,0.0
M00287,MEM00254,1,0.0
M00287,MEM00254,1,0.0
M00288,MEM00573,1,0.0
M00288,MEM00573,1,0.0
M00288,MEM00573,1,0.0
M00288,MEM00573,1,0.0
M00288,MEM00573,1,0.0
M00288,MEM00573,1,0.0
M00288,MEM00573,1,0.0
M00288,MEM00160,1,0.0
M00288,MEM00160,1,0.0
M00288,MEM00160,1,0.0
M00288,MEM00160,1,0.0
M00288,MEM00160,1,0.0
M00288,MEM00160,1,0.0
M00288,MEM00160,1,0.0
M00289,MEM00655,1,3.83
M00289,MEM00655,1,4.09
M00289,MEM00655,1,3.84
M00289,MEM00655,1,2.88
M00289,MEM00655,1,4.74
M00289,MEM00655,1,4.96
M00289,MEM00655,1,4.59
M00289,MEM00210,1,3.52
M00289,MEM00210,1,4.08
M00289,MEM00210,1,4.2
M00289,MEM00210,1,4.56
M00289,MEM00210,1,4.6
M00289,MEM00210,1,3.76
M00289,MEM00210,1,4.25
M00289,MEM00103,1,4.47
M00289,MEM00103,1,5.0
M00289,MEM00103,1,4.62
M00289,MEM00103,1,4.67
M00289,MEM00103,1,4.25
M00289,MEM00103,1,5.0
M00289,MEM00103,1,4.45
M00289,EXT00060,0,3.68
M00289,EXT00060,0,5.0
M00289,EXT00060,0,4.62
M00289,EXT00060,0,3.93
M00289,EXT00060,0,3.91
M00289,EXT00060,0,4.38
M00289,EXT00060,0,4.48
M00290,MEM00507,1,0.0
M00290,MEM00507,1,0.0
M00290,MEM00507,1,0.0
M00290,MEM00507,1,0.0
M00290,MEM00507,1,0.0
M00290,MEM00507,1,0.0
M00290,MEM00507,1,0.0
M00290,MEM00361,1,0.0
M00290,MEM00361,1,0.0
M00290,MEM00361,1,0.0
M00290,MEM00361,1,0.0
M00290,MEM00361,1,0.0
M00290,MEM00361,1,0.0
M00290,MEM00361,1,0.0
M00290,MEM00604,1,0.0
M00290,MEM00604,1,0.0
M00290,MEM00604,1,0.0
M00290,MEM00604,1,0.0
M00290,MEM00604,1,0.0
M00290,MEM00604,1,0.0
M00290,MEM00604,1,0.0
M00290,MEM00267,1,0.0
M00290,MEM00267,1,0.0
M00290,MEM00267,1,0.0
M00290,MEM00267,1,0.0
M00290,MEM00267,1,0.0
M00290,MEM00267,1,0.0
M00290,MEM00267,1,0.0
M00291,MEM00480,1,4.32
M00291,MEM00480,1,4.39
M00291,MEM00480,1,5.0
M00291,MEM00480,1,4.84
M00291,MEM00480,1,4.31
M00291,MEM00480,1,4.76
M00291,MEM00480,1,3.58
M00291,MEM00271,1,4.44
M00291,MEM00271,1,5.0
M00291,MEM00271,1,4.07
M00291,MEM00271,1,3.69
M00291,MEM00271,1,3.81
M00291,MEM00271,1,3.55
M00291,MEM00271,1,3.73
M00292,MEM00668,1,0.0
M00292,MEM00668,1,0.0
M00292,MEM00668,1,0.0
M00292,MEM00668,1,0.0
M00292,MEM00668,1,0.0
M00292,MEM00668,1,0.0
M00292,MEM00668,1,0.0
M00293,MEM00375,1,0.0
M00293,MEM00375,1,0.0
M00293,MEM00375,1,0.0
M00293,MEM00375,1,0.0
M00293,MEM00375,1,0.0
M00293,MEM00375,1,0.0
M00293,MEM00375,1,0.0
M00294,MEM00780,1,3.98
M00294,MEM00780,1,3.36
M00294,MEM00780,1,4.21
M00294,MEM00780,1,4.74
M00294,MEM00780,1,3.66
M00294,MEM00780,1,5.0
M00294,MEM00780,1,4.51
M00294,MEM00492,1,4.82
M00294,MEM00492,1,3.81
M00294,MEM00492,1,4.71
M00294,MEM00492,1,3.54
M00294,MEM00492,1,4.73
M00294,MEM00492,1,4.3
M00294,MEM00492,1,4.53
M00294,MEM00120,1,3.49
M00294,MEM00120,1,3.66
M00294,MEM00120,1,4.56
M00294,MEM00120,1,3.63
M00294,MEM00120,1,4.48
M00294,MEM00120,1,3.38
M00294,MEM00120,1,4.71
M00294,EXT00275,0,3.46
M00294,EXT00275,0,4.53
M00294,EXT00275,0,4.58
M00294,EXT00275,0,3.78
M00294,EXT00275,0,4.55
M00294,EXT00275,0,4.36
M00294,EXT00275,0,3.88
M00295,MEM00251,1,0.0
M00295,MEM00251,1,0.0
M00295,MEM00251,1,0.0
M00295,MEM00251,1,0.0
M00295,MEM00251,1,0.0
M00295,MEM00251,1,0.0
M00295,MEM00251,1,0.0
M00295,EXT00279,0,0.0
M00295,EXT00279,0,0.0
M00295,EXT00279,0,0.0
M00295,EXT00279,0,0.0
M00295,EXT00279,0,0.0
M00295,EXT00279,0,0.0
M00295,EXT00279,0,0.0
M00296,MEM00072,1,3.59
M00296,MEM00072,1,3.02
M00296,MEM00072,1,4.41
M00296,MEM00072,1,3.26
M00296,MEM00072,1,4.26
M00296,MEM00072,1,4.04
M00296,MEM00072,1,4.61
M00296,EXT00070,0,4.02
M00296,EXT00070,0,4.0
M00296,EXT00070,0,4.64
M00296,EXT00070,0,4.4
M00296,EXT00070,0,4.39
M00296,EXT00070,0,4.48
M00296,EXT00070,0,3.28
M00297,EXT00342,0,0.0
M00297,EXT00342,0,0.0
M00297,EXT00342,0,0.0
M00297,EXT00342,0,0.0
M00297,EXT00342,0,0.0
M00297,EXT00342,0,0.0
M00297,EXT00342,0,0.0
M00298,MEM00201,1,4.65
M00298,MEM00201,1,4.57
M00298,MEM00201,1,3.59
M00298,MEM00201,1,4.05
M00298,MEM00201,1,4.18
M00298,MEM00201,1,4.12
M00298,MEM00201,1,4.4
M00298,MEM00664,1,5.0
M00298,MEM00664,1,4.85
M00298,MEM00664,1,3.41
M00298,MEM00664,1,4.57
M00298,MEM00664,1,5.0
M00298,MEM00664,1,4.43
M00298,MEM00664,1,4.85
M00298,MEM00213,1,5.0
M00298,MEM00213,1,4.81
M00298,MEM00213,1,4.35
M00298,MEM00213,1,4.83
M00298,MEM00213,1,4.29
M00298,MEM00213,1,4.21
M00298,MEM00213,1,3.99
M00298,MEM00501,1,5.0
M00298,MEM00501,1,3.71
M00298,MEM00501,1,5.0
M00298,MEM00501,1,4.5
M00298,MEM00501,1,3.36
M00298,MEM00501,1,4.42
M00298,MEM00501,1,2.94
M00299,MEM00561,1,4.58
M00299,MEM00561,1,4.73
M00299,MEM00561,1,3.84
M00299,MEM00561,1,4.27
M00299,MEM00561,1,5.0
M00299,MEM00561,1,3.9
M00299,MEM00561,1,3.56
M00299,EXT00208,0,5.0
M00299,EXT00208,0,5.0
M00299,EXT00208,0,4.2
M00299,EXT00208,0,4.81
M00299,EXT00208,0,5.0
M00299,EXT00208,0,3.75
M00299,EXT00208,0,3.91
M00300,MEM00181,1,0.0
M00300,MEM00181,1,0.0
M00300,MEM00181,1,0.0
M00300,MEM00181,1,0.0
M00300,MEM00181,1,0.0
M00300,MEM00181,1,0.0
M00300,MEM00181,1,0.0
M00300,MEM00235,1,0.0
M00300,MEM00235,1,0.0
M00300,MEM00235,1,0.0
M00300,MEM00235,1,0.0
M00300,MEM00235,1,0.0
M00300,MEM00235,1,0.0
M00300,MEM00235,1,0.0
M00301,MEM00033,1,0.0
M00301,MEM00033,1,0.0
M00301,MEM00033,1,0.0
M00301,MEM00033,1,0.0
M00301,MEM00033,1,0.0
M00301,MEM00033,1,0.0
M00301,MEM00033,1,0.0
M00302,EXT00261,0,4.94
M00302,EXT00261,0,5.0
M00302,EXT00261,0,4.54
M00302,EXT00261,0,3.67
M00302,EXT00261,0,5.0
M00302,EXT00261,0,3.88
M00302,EXT00261,0,4.0
M00302,EXT00113,0,4.41
M00302,EXT00113,0,5.0
M00302,EXT00113,0,4.71
M00302,EXT00113,0,4.45
M00302,EXT00113,0,4.48
M00302,EXT00113,0,4.23
M00302,EXT00113,0,4.53
M00303,MEM00694,1,2.68
M00303,MEM00694,1,4.02
M00303,MEM00694,1,4.34
M00303,MEM00694,1,3.51
M00303,MEM00694,1,4.43
M00303,MEM00694,1,4.08
M00303,MEM00694,1,5.0
M00303,MEM00756,1,5.0
M00303,MEM00756,1,3.92
M00303,MEM00756,1,4.11
M00303,MEM00756,1,4.16
M00303,MEM00756,1,3.93
M00303,MEM00756,1,4.32
M00303,MEM00756,1,3.75
M00304,MEM00625,1,3.52
M00304,MEM00625,1,4.57
M00304,MEM00625,1,4.58
M00304,MEM00625,1,3.72
M00304,MEM00625,1,4.74
M00304,MEM00625,1,3.82
M00304,MEM00625,1,4.35
M00304,MEM00615,1,4.69
M00304,MEM00615,1,4.18
M00304,MEM00615,1,4.47
M00304,MEM00615,1,3.89
M00304,MEM00615,1,4.08
M00304,MEM00615,1,4.08
M00304,MEM00615,1,3.75
M00305,MEM00210,1,4.09
M00305,MEM00210,1,3.27
M00305,MEM00210,1,3.91
M00305,MEM00210,1,4.03
M00305,MEM00210,1,4.05
M00305,MEM00210,1,4.06
M00305,MEM00210,1,4.16
M00305,MEM00730,1,4.49
M00305,MEM00730,1,4.72
M00305,MEM00730,1,3.81
M00305,MEM00730,1,3.48
M00305,MEM00730,1,3.57
M00305,MEM00730,1,3.91
M00305,MEM00730,1,3.99
M00305,MEM00526,1,3.74
M00305,MEM00526,1,3.42
M00305,MEM00526,1,3.93
M00305,MEM00526,1,4.31
M00305,MEM00526,1,4.56
M00305,MEM00526,1,3.87
M00305,MEM00526,1,3.95
M00305,EXT00271,0,3.64
M00305,EXT00271,0,4.18
M00305,EXT00271,0,3.69
M00305,EXT00271,0,4.54
M00305,EXT00271,0,3.13
M00305,EXT00271,0,3.98
M00305,EXT00271,0,4.38
M00306,MEM00436,1,0.0
M00306,MEM00436,1,0.0
M00306,MEM00436,1,0.0
M00306,MEM00436,1,0.0
M00306,MEM00436,1,0.0
M00306,MEM00436,1,0.0
M00306,MEM00436,1,0.0
M00308,MEM00355,1,4.31
M00308,MEM00355,1,5.0
M00308,MEM00355,1,4.41
M00308,MEM00355,1,3.6
M00308,MEM00355,1,4.14
M00308,MEM00355,1,3.13
M00308,MEM00355,1,4.15
M00308,MEM00689,1,3.7
M00308,MEM00689,1,4.75
M00308,MEM00689,1,3.87
M00308,MEM00689,1,4.13
M00308,MEM00689,1,3.82
M00308,MEM00689,1,5.0
M00308,MEM00689,1,4.01
M00308,MEM00112,1,5.0
M00308,MEM00112,1,4.69
M00308,MEM00112,1,4.49
M00308,MEM00112,1,4.42
M00308,MEM00112,1,4.44
M00308,MEM00112,1,3.04
M00308,MEM00112,1,4.03
M00308,MEM00368,1,4.71
M00308,MEM00368,1,4.17
M00308,MEM00368,1,3.36
M00308,MEM00368,1,4.17
M00308,MEM00368,1,5.0
M00308,MEM00368,1,4.95
M00308,MEM00368,1,4.16
M00309,MEM00777,1,0.0
M00309,MEM00777,1,0.0
M00309,MEM00777,1,0.0
M00309,MEM00777,1,0.0
M00309,MEM00777,1,0.0
M00309,MEM00777,1,0.0
M00309,MEM00777,1,0.0
M00309,MEM00425,1,0.0
M00309,MEM00425,1,0.0
M00309,MEM00425,1,0.0
M00309,MEM00425,1,0.0
M00309,MEM00425,1,0.0
M00309,MEM00425,1,0.0
M00309,MEM00425,1,0.0
M00309,MEM00295,1,0.0
M00309,MEM00295,1,0.0
M00309,MEM00295,1,0.0
M00309,MEM00295,1,0.0
M00309,MEM00295,1,0.0
M00309,MEM00295,1,0.0
M00309,MEM00295,1,0.0
M00310,EXT00165,0,4.77
M00310,EXT00165,0,3.98
M00310,EXT00165,0,3.18
M00310,EXT00165,0,3.65
M00310,EXT00165,0,5.0
M00310,EXT00165,0,4.04
M00310,EXT00165,0,4.05
M00310,EXT00048,0,4.02
M00310,EXT00048,0,5.0
M00310,EXT00048,0,5.0
M00310,EXT00048,0,5.0
M00310,EXT00048,0,4.1
M00310,EXT00048,0,4.38
M00310,EXT00048,0,3.29
M00311,MEM00045,1,0.0
M00311,MEM00045,1,0.0
M00311,MEM00045,1,0.0
M00311,MEM00045,1,0.0
M00311,MEM00045,1,0.0
M00311,MEM00045,1,0.0
M00311,MEM00045,1,0.0
M00312,MEM00595,1,5.0
M00312,MEM00595,1,3.5
M00312,MEM00595,1,4.33
M00312,MEM00595,1,3.54
M00312,MEM00595,1,3.85
M00312,MEM00595,1,3.7
M00312,MEM00595,1,3.84
M00312,MEM00739,1,3.88
M00312,MEM00739,1,3.87
M00312,MEM00739,1,4.7
M00312,MEM00739,1,3.54
M00312,MEM00739,1,4.33
M00312,MEM00739,1,4.93
M00312,MEM00739,1,3.89
M00312,EXT00104,0,3.77
M00312,EXT00104,0,4.06
M00312,EXT00104,0,4.91
M00312,EXT00104,0,4.32
M00312,EXT00104,0,3.88
M00312,EXT00104,0,4.49
M00312,EXT00104,0,3.54
M00312,EXT00342,0,4.61
M00312,EXT00342,0,4.45
M00312,EXT00342,0,4.02
M00312,EXT00342,0,3.7
M00312,EXT00342,0,3.67
M00312,EXT00342,0,4.52
M00312,EXT00342,0,4.94
M00313,MEM00221,1,0.0
M00313,MEM00221,1,0.0
M00313,MEM00221,1,0.0
M00313,MEM00221,1,0.0
M00313,MEM00221,1,0.0
M00313,MEM00221,1,0.0
M00313,MEM00221,1,0.0
M00313,MEM00735,1,0.0
M00313,MEM00735,1,0.0
M00313,MEM00735,1,0.0
M00313,MEM00735,1,0.0
M00313,MEM00735,1,0.0
M00313,MEM00735,1,0.0
M00313,MEM00735,1,0.0
M00314,MEM00606,1,0.0
M00314,MEM00606,1,0.0
M00314,MEM00606,1,0.0
M00314,MEM00606,1,0.0
M00314,MEM00606,1,0.0
M00314,MEM00606,1,0.0
M00314,MEM00606,1,0.0
M00315,MEM00018,1,0.0
M00315,MEM00018,1,0.0
M00315,MEM00018,1,0.0
M00315,MEM00018,1,0.0
M00315,MEM00018,1,0.0
M00315,MEM00018,1,0.0
M00315,MEM00018,1,0.0
M00315,MEM00642,1,0.0
M00315,MEM00642,1,0.0
M00315,MEM00642,1,0.0
M00315,MEM00642,1,0.0
M00315,MEM00642,1,0.0
M00315,MEM00642,1,0.0
M00315,MEM00642,1,0.0
M00316,MEM00768,1,3.82
M00316,MEM00768,1,4.48
M00316,MEM00768,1,2.95
M00316,MEM00768,1,3.85
M00316,MEM00768,1,4.18
M00316,MEM00768,1,3.65
M00316,MEM00768,1,3.64
M00316,MEM00584,1,3.8
M00316,MEM00584,1,4.38
M00316,MEM00584,1,4.09
M00316,MEM00584,1,2.86
M00316,MEM00584,1,2.93
M00316,MEM00584,1,3.84
M00316,MEM00584,1,4.47
M00316,EXT00113,0,2.55
M00316,EXT00113,0,3.9
M00316,EXT00113,0,3.88
M00316,EXT00113,0,5.0
M00316,EXT00113,0,3.97
M00316,EXT00113,0,4.43
M00316,EXT00113,0,4.28
M00316,EXT00332,0,2.92
M00316,EXT00332,0,4.66
M00316,EXT00332,0,4.33
M00316,EXT00332,0,4.5
M00316,EXT00332,0,5.0
M00316,EXT00332,0,2.95
M00316,EXT00332,0,5.0
M00317,MEM00565,1,4.03
M00317,MEM00565,1,4.37
M00317,MEM00565,1,4.17
M00317,MEM00565,1,3.95
M00317,MEM00565,1,3.86
M00317,MEM00565,1,4.4
M00317,MEM00565,1,3.29
M00317,MEM00695,1,4.65
M00317,MEM00695,1,3.95
M00317,MEM00695,1,3.52
M00317,MEM00695,1,3.93
M00317,MEM00695,1,4.95
M00317,MEM00695,1,3.88
M00317,MEM00695,1,4.42
M00317,MEM00114,1,3.76
M00317,MEM00114,1,4.65
M00317,MEM00114,1,4.61
M00317,MEM00114,1,5.0
M00317,MEM00114,1,4.09
M00317,MEM00114,1,4.6
M00317,MEM00114,1,4.26
M00317,MEM00216,1,4.98
M00317,MEM00216,1,3.77
M00317,MEM00216,1,4.65
M00317,MEM00216,1,4.08
M00317,MEM00216,1,4.16
M00317,MEM00216,1,4.26
M00317,MEM00216,1,4.35
M00318,MEM00422,1,4.13
M00318,MEM00422,1,4.33
M00318,MEM00422,1,5.0
M00318,MEM00422,1,4.79
M00318,MEM00422,1,4.72
M00318,MEM00422,1,3.93
M00318,MEM00422,1,3.67
M00318,EXT00041,0,4.77
M00318,EXT00041,0,4.73
M00318,EXT00041,0,5.0
M00318,EXT00041,0,3.84
M00318,EXT00041,0,4.06
M00318,EXT00041,0,3.22
M00318,EXT00041,0,3.96
M00320,MEM00210,1,0.0
M00320,MEM00210,1,0.0
M00320,MEM00210,1,0.0
M00320,MEM00210,1,0.0
M00320,MEM00210,1,0.0
M00320,MEM00210,1,0.0
M00320,MEM00210,1,0.0
M00321,MEM00008,1,0.0
M00321,MEM00008,1,0.0
M00321,MEM00008,1,0.0
M00321,MEM00008,1,0.0
M00321,MEM00008,1,0.0
M00321,MEM00008,1,0.0
M00321,MEM00008,1,0.0
M00322,EXT00111,0,4.8
M00322,EXT00111,0,3.92
M00322,EXT00111,0,4.58
M00322,EXT00111,0,4.09
M00322,EXT00111,0,4.39
M00322,EXT00111,0,3.51
M00322,EXT00111,0,4.25
M00322,EXT00188,0,2.41
M00322,EXT00188,0,4.09
M00322,EXT00188,0,3.22
M00322,EXT00188,0,4.92
M00322,EXT00188,0,4.67
M00322,EXT00188,0,4.48
M00322,EXT00188,0,5.0
M00323,MEM00226,1,0.0
M00323,MEM00226,1,0.0
M00323,MEM00226,1,0.0
M00323,MEM00226,1,0.0
M00323,MEM00226,1,0.0
M00323,MEM00226,1,0.0
M00323,MEM00226,1,0.0
M00323,MEM00475,1,0.0
M00323,MEM00475,1,0.0
M00323,MEM00475,1,0.0
M00323,MEM00475,1,0.0
M00323,MEM00475,1,0.0
M00323,MEM00475,1,0.0
M00323,MEM00475,1,0.0
M00324,MEM00600,1,3.63
M00324,MEM00600,1,5.0
M00324,MEM00600,1,4.76
M00324,MEM00600,1,4.06
M00324,MEM00600,1,4.88
M00324,MEM00600,1,3.54
M00324,MEM00600,1,3.71
M00324,MEM00724,1,3.83
M00324,MEM00724,1,3.88
M00324,MEM00724,1,3.57
M00324,MEM00724,1,4.93
M00324,MEM00724,1,4.04
M00324,MEM00724,1,4.41
M00324,MEM00724,1,3.86
M00324,MEM00230,1,3.11
M00324,MEM00230,1,4.36
M00324,MEM00230,1,3.05
M00324,MEM00230,1,4.16
M00324,MEM00230,1,3.38
M00324,MEM00230,1,5.0
M00324,MEM00230,1,4.75
M00324,MEM00053,1,4.26
M00324,MEM00053,1,4.96
M00324,MEM00053,1,3.69
M00324,MEM00053,1,4.53
M00324,MEM00053,1,4.32
M00324,MEM00053,1,4.36
M00324,MEM00053,1,4.96
M00325,EXT00340,0,0.0
M00325,EXT00340,0,0.0
M00325,EXT00340,0,0.0
M00325,EXT00340,0,0.0
M00325,EXT00340,0,0.0
M00325,EXT00340,0,0.0
M00325,EXT00340,0,0.0
M00325,EXT00269,0,0.0
M00325,EXT00269,0,0.0
M00325,EXT00269,0,0.0
M00325,EXT00269,0,0.0
M00325,EXT00269,0,0.0
M00325,EXT00269,0,0.0
M00325,EXT00269,0,0.0
M00325,EXT00236,0,0.0
M00325,EXT00236,0,0.0
M00325,EXT00236,0,0.0
M00325,EXT00236,0,0.0
M00325,EXT00236,0,0.0
M00325,EXT00236,0,0.0
M00325,EXT00236,0,0.0
M00326,MEM00168,1,4.64
M00326,MEM00168,1,4.37
M00326,MEM00168,1,3.21
M00326,MEM00168,1,3.62
M00326,MEM00168,1,4.13
M00326,MEM00168,1,4.26
M00326,MEM00168,1,3.52
M00326,MEM00712,1,5.0
M00326,MEM00712,1,5.0
M00326,MEM00712,1,4.56
M00326,MEM00712,1,4.24
M00326,MEM00712,1,4.07
M00326,MEM00712,1,3.63
M00326,MEM00712,1,4.25
M00326,EXT00033,0,4.35
M00326,EXT00033,0,3.45
M00326,EXT00033,0,4.4
M00326,EXT00033,0,4.11
M00326,EXT00033,0,3.06
M00326,EXT00033,0,3.68
M00326,EXT00033,0,3.95
M00326,EXT00090,0,5.0
M00326,EXT00090,0,4.53
M00326,EXT00090,0,3.4
M00326,EXT00090,0,4.49
M00326,EXT00090,0,3.27
M00326,EXT00090,0,4.85
M00326,EXT00090,0,3.92
M00327,MEM00035,1,4.14
M00327,MEM00035,1,5.0
M00327,MEM00035,1,3.43
M00327,MEM00035,1,3.36
M00327,MEM00035,1,3.85
M00327,MEM00035,1,4.82
M00327,MEM00035,1,3.29
M00327,MEM00630,1,2.5
M00327,MEM00630,1,3.93
M00327,MEM00630,1,4.53
M00327,MEM00630,1,4.92
M00327,MEM00630,1,3.92
M00327,MEM00630,1,3.95
M00327,MEM00630,1,4.89
M00328,MEM00461,1,3.08
M00328,MEM00461,1,3.97
M00328,MEM00461,1,4.31
M00328,MEM00461,1,4.47
M00328,MEM00461,1,3.89
M00328,MEM00461,1,4.22
M00328,MEM00461,1,2.71
M00328,EXT00400,0,3.81
M00328,EXT00400,0,4.47
M00328,EXT00400,0,3.61
M00328,EXT00400,0,4.24
M00328,EXT00400,0,4.47
M00328,EXT00400,0,3.99
M00328,EXT00400,0,4.3
M00329,MEM00680,1,3.62
M00329,MEM00680,1,4.08
M00329,MEM00680,1,4.57
M00329,MEM00680,1,4.29
M00329,MEM00680,1,3.85
M00329,MEM00680,1,4.33
M00329,MEM00680,1,4.63
M00329,MEM00414,1,2.97
M00329,MEM00414,1,4.9
M00329,MEM00414,1,4.0
M00329,MEM00414,1,4.46
M00329,MEM00414,1,4.92
M00329,MEM00414,1,3.38
M00329,MEM00414,1,3.77
M00329,MEM00066,1,4.03
M00329,MEM00066,1,3.73
M00329,MEM00066,1,5.0
M00329,MEM00066,1,3.69
M00329,MEM00066,1,3.87
M00329,MEM00066,1,4.32
M00329,MEM00066,1,3.48
M00329,MEM00656,1,3.96
M00329,MEM00656,1,4.39
M00329,MEM00656,1,4.0
M00329,MEM00656,1,4.14
M00329,MEM00656,1,3.88
M00329,MEM00656,1,3.29
M00329,MEM00656,1,4.39
M00330,MEM00475,1,0.0
M00330,MEM00475,1,0.0
M00330,MEM00475,1,0.0
M00330,MEM00475,1,0.0
M00330,MEM00475,1,0.0
M00330,MEM00475,1,0.0
M00330,MEM00475,1,0.0
M00331,MEM00092,1,5.0
M00331,MEM00092,1,4.21
M00331,MEM00092,1,4.34
M00331,MEM00092,1,4.62
M00331,MEM00092,1,3.44
M00331,MEM00092,1,5.0
M00331,MEM00092,1,4.32
M00331,MEM00114,1,5.0
M00331,MEM00114,1,3.76
M00331,MEM00114,1,5.0
M00331,MEM00114,1,4.67
M00331,MEM00114,1,4.53
M00331,MEM00114,1,4.34
M00331,MEM00114,1,4.05
M00332,MEM00733,1,4.92
M00332,MEM00733,1,4.28
M00332,MEM00733,1,3.02
M00332,MEM00733,1,3.53
M00332,MEM00733,1,4.09
M00332,MEM00733,1,4.39
M00332,MEM00733,1,4.17
M00332,EXT00270,0,4.93
M00332,EXT00270,0,3.03
M00332,EXT00270,0,4.29
M00332,EXT00270,0,3.11
M00332,EXT00270,0,4.66
M00332,EXT00270,0,4.14
M00332,EXT00270,0,4.45
M00333,MEM00655,1,0.0
M00333,MEM00655,1,0.0
M00333,MEM00655,1,0.0
M00333,MEM00655,1,0.0
M00333,MEM00655,1,0.0
M00333,MEM00655,1,0.0
M00333,MEM00655,1,0.0
M00334,MEM00702,1,0.0
M00334,MEM00702,1,0.0
M00334,MEM00702,1,0.0
M00334,MEM00702,1,0.0
M00334,MEM00702,1,0.0
M00334,MEM00702,1,0.0
M00334,MEM00702,1,0.0
M00335,MEM00449,1,0.0
M00335,MEM00449,1,0.0
M00335,MEM00449,1,0.0
M00335,MEM00449,1,0.0
M00335,MEM00449,1,0.0
M00335,MEM00449,1,0.0
M00335,MEM00449,1,0.0
M00335,EXT00209,0,0.0
M00335,EXT00209,0,0.0
M00335,EXT00209,0,0.0
M00335,EXT00209,0,0.0
M00335,EXT00209,0,0.0
M00335,EXT00209,0,0.0
M00335,EXT00209,0,0.0
M00337,MEM00244,1,3.68
M00337,MEM00244,1,4.97
M00337,MEM00244,1,4.83
M00337,MEM00244,1,4.55
M00337,MEM00244,1,4.12
M00337,MEM00244,1,4.55
M00337,MEM00244,1,3.78
M00337,MEM00335,1,4.71
M00337,MEM00335,1,5.0
M00337,MEM00335,1,4.84
M00337,MEM00335,1,3.76
M00337,MEM00335,1,4.42
M00337,MEM00335,1,3.42
M00337,MEM00335,1,4.54
M00338,MEM00341,1,0.0
M00338,MEM00341,1,0.0
M00338,MEM00341,1,0.0
M00338,MEM00341,1,0.0
M00338,MEM00341,1,0.0
M00338,MEM00341,1,0.0
M00338,MEM00341,1,0.0
M00339,MEM00712,1,4.47
M00339,MEM00712,1,3.08
M00339,MEM00712,1,3.5
M00339,MEM00712,1,4.03
M00339,MEM00712,1,4.02
M00339,MEM00712,1,3.47
M00339,MEM00712,1,4.43
M00339,MEM00617,1,4.35
M00339,MEM00617,1,4.08
M00339,MEM00617,1,3.75
M00339,MEM00617,1,4.83
M00339,MEM00617,1,5.0
M00339,MEM00617,1,3.91
M00339,MEM00617,1,3.83
M00339,MEM00478,1,4.49
M00339,MEM00478,1,3.99
M00339,MEM00478,1,4.12
M00339,MEM00478,1,4.64
M00339,MEM00478,1,3.05
M00339,MEM00478,1,4.99
M00339,MEM00478,1,4.24
M00339,EXT00173,0,3.95
M00339,EXT00173,0,4.15
M00339,EXT00173,0,4.18
M00339,EXT00173,0,3.16
M00339,EXT00173,0,5.0
M00339,EXT00173,0,4.22
M00339,EXT00173,0,4.47
M00341,MEM00492,1,0.0
M00341,MEM00492,1,0.0
M00341,MEM00492,1,0.0
M00341,MEM00492,1,0.0
M00341,MEM00492,1,0.0
M00341,MEM00492,1,0.0
M00341,MEM00492,1,0.0
M00341,MEM00479,1,0.0
M00341,MEM00479,1,0.0
M00341,MEM00479,1,0.0
M00341,MEM00479,1,0.0
M00341,MEM00479,1,0.0
M00341,MEM00479,1,0.0
M00341,MEM00479,1,0.0
M00341,MEM00471,1,0.0
M00341,MEM00471,1,0.0
M00341,MEM00471,1,0.0
M00341,MEM00471,1,0.0
M00341,MEM00471,1,0.0
M00341,MEM00471,1,0.0
M00341,MEM00471,1,0.0
M00341,EXT00284,0,0.0
M00341,EXT00284,0,0.0
M00341,EXT00284,0,0.0
M00341,EXT00284,0,0.0
M00341,EXT00284,0,0.0
M00341,EXT00284,0,0.0
M00341,EXT00284,0,0.0
M00343,MEM00401,1,4.77
M00343,MEM00401,1,3.59
M00343,MEM00401,1,4.48
M00343,MEM00401,1,4.04
M00343,MEM00401,1,4.71
M00343,MEM00401,1,2.92
M00343,MEM00401,1,4.14
M00343,MEM00209,1,3.84
M00343,MEM00209,1,4.46
M00343,MEM00209,1,4.48
M00343,MEM00209,1,3.78
M00343,MEM00209,1,3.77
M00343,MEM00209,1,4.13
M00343,MEM00209,1,3.66
M00344,MEM00299,1,0.0
M00344,MEM00299,1,0.0
M00344,MEM00299,1,0.0
M00344,MEM00299,1,0.0
M00344,MEM00299,1,0.0
M00344,MEM00299,1,0.0
M00344,MEM00299,1,0.0
M00344,MEM00107,1,0.0
M00344,MEM00107,1,0.0
M00344,MEM00107,1,0.0
M00344,MEM00107,1,0.0
M00344,MEM00107,1,0.0
M00344,MEM00107,1,0.0
M00344,MEM00107,1,0.0
M00344,EXT00198,0,0.0
M00344,EXT00198,0,0.0
M00344,EXT00198,0,0.0
M00344,EXT00198,0,0.0
M00344,EXT00198,0,0.0
M00344,EXT00198,0,0.0
M00344,EXT00198,0,0.0
M00344,EXT00260,0,0.0
M00344,EXT00260,0,0.0
M00344,EXT00260,0,0.0
M00344,EXT00260,0,0.0
M00344,EXT00260,0,0.0
M00344,EXT00260,0,0.0
M00344,EXT00260,0,0.0
M00345,MEM00763,1,0.0
M00345,MEM00763,1,0.0
M00345,MEM00763,1,0.0
M00345,MEM00763,1,0.0
M00345,MEM00763,1,0.0
M00345,MEM00763,1,0.0
M00345,MEM00763,1,0.0
M00346,MEM00477,1,0.0
M00346,MEM00477,1,0.0
M00346,MEM00477,1,0.0
M00346,MEM00477,1,0.0
M00346,MEM00477,1,0.0
M00346,MEM00477,1,0.0
M00346,MEM00477,1,0.0
M00347,EXT00303,0,0.0
M00347,EXT00303,0,0.0
M00347,EXT00303,0,0.0
M00347,EXT00303,0,0.0
M00347,EXT00303,0,0.0
M00347,EXT00303,0,0.0
M00347,EXT00303,0,0.0
M00348,MEM00398,1,0.0
M00348,MEM00398,1,0.0
M00348,MEM00398,1,0.0
M00348,MEM00398,1,0.0
M00348,MEM00398,1,0.0
M00348,MEM00398,1,0.0
M00348,MEM00398,1,0.0
M00349,MEM00492,1,0.0
M00349,MEM00492,1,0.0
M00349,MEM00492,1,0.0
M00349,MEM00492,1,0.0
M00349,MEM00492,1,0.0
M00349,MEM00492,1,0.0
M00349,MEM00492,1,0.0
M00349,MEM00072,1,0.0
M00349,MEM00072,1,0.0
M00349,MEM00072,1,0.0
M00349,MEM00072,1,0.0
M00349,MEM00072,1,0.0
M00349,MEM00072,1,0.0
M00349,MEM00072,1,0.0
M00350,MEM00282,1,0.0
M00350,MEM00282,1,0.0
M00350,MEM00282,1,0.0
M00350,MEM00282,1,0.0
M00350,MEM00282,1,0.0
M00350,MEM00282,1,0.0
M00350,MEM00282,1,0.0
M00350,MEM00210,1,0.0
M00350,MEM00210,1,0.0
M00350,MEM00210,1,0.0
M00350,MEM00210,1,0.0
M00350,MEM00210,1,0.0
M00350,MEM00210,1,0.0
M00350,MEM00210,1,0.0
M00350,MEM00375,1,0.0
M00350,MEM00375,1,0.0
M00350,MEM00375,1,0.0
M00350,MEM00375,1,0.0
M00350,MEM00375,1,0.0
M00350,MEM00375,1,0.0
M00350,MEM00375,1,0.0
M00350,MEM00049,1,0.0
M00350,MEM00049,1,0.0
M00350,MEM00049,1,0.0
M00350,MEM00049,1,0.0
M00350,MEM00049,1,0.0
M00350,MEM00049,1,0.0
M00350,MEM00049,1,0.0
M00351,MEM00212,1,4.71
M00351,MEM00212,1,3.98
M00351,MEM00212,1,2.46
M00351,MEM00212,1,3.98
M00351,MEM00212,1,3.58
M00351,MEM00212,1,3.22
M00351,MEM00212,1,3.46
M00351,MEM00126,1,4.27
M00351,MEM00126,1,5.0
M00351,MEM00126,1,4.39
M00351,MEM00126,1,3.84
M00351,MEM00126,1,4.47
M00351,MEM00126,1,3.92
M00351,MEM00126,1,3.78
M00351,MEM00772,1,3.51
M00351,MEM00772,1,3.15
M00351,MEM00772,1,3.97
M00351,MEM00772,1,4.29
M00351,MEM00772,1,4.14
M00351,MEM00772,1,3.95
M00351,MEM00772,1,3.63
M00351,EXT00125,0,4.56
M00351,EXT00125,0,3.41
M00351,EXT00125,0,4.67
M00351,EXT00125,0,3.6
M00351,EXT00125,0,3.75
M00351,EXT00125,0,3.32
M00351,EXT00125,0,3.9
M00353,MEM00379,1,0.0
M00353,MEM00379,1,0.0
M00353,MEM00379,1,0.0
M00353,MEM00379,1,0.0
M00353,MEM00379,1,0.0
M00353,MEM00379,1,0.0
M00353,MEM00379,1,0.0
M00354,MEM00479,1,4.79
M00354,MEM00479,1,4.51
M00354,MEM00479,1,4.79
M00354,MEM00479,1,4.51
M00354,MEM00479,1,3.54
M00354,MEM00479,1,4.0
M00354,MEM00479,1,3.73
M00354,MEM00177,1,5.0
M00354,MEM00177,1,3.48
M00354,MEM00177,1,4.74
M00354,MEM00177,1,4.74
M00354,MEM00177,1,5.0
M00354,MEM00177,1,3.95
M00354,MEM00177,1,4.63
M00355,MEM00214,1,5.0
M00355,MEM00214,1,3.83
M00355,MEM00214,1,3.28
M00355,MEM00214,1,3.07
M00355,MEM00214,1,4.63
M00355,MEM00214,1,3.07
M00355,MEM00214,1,3.98
M00355,EXT00003,0,4.46
M00355,EXT00003,0,4.31
M00355,EXT00003,0,4.46
M00355,EXT00003,0,4.33
M00355,EXT00003,0,4.97
M00355,EXT00003,0,3.63
M00355,EXT00003,0,3.79
M00355,EXT00209,0,3.74
M00355,EXT00209,0,4.7
M00355,EXT00209,0,4.74
M00355,EXT00209,0,4.47
M00355,EXT00209,0,4.91
M00355,EXT00209,0,3.49
M00355,EXT00209,0,5.0
M00355,EXT00081,0,5.0
M00355,EXT00081,0,4.64
M00355,EXT00081,0,5.0
M00355,EXT00081,0,3.21
M00355,EXT00081,0,3.89
M00355,EXT00081,0,3.76
M00355,EXT00081,0,4.63
M00356,MEM00006,1,0.0
M00356,MEM00006,1,0.0
M00356,MEM00006,1,0.0
M00356,MEM00006,1,0.0
M00356,MEM00006,1,0.0
M00356,MEM00006,1,0.0
M00356,MEM00006,1,0.0
M00356,MEM00189,1,0.0
M00356,MEM00189,1,0.0
M00356,MEM00189,1,0.0
M00356,MEM00189,1,0.0
M00356,MEM00189,1,0.0
M00356,MEM00189,1,0.0
M00356,MEM00189,1,0.0
M00357,EXT00019,0,0.0
M00357,EXT00019,0,0.0
M00357,EXT00019,0,0.0
M00357,EXT00019,0,0.0
M00357,EXT00019,0,0.0
M00357,EXT00019,0,0.0
M00357,EXT00019,0,0.0
M00358,MEM00637,1,3.57
M00358,MEM00637,1,4.65
M00358,MEM00637,1,5.0
M00358,MEM00637,1,4.62
M00358,MEM00637,1,4.37
M00358,MEM00637,1,3.61
M00358,MEM00637,1,3.69
M00358,MEM00258,1,4.95
M00358,MEM00258,1,4.67
M00358,MEM00258,1,4.18
M00358,MEM00258,1,3.95
M00358,MEM00258,1,2.98
M00358,MEM00258,1,3.56
M00358,MEM00258,1,5.0
M00358,MEM00107,1,3.43
M00358,MEM00107,1,4.31
M00358,MEM00107,1,4.8
M00358,MEM00107,1,3.45
M00358,MEM00107,1,4.31
M00358,MEM00107,1,4.76
M00358,MEM00107,1,4.21
M00358,MEM00449,1,5.0
M00358,MEM00449,1,3.2
M00358,MEM00449,1,4.84
M00358,MEM00449,1,4.1
M00358,MEM00449,1,4.66
M00358,MEM00449,1,4.46
M00358,MEM00449,1,3.76
M00359,MEM00402,1,4.34
M00359,MEM00402,1,3.09
M00359,MEM00402,1,4.56
M00359,MEM00402,1,4.38
M00359,MEM00402,1,4.58
M00359,MEM00402,1,4.83
M00359,MEM00402,1,4.42
M00359,MEM00223,1,4.29
M00359,MEM00223,1,3.67
M00359,MEM00223,1,3.77
M00359,MEM00223,1,4.91
M00359,MEM00223,1,5.0
M00359,MEM00223,1,4.06
M00359,MEM00223,1,4.23
M00359,EXT00156,0,3.66
M00359,EXT00156,0,4.9
M00359,EXT00156,0,4.6
M00359,EXT00156,0,5.0
M00359,EXT00156,0,3.67
M00359,EXT00156,0,3.97
M00359,EXT00156,0,4.34
M00359,EXT00366,0,4.59
M00359,EXT00366,0,4.07
M00359,EXT00366,0,3.68
M00359,EXT00366,0,4.73
M00359,EXT00366,0,4.63
M00359,EXT00366,0,3.65
M00359,EXT00366,0,5.0
M00361,MEM00086,1,4.9
M00361,MEM00086,1,4.28
M00361,MEM00086,1,4.25
M00361,MEM00086,1,4.53
M00361,MEM00086,1,3.68
M00361,MEM00086,1,4.22
M00361,MEM00086,1,2.91
M00361,EXT00131,0,4.73
M00361,EXT00131,0,3.26
M00361,EXT00131,0,5.0
M00361,EXT00131,0,4.0
M00361,EXT00131,0,4.07
M00361,EXT00131,0,3.82
M00361,EXT00131,0,4.03
M00361,EXT00246,0,5.0
M00361,EXT00246,0,2.71
M00361,EXT00246,0,4.97
M00361,EXT00246,0,4.4
M00361,EXT00246,0,3.48
M00361,EXT00246,0,3.55
M00361,EXT00246,0,5.0
M00361,EXT00048,0,3.63
M00361,EXT00048,0,3.51
M00361,EXT00048,0,4.88
M00361,EXT00048,0,4.4
M00361,EXT00048,0,3.64
M00361,EXT00048,0,4.33
M00361,EXT00048,0,3.58
M00362,MEM00697,1,0.0
M00362,MEM00697,1,0.0
M00362,MEM00697,1,0.0
M00362,MEM00697,1,0.0
M00362,MEM00697,1,0.0
M00362,MEM00697,1,0.0
M00362,MEM00697,1,0.0
M00362,MEM00398,1,0.0
M00362,MEM00398,1,0.0
M00362,MEM00398,1,0.0
M00362,MEM00398,1,0.0
M00362,MEM00398,1,0.0
M00362,MEM00398,1,0.0
M00362,MEM00398,1,0.0
M00363,MEM00388,1,0.0
M00363,MEM00388,1,0.0
M00363,MEM00388,1,0.0
M00363,MEM00388,1,0.0
M00363,MEM00388,1,0.0
M00363,MEM00388,1,0.0
M00363,MEM00388,1,0.0
M00365,MEM00793,1,4.86
M00365,MEM00793,1,4.84
M00365,MEM00793,1,4.52
M00365,MEM00793,1,4.42
M00365,MEM00793,1,5.0
M00365,MEM00793,1,4.2
M00365,MEM00793,1,3.49
M00365,MEM00563,1,4.47
M00365,MEM00563,1,5.0
M00365,MEM00563,1,3.59
M00365,MEM00563,1,3.98
M00365,MEM00563,1,4.45
M00365,MEM00563,1,4.17
M00365,MEM00563,1,3.61
M00366,MEM00211,1,4.87
M00366,MEM00211,1,5.0
M00366,MEM00211,1,4.32
M00366,MEM00211,1,3.66
M00366,MEM00211,1,3.27
M00366,MEM00211,1,4.35
M00366,MEM00211,1,4.86
M00366,MEM00123,1,4.49
M00366,MEM00123,1,4.2
M00366,MEM00123,1,3.85
M00366,MEM00123,1,3.54
M00366,MEM00123,1,4.7
M00366,MEM00123,1,4.75
M00366,MEM00123,1,3.27
M00367,MEM00307,1,0.0
M00367,MEM00307,1,0.0
M00367,MEM00307,1,0.0
M00367,MEM00307,1,0.0
M00367,MEM00307,1,0.0
M00367,MEM00307,1,0.0
M00367,MEM00307,1,0.0
M00369,MEM00327,1,5.0
M00369,MEM00327,1,4.54
M00369,MEM00327,1,5.0
M00369,MEM00327,1,3.39
M00369,MEM00327,1,3.38
M00369,MEM00327,1,4.11
M00369,MEM00327,1,4.5
M00369,EXT00161,0,5.0
M00369,EXT00161,0,4.62
M00369,EXT00161,0,4.05
M00369,EXT00161,0,3.58
M00369,EXT00161,0,4.94
M00369,EXT00161,0,3.62
M00369,EXT00161,0,5.0
M00371,MEM00731,1,0.0
M00371,MEM00731,1,0.0
M00371,MEM00731,1,0.0
M00371,MEM00731,1,0.0
M00371,MEM00731,1,0.0
M00371,MEM00731,1,0.0
M00371,MEM00731,1,0.0
M00371,MEM00575,1,0.0
M00371,MEM00575,1,0.0
M00371,MEM00575,1,0.0
M00371,MEM00575,1,0.0
M00371,MEM00575,1,0.0
M00371,MEM00575,1,0.0
M00371,MEM00575,1,0.0
M00372,MEM00236,1,0.0
M00372,MEM00236,1,0.0
M00372,MEM00236,1,0.0
M00372,MEM00236,1,0.0
M00372,MEM00236,1,0.0
M00372,MEM00236,1,0.0
M00372,MEM00236,1,0.0
M00372,MEM00479,1,0.0
M00372,MEM00479,1,0.0
M00372,MEM00479,1,0.0
M00372,MEM00479,1,0.0
M00372,MEM00479,1,0.0
M00372,MEM00479,1,0.0
M00372,MEM00479,1,0.0
M00375,MEM00655,1,4.03
M00375,MEM00655,1,5.0
M00375,MEM00655,1,4.61
M00375,MEM00655,1,4.12
M00375,MEM00655,1,3.89
M00375,MEM00655,1,4.0
M00375,MEM00655,1,4.46
M00375,EXT00374,0,4.25
M00375,EXT00374,0,3.84
M00375,EXT00374,0,4.1
M00375,EXT00374,0,4.25
M00375,EXT00374,0,2.92
M00375,EXT00374,0,4.47
M00375,EXT00374,0,3.61
M00376,MEM00002,1,3.51
M00376,MEM00002,1,3.19
M00376,MEM00002,1,3.12
M00376,MEM00002,1,3.39
M00376,MEM00002,1,3.77
M00376,MEM00002,1,5.0
M00376,MEM00002,1,3.88
M00376,MEM00654,1,4.31
M00376,MEM00654,1,4.44
M00376,MEM00654,1,4.28
M00376,MEM00654,1,4.15
M00376,MEM00654,1,3.48
M00376,MEM00654,1,5.0
M00376,MEM00654,1,5.0
M00377,MEM00495,1,0.0
M00377,MEM00495,1,0.0
M00377,MEM00495,1,0.0
M00377,MEM00495,1,0.0
M00377,MEM00495,1,0.0
M00377,MEM00495,1,0.0
M00377,MEM00495,1,0.0
M00378,MEM00210,1,0.0
M00378,MEM00210,1,0.0
M00378,MEM00210,1,0.0
M00378,MEM00210,1,0.0
M00378,MEM00210,1,0.0
M00378,MEM00210,1,0.0
M00378,MEM00210,1,0.0
M00378,MEM00055,1,0.0
M00378,MEM00055,1,0.0
M00378,MEM00055,1,0.0
M00378,MEM00055,1,0.0
M00378,MEM00055,1,0.0
M00378,MEM00055,1,0.0
M00378,MEM00055,1,0.0
M00378,EXT00023,0,0.0
M00378,EXT00023,0,0.0
M00378,EXT00023,0,0.0
M00378,EXT00023,0,0.0
M00378,EXT00023,0,0.0
M00378,EXT00023,0,0.0
M00378,EXT00023,0,0.0
M00380,MEM00553,1,0.0
M00380,MEM00553,1,0.0
M00380,MEM00553,1,0.0
M00380,MEM00553,1,0.0
M00380,MEM00553,1,0.0
M00380,MEM00553,1,0.0
M00380,MEM00553,1,0.0
M00380,MEM00479,1,0.0
M00380,MEM00479,1,0.0
M00380,MEM00479,1,0.0
M00380,MEM00479,1,0.0
M00380,MEM00479,1,0.0
M00380,MEM00479,1,0.0
M00380,MEM00479,1,0.0
M00380,MEM00114,1,0.0
M00380,MEM00114,1,0.0
M00380,MEM00114,1,0.0
M00380,MEM00114,1,0.0
M00380,MEM00114,1,0.0
M00380,MEM00114,1,0.0
M00380,MEM00114,1,0.0
M00381,MEM00298,1,0.0
M00381,MEM00298,1,0.0
M00381,MEM00298,1,0.0
M00381,MEM00298,1,0.0
M00381,MEM00298,1,0.0
M00381,MEM00298,1,0.0
M00381,MEM00298,1,0.0
M00381,EXT00182,0,0.0
M00381,EXT00182,0,0.0
M00381,EXT00182,0,0.0
M00381,EXT00182,0,0.0
M00381,EXT00182,0,0.0
M00381,EXT00182,0,0.0
M00381,EXT00182,0,0.0
M00382,MEM00285,1,3.19
M00382,MEM00285,1,3.59
M00382,MEM00285,1,4.03
M00382,MEM00285,1,3.62
M00382,MEM00285,1,4.5
M00382,MEM00285,1,3.76
M00382,MEM00285,1,5.0
M00382,MEM00114,1,4.91
M00382,MEM00114,1,4.33
M00382,MEM00114,1,4.82
M00382,MEM00114,1,4.86
M00382,MEM00114,1,3.86
M00382,MEM00114,1,3.71
M00382,MEM00114,1,4.25
M00383,MEM00324,1,4.72
M00383,MEM00324,1,4.28
M00383,MEM00324,1,3.25
M00383,MEM00324,1,3.72
M00383,MEM00324,1,4.16
M00383,MEM00324,1,4.15
M00383,MEM00324,1,5.0
M00383,MEM00605,1,3.37
M00383,MEM00605,1,4.5
M00383,MEM00605,1,5.0
M00383,MEM00605,1,5.0
M00383,MEM00605,1,3.96
M00383,MEM00605,1,4.49
M00383,MEM00605,1,4.54
M00385,EXT00027,0,0.0
M00385,EXT00027,0,0.0
M00385,EXT00027,0,0.0
M00385,EXT00027,0,0.0
M00385,EXT00027,0,0.0
M00385,EXT00027,0,0.0
M00385,EXT00027,0,0.0
M00386,MEM00273,1,4.32
M00386,MEM00273,1,4.14
M00386,MEM00273,1,4.46
M00386,MEM00273,1,2.68
M00386,MEM00273,1,4.61
M00386,MEM00273,1,4.28
M00386,MEM00273,1,4.07
M00386,MEM00078,1,5.0
M00386,MEM00078,1,3.8
M00386,MEM00078,1,3.96
M00386,MEM00078,1,5.0
M00386,MEM00078,1,3.7
M00386,MEM00078,1,3.87
M00386,MEM00078,1,4.11
M00388,MEM00757,1,0.0
M00388,MEM00757,1,0.0
M00388,MEM00757,1,0.0
M00388,MEM00757,1,0.0
M00388,MEM00757,1,0.0
M00388,MEM00757,1,0.0
M00388,MEM00757,1,0.0
M00388,MEM00531,1,0.0
M00388,MEM00531,1,0.0
M00388,MEM00531,1,0.0
M00388,MEM00531,1,0.0
M00388,MEM00531,1,0.0
M00388,MEM00531,1,0.0
M00388,MEM00531,1,0.0
M00388,MEM00544,1,0.0
M00388,MEM00544,1,0.0
M00388,MEM00544,1,0.0
M00388,MEM00544,1,0.0
M00388,MEM00544,1,0.0
M00388,MEM00544,1,0.0
M00388,MEM00544,1,0.0
M00389,MEM00282,1,4.7
M00389,MEM00282,1,4.32
M00389,MEM00282,1,3.42
M00389,MEM00282,1,3.88
M00389,MEM00282,1,3.84
M00389,MEM00282,1,4.15
M00389,MEM00282,1,4.46
M00389,MEM00474,1,4.45
M00389,MEM00474,1,3.13
M00389,MEM00474,1,4.84
M00389,MEM00474,1,4.35
M00389,MEM00474,1,5.0
M00389,MEM00474,1,4.47
M00389,MEM00474,1,4.86
M00390,MEM00495,1,4.48
M00390,MEM00495,1,5.0
M00390,MEM00495,1,4.51
M00390,MEM00495,1,4.14
M00390,MEM00495,1,5.0
M00390,MEM00495,1,4.73
M00390,MEM00495,1,4.54
M00390,MEM00737,1,3.43
M00390,MEM00737,1,3.43
M00390,MEM00737,1,4.38
M00390,MEM00737,1,4.29
M00390,MEM00737,1,3.83
M00390,MEM00737,1,4.28
M00390,MEM00737,1,5.0
M00390,MEM00007,1,4.62
M00390,MEM00007,1,3.52
M00390,MEM00007,1,4.13
M00390,MEM00007,1,3.72
M00390,MEM00007,1,3.97
M00390,MEM00007,1,3.95
M00390,MEM00007,1,3.91
M00390,MEM00479,1,3.45
M00390,MEM00479,1,4.12
M00390,MEM00479,1,3.86
M00390,MEM00479,1,2.44
M00390,MEM00479,1,5.0
M00390,MEM00479,1,4.85
M00390,MEM00479,1,3.97
M00391,MEM00584,1,4.21
M00391,MEM00584,1,3.5
M00391,MEM00584,1,5.0
M00391,MEM00584,1,5.0
M00391,MEM00584,1,4.29
M00391,MEM00584,1,4.81
M00391,MEM00584,1,4.31
M00391,MEM00696,1,3.4
M00391,MEM00696,1,3.95
M00391,MEM00696,1,4.28
M00391,MEM00696,1,3.93
M00391,MEM00696,1,4.07
M00391,MEM00696,1,4.15
M00391,MEM00696,1,4.15
M00392,MEM00068,1,0.0
M00392,MEM00068,1,0.0
M00392,MEM00068,1,0.0
M00392,MEM00068,1,0.0
M00392,MEM00068,1,0.0
M00392,MEM00068,1,0.0
M00392,MEM00068,1,0.0
M00392,MEM00724,1,0.0
M00392,MEM00724,1,0.0
M00392,MEM00724,1,0.0
M00392,MEM00724,1,0.0
M00392,MEM00724,1,0.0
M00392,MEM00724,1,0.0
M00392,MEM00724,1,0.0
M00392,MEM00114,1,0.0
M00392,MEM00114,1,0.0
M00392,MEM00114,1,0.0
M00392,MEM00114,1,0.0
M00392,MEM00114,1,0.0
M00392,MEM00114,1,0.0
M00392,MEM00114,1,0.0
M00393,MEM00421,1,4.23
M00393,MEM00421,1,3.56
M00393,MEM00421,1,3.77
M00393,MEM00421,1,3.43
M00393,MEM00421,1,4.79
M00393,MEM00421,1,2.94
M00393,MEM00421,1,4.89
M00393,EXT00060,0,5.0
M00393,EXT00060,0,4.02
M00393,EXT00060,0,2.64
M00393,EXT00060,0,3.98
M00393,EXT00060,0,4.16
M00393,EXT00060,0,3.59
M00393,EXT00060,0,3.89
M00393,EXT00165,0,5.0
M00393,EXT00165,0,4.6
M00393,EXT00165,0,3.65
M00393,EXT00165,0,3.24
M00393,EXT00165,0,4.0
M00393,EXT00165,0,4.07
M00393,EXT00165,0,4.5
M00393,EXT00008,0,3.88
M00393,EXT00008,0,4.51
M00393,EXT00008,0,5.0
M00393,EXT00008,0,4.69
M00393,EXT00008,0,4.17
M00393,EXT00008,0,4.09
M00393,EXT00008,0,3.99
M00394,MEM00456,1,4.91
M00394,MEM00456,1,3.82
M00394,MEM00456,1,4.23
M00394,MEM00456,1,4.23
M00394,MEM00456,1,3.9
M00394,MEM00456,1,3.38
M00394,MEM00456,1,4.39
M00394,MEM00381,1,4.16
M00394,MEM00381,1,4.5
M00394,MEM00381,1,3.88
M00394,MEM00381,1,4.93
M00394,MEM00381,1,3.67
M00394,MEM00381,1,5.0
M00394,MEM00381,1,3.15
M00394,MEM00048,1,4.46
M00394,MEM00048,1,4.49
M00394,MEM00048,1,3.72
M00394,MEM00048,1,4.45
M00394,MEM00048,1,4.97
M00394,MEM00048,1,2.87
M00394,MEM00048,1,4.5
M00394,MEM00226,1,2.7
M00394,MEM00226,1,3.62
M00394,MEM00226,1,5.0
M00394,MEM00226,1,3.85
M00394,MEM00226,1,3.5
M00394,MEM00226,1,4.08
M00394,MEM00226,1,5.0
M00395,MEM00117,1,0.0
M00395,MEM00117,1,0.0
M00395,MEM00117,1,0.0
M00395,MEM00117,1,0.0
M00395,MEM00117,1,0.0
M00395,MEM00117,1,0.0
M00395,MEM00117,1,0.0
M00395,MEM00435,1,0.0
M00395,MEM00435,1,0.0
M00395,MEM00435,1,0.0
M00395,MEM00435,1,0.0
M00395,MEM00435,1,0.0
M00395,MEM00435,1,0.0
M00395,MEM00435,1,0.0
M00396,MEM00264,1,3.1
M00396,MEM00264,1,3.57
M00396,MEM00264,1,5.0
M00396,MEM00264,1,5.0
M00396,MEM00264,1,4.14
M00396,MEM00264,1,3.46
M00396,MEM00264,1,5.0
M00396,MEM00584,1,5.0
M00396,MEM00584,1,4.61
M00396,MEM00584,1,3.71
M00396,MEM00584,1,4.17
M00396,MEM00584,1,4.1
M00396,MEM00584,1,4.4
M00396,MEM00584,1,5.0
M00397,MEM00671,1,0.0
M00397,MEM00671,1,0.0
M00397,MEM00671,1,0.0
M00397,MEM00671,1,0.0
M00397,MEM00671,1,0.0
M00397,MEM00671,1,0.0
M00397,MEM00671,1,0.0
M00397,MEM00509,1,0.0
M00397,MEM00509,1,0.0
M00397,MEM00509,1,0.0
M00397,MEM00509,1,0.0
M00397,MEM00509,1,0.0
M00397,MEM00509,1,0.0
M00397,MEM00509,1,0.0
M00397,MEM00559,1,0.0
M00397,MEM00559,1,0.0
M00397,MEM00559,1,0.0
M00397,MEM00559,1,0.0
M00397,MEM00559,1,0.0
M00397,MEM00559,1,0.0
M00397,MEM00559,1,0.0
M00398,MEM00335,1,0.0
M00398,MEM00335,1,0.0
M00398,MEM00335,1,0.0
M00398,MEM00335,1,0.0
M00398,MEM00335,1,0.0
M00398,MEM00335,1,0.0
M00398,MEM00335,1,0.0
M00399,MEM00539,1,0.0
M00399,MEM00539,1,0.0
M00399,MEM00539,1,0.0
M00399,MEM00539,1,0.0
M00399,MEM00539,1,0.0
M00399,MEM00539,1,0.0
M00399,MEM00539,1,0.0
M00399,MEM00212,1,0.0
M00399,MEM00212,1,0.0
M00399,MEM00212,1,0.0
M00399,MEM00212,1,0.0
M00399,MEM00212,1,0.0
M00399,MEM00212,1,0.0
M00399,MEM00212,1,0.0
M00399,MEM00235,1,0.0
M00399,MEM00235,1,0.0
M00399,MEM00235,1,0.0
M00399,MEM00235,1,0.0
M00399,MEM00235,1,0.0
M00399,MEM00235,1,0.0
M00399,MEM00235,1,0.0
M00400,MEM00625,1,0.0
M00400,MEM00625,1,0.0
M00400,MEM00625,1,0.0
M00400,MEM00625,1,0.0
M00400,MEM00625,1,0.0
M00400,MEM00625,1,0.0
M00400,MEM00625,1,0.0
M00401,MEM00632,1,4.73
M00401,MEM00632,1,3.55
M00401,MEM00632,1,5.0
M00401,MEM00632,1,4.39
M00401,MEM00632,1,4.61
M00401,MEM00632,1,5.0
M00401,MEM00632,1,3.53
M00401,MEM00354,1,4.18
M00401,MEM00354,1,3.88
M00401,MEM00354,1,3.26
M00401,MEM00354,1,4.41
M00401,MEM00354,1,5.0
M00401,MEM00354,1,3.1
M00401,MEM00354,1,4.18
M00402,MEM00655,1,0.0
M00402,MEM00655,1,0.0
M00402,MEM00655,1,0.0
M00402,MEM00655,1,0.0
M00402,MEM00655,1,0.0
M00402,MEM00655,1,0.0
M00402,MEM00655,1,0.0
M00403,MEM00680,1,0.0
M00403,MEM00680,1,0.0
M00403,MEM00680,1,0.0
M00403,MEM00680,1,0.0
M00403,MEM00680,1,0.0
M00403,MEM00680,1,0.0
M00403,MEM00680,1,0.0
M00404,MEM00739,1,0.0
M00404,MEM00739,1,0.0
M00404,MEM00739,1,0.0
M00404,MEM00739,1,0.0
M00404,MEM00739,1,0.0
M00404,MEM00739,1,0.0
M00404,MEM00739,1,0.0
M00405,MEM00335,1,0.0
M00405,MEM00335,1,0.0
M00405,MEM00335,1,0.0
M00405,MEM00335,1,0.0
M00405,MEM00335,1,0.0
M00405,MEM00335,1,0.0
M00405,MEM00335,1,0.0
M00406,MEM00247,1,4.58
M00406,MEM00247,1,4.27
M00406,MEM00247,1,4.13
M00406,MEM00247,1,3.42
M00406,MEM00247,1,4.34
M00406,MEM00247,1,3.75
M00406,MEM00247,1,2.89
M00406,MEM00461,1,4.92
M00406,MEM00461,1,4.78
M00406,MEM00461,1,4.23
M00406,MEM00461,1,4.34
M00406,MEM00461,1,4.84
M00406,MEM00461,1,4.33
M00406,MEM00461,1,4.74
M00407,MEM00285,1,0.0
M00407,MEM00285,1,0.0
M00407,MEM00285,1,0.0
M00407,MEM00285,1,0.0
M00407,MEM00285,1,0.0
M00407,MEM00285,1,0.0
M00407,MEM00285,1,0.0
M00408,MEM00477,1,4.02
M00408,MEM00477,1,4.99
M00408,MEM00477,1,4.39
M00408,MEM00477,1,4.32
M00408,MEM00477,1,3.44
M00408,MEM00477,1,4.37
M00408,MEM00477,1,3.7
M00408,EXT00285,0,3.82
M00408,EXT00285,0,3.71
M00408,EXT00285,0,3.56
M00408,EXT00285,0,5.0
M00408,EXT00285,0,5.0
M00408,EXT00285,0,5.0
M00408,EXT00285,0,3.47
M00409,MEM00553,1,0.0
M00409,MEM00553,1,0.0
M00409,MEM00553,1,0.0
M00409,MEM00553,1,0.0
M00409,MEM00553,1,0.0
M00409,MEM00553,1,0.0
M00409,MEM00553,1,0.0
M00409,EXT00145,0,0.0
M00409,EXT00145,0,0.0
M00409,EXT00145,0,0.0
M00409,EXT00145,0,0.0
M00409,EXT00145,0,0.0
M00409,EXT00145,0,0.0
M00409,EXT00145,0,0.0
M00410,MEM00335,1,4.24
M00410,MEM00335,1,3.42
M00410,MEM00335,1,3.78
M00410,MEM00335,1,3.65
M00410,MEM00335,1,4.94
M00410,MEM00335,1,3.96
M00410,MEM00335,1,4.84
M00410,MEM00156,1,4.56
M00410,MEM00156,1,5.0
M00410,MEM00156,1,3.31
M00410,MEM00156,1,4.96
M00410,MEM00156,1,4.89
M00410,MEM00156,1,3.62
M00410,MEM00156,1,4.8
M00411,MEM00129,1,0.0
M00411,MEM00129,1,0.0
M00411,MEM00129,1,0.0
M00411,MEM00129,1,0.0
M00411,MEM00129,1,0.0
M00411,MEM00129,1,0.0
M00411,MEM00129,1,0.0
M00411,EXT00358,0,0.0
M00411,EXT00358,0,0.0
M00411,EXT00358,0,0.0
M00411,EXT00358,0,0.0
M00411,EXT00358,0,0.0
M00411,EXT00358,0,0.0
M00411,EXT00358,0,0.0
M00412,MEM00267,1,0.0
M00412,MEM00267,1,0.0
M00412,MEM00267,1,0.0
M00412,MEM00267,1,0.0
M00412,MEM00267,1,0.0
M00412,MEM00267,1,0.0
M00412,MEM00267,1,0.0
M00413,MEM00142,1,0.0
M00413,MEM00142,1,0.0
M00413,MEM00142,1,0.0
M00413,MEM00142,1,0.0
M00413,MEM00142,1,0.0
M00413,MEM00142,1,0.0
M00413,MEM00142,1,0.0
M00413,EXT00014,0,0.0
M00413,EXT00014,0,0.0
M00413,EXT00014,0,0.0
M00413,EXT00014,0,0.0
M00413,EXT00014,0,0.0
M00413,EXT00014,0,0.0
M00413,EXT00014,0,0.0
M00415,MEM00495,1,4.4
M00415,MEM00495,1,4.06
M00415,MEM00495,1,3.71
M00415,MEM00495,1,3.77
M00415,MEM00495,1,5.0
M00415,MEM00495,1,4.2
M00415,MEM00495,1,4.67
M00415,MEM00502,1,3.73
M00415,MEM00502,1,3.73
M00415,MEM00502,1,4.85
M00415,MEM00502,1,3.39
M00415,MEM00502,1,3.95
M00415,MEM00502,1,4.22
M00415,MEM00502,1,4.27
M00416,MEM00260,1,0.0
M00416,MEM00260,1,0.0
M00416,MEM00260,1,0.0
M00416,MEM00260,1,0.0
M00416,MEM00260,1,0.0
M00416,MEM00260,1,0.0
M00416,MEM00260,1,0.0
M00417,MEM00072,1,4.09
M00417,MEM00072,1,4.44
M00417,MEM00072,1,4.62
M00417,MEM00072,1,4.64
M00417,MEM00072,1,3.61
M00417,MEM00072,1,4.03
M00417,MEM00072,1,4.92
M00417,EXT00161,0,4.74
M00417,EXT00161,0,3.38
M00417,EXT00161,0,4.41
M00417,EXT00161,0,3.01
M00417,EXT00161,0,4.23
M00417,EXT00161,0,5.0
M00417,EXT00161,0,3.63
M00418,MEM00543,1,3.7
M00418,MEM00543,1,4.66
M00418,MEM00543,1,3.27
M00418,MEM00543,1,3.82
M00418,MEM00543,1,4.56
M00418,MEM00543,1,3.82
M00418,MEM00543,1,4.06
M00418,MEM00238,1,4.65
M00418,MEM00238,1,4.45
M00418,MEM00238,1,4.36
M00418,MEM00238,1,4.0
M00418,MEM00238,1,4.42
M00418,MEM00238,1,4.13
M00418,MEM00238,1,4.47
M00418,EXT00142,0,3.9
M00418,EXT00142,0,4.09
M00418,EXT00142,0,3.61
M00418,EXT00142,0,4.18
M00418,EXT00142,0,3.71
M00418,EXT00142,0,3.53
M00418,EXT00142,0,4.36
M00418,EXT00241,0,4.33
M00418,EXT00241,0,4.67
M00418,EXT00241,0,3.94
M00418,EXT00241,0,4.44
M00418,EXT00241,0,4.53
M00418,EXT00241,0,4.47
M00418,EXT00241,0,3.7
M00419,EXT00084,0,0.0
M00419,EXT00084,0,0.0
M00419,EXT00084,0,0.0
M00419,EXT00084,0,0.0
M00419,EXT00084,0,0.0
M00419,EXT00084,0,0.0
M00419,EXT00084,0,0.0
M00420,MEM00553,1,0.0
M00420,MEM00553,1,0.0
M00420,MEM00553,1,0.0
M00420,MEM00553,1,0.0
M00420,MEM00553,1,0.0
M00420,MEM00553,1,0.0
M00420,MEM00553,1,0.0
M00420,MEM00787,1,0.0
M00420,MEM00787,1,0.0
M00420,MEM00787,1,0.0
M00420,MEM00787,1,0.0
M00420,MEM00787,1,0.0
M00420,MEM00787,1,0.0
M00420,MEM00787,1,0.0
M00420,MEM00362,1,0.0
M00420,MEM00362,1,0.0
M00420,MEM00362,1,0.0
M00420,MEM00362,1,0.0
M00420,MEM00362,1,0.0
M00420,MEM00362,1,0.0
M00420,MEM00362,1,0.0
M00421,MEM00380,1,4.29
M00421,MEM00380,1,4.42
M00421,MEM00380,1,4.2
M00421,MEM00380,1,2.95
M00421,MEM00380,1,4.3
M00421,MEM00380,1,5.0
M00421,MEM00380,1,3.98
M00421,MEM00030,1,3.76
M00421,MEM00030,1,4.42
M00421,MEM00030,1,4.39
M00421,MEM00030,1,4.92
M00421,MEM00030,1,3.45
M00421,MEM00030,1,4.64
M00421,MEM00030,1,4.55
M00421,MEM00126,1,4.11
M00421,MEM00126,1,4.4
M00421,MEM00126,1,4.82
M00421,MEM00126,1,4.72
M00421,MEM00126,1,3.51
M00421,MEM00126,1,4.69
M00421,MEM00126,1,4.16
M00421,EXT00205,0,4.24
M00421,EXT00205,0,4.24
M00421,EXT00205,0,4.11
M00421,EXT00205,0,4.92
M00421,EXT00205,0,4.15
M00421,EXT00205,0,3.53
M00421,EXT00205,0,3.96
M00422,MEM00768,1,4.31
M00422,MEM00768,1,4.94
M00422,MEM00768,1,4.56
M00422,MEM00768,1,3.69
M00422,MEM00768,1,5.0
M00422,MEM00768,1,4.36
M00422,MEM00768,1,4.97
M00422,MEM00299,1,4.11
M00422,MEM00299,1,4.52
M00422,MEM00299,1,4.7
M00422,MEM00299,1,4.93
M00422,MEM00299,1,4.83
M00422,MEM00299,1,4.72
M00422,MEM00299,1,4.01
M00422,MEM00032,1,3.86
M00422,MEM00032,1,4.4
M00422,MEM00032,1,4.76
M00422,MEM00032,1,4.07
M00422,MEM00032,1,4.84
M00422,MEM00032,1,5.0
M00422,MEM00032,1,3.65
M00422,MEM00041,1,3.7
M00422,MEM00041,1,4.12
M00422,MEM00041,1,4.38
M00422,MEM00041,1,3.89
M00422,MEM00041,1,5.0
M00422,MEM00041,1,4.45
M00422,MEM00041,1,4.22
M00423,MEM00148,1,3.34
M00423,MEM00148,1,3.41
M00423,MEM00148,1,4.37
M00423,MEM00148,1,2.92
M00423,MEM00148,1,4.81
M00423,MEM00148,1,4.11
M00423,MEM00148,1,5.0
M00423,MEM00303,1,5.0
M00423,MEM00303,1,4.09
M00423,MEM00303,1,4.14
M00423,MEM00303,1,4.8
M00423,MEM00303,1,5.0
M00423,MEM00303,1,3.22
M00423,MEM00303,1,3.13
M00423,EXT00013,0,3.83
M00423,EXT00013,0,4.55
M00423,EXT00013,0,4.5
M00423,EXT00013,0,4.84
M00423,EXT00013,0,3.48
M00423,EXT00013,0,2.81
M00423,EXT00013,0,4.71
M00423,EXT00307,0,3.7
M00423,EXT00307,0,2.99
M00423,EXT00307,0,4.29
M00423,EXT00307,0,4.68
M00423,EXT00307,0,4.13
M00423,EXT00307,0,3.93
M00423,EXT00307,0,4.1
M00424,MEM00221,1,3.98
M00424,MEM00221,1,3.39
M00424,MEM00221,1,3.77
M00424,MEM00221,1,4.51
M00424,MEM00221,1,4.39
M00424,MEM00221,1,4.3
M00424,MEM00221,1,3.6
M00424,MEM00366,1,4.09
M00424,MEM00366,1,2.89
M00424,MEM00366,1,4.31
M00424,MEM00366,1,5.0
M00424,MEM00366,1,3.32
M00424,MEM00366,1,3.85
M00424,MEM00366,1,4.4
M00424,EXT00359,0,4.95
M00424,EXT00359,0,3.93
M00424,EXT00359,0,3.78
M00424,EXT00359,0,3.02
M00424,EXT00359,0,4.26
M00424,EXT00359,0,5.0
M00424,EXT00359,0,4.37
M00424,EXT00048,0,4.19
M00424,EXT00048,0,4.39
M00424,EXT00048,0,4.19
M00424,EXT00048,0,3.71
M00424,EXT00048,0,4.69
M00424,EXT00048,0,4.34
M00424,EXT00048,0,4.21
M00425,MEM00763,1,0.0
M00425,MEM00763,1,0.0
M00425,MEM00763,1,0.0
M00425,MEM00763,1,0.0
M00425,MEM00763,1,0.0
M00425,MEM00763,1,0.0
M00425,MEM00763,1,0.0
M00426,MEM00241,1,3.61
M00426,MEM00241,1,4.98
M00426,MEM00241,1,4.6
M00426,MEM00241,1,3.87
M00426,MEM00241,1,4.8
M00426,MEM00241,1,3.9
M00426,MEM00241,1,3.73
M00426,MEM00710,1,3.74
M00426,MEM00710,1,3.14
M00426,MEM00710,1,4.48
M00426,MEM00710,1,3.1
M00426,MEM00710,1,3.46
M00426,MEM00710,1,2.95
M00426,MEM00710,1,4.15
M00427,MEM00479,1,0.0
M00427,MEM00479,1,0.0
M00427,MEM00479,1,0.0
M00427,MEM00479,1,0.0
M00427,MEM00479,1,0.0
M00427,MEM00479,1,0.0
M00427,MEM00479,1,0.0
M00428,MEM00655,1,0.0
M00428,MEM00655,1,0.0
M00428,MEM00655,1,0.0
M00428,MEM00655,1,0.0
M00428,MEM00655,1,0.0
M00428,MEM00655,1,0.0
M00428,MEM00655,1,0.0
M00428,MEM00785,1,0.0
M00428,MEM00785,1,0.0
M00428,MEM00785,1,0.0
M00428,MEM00785,1,0.0
M00428,MEM00785,1,0.0
M00428,MEM00785,1,0.0
M00428,MEM00785,1,0.0
M00428,EXT00109,0,0.0
M00428,EXT00109,0,0.0
M00428,EXT00109,0,0.0
M00428,EXT00109,0,0.0
M00428,EXT00109,0,0.0
M00428,EXT00109,0,0.0
M00428,EXT00109,0,0.0
M00429,MEM00768,1,0.0
M00429,MEM00768,1,0.0
M00429,MEM00768,1,0.0
M00429,MEM00768,1,0.0
M00429,MEM00768,1,0.0
M00429,MEM00768,1,0.0
M00429,MEM00768,1,0.0
M00429,EXT00151,0,0.0
M00429,EXT00151,0,0.0
M00429,EXT00151,0,0.0
M00429,EXT00151,0,0.0
M00429,EXT00151,0,0.0
M00429,EXT00151,0,0.0
M00429,EXT00151,0,0.0
M00429,EXT00154,0,0.0
M00429,EXT00154,0,0.0
M00429,EXT00154,0,0.0
M00429,EXT00154,0,0.0
M00429,EXT00154,0,0.0
M00429,EXT00154,0,0.0
M00429,EXT00154,0,0.0
M00430,MEM00142,1,4.11
M00430,MEM00142,1,4.0
M00430,MEM00142,1,3.57
M00430,MEM00142,1,3.5
M00430,MEM00142,1,4.48
M00430,MEM00142,1,3.87
M00430,MEM00142,1,4.39
M00430,MEM00260,1,3.67
M00430,MEM00260,1,4.31
M00430,MEM00260,1,4.98
M00430,MEM00260,1,4.55
M00430,MEM00260,1,3.95
M00430,MEM00260,1,4.35
M00430,MEM00260,1,4.06
M00430,MEM00422,1,4.2
M00430,MEM00422,1,4.0
M00430,MEM00422,1,4.1
M00430,MEM00422,1,4.33
M00430,MEM00422,1,3.6
M00430,MEM00422,1,3.59
M00430,MEM00422,1,3.37
M00430,EXT00222,0,3.24
M00430,EXT00222,0,3.47
M00430,EXT00222,0,4.3
M00430,EXT00222,0,3.66
M00430,EXT00222,0,4.51
M00430,EXT00222,0,4.22
M00430,EXT00222,0,3.02
M00431,MEM00422,1,0.0
M00431,MEM00422,1,0.0
M00431,MEM00422,1,0.0
M00431,MEM00422,1,0.0
M00431,MEM00422,1,0.0
M00431,MEM00422,1,0.0
M00431,MEM00422,1,0.0
M00432,MEM00611,1,0.0
M00432,MEM00611,1,0.0
M00432,MEM00611,1,0.0
M00432,MEM00611,1,0.0
M00432,MEM00611,1,0.0
M00432,MEM00611,1,0.0
M00432,MEM00611,1,0.0
M00433,EXT00172,0,4.59
M00433,EXT00172,0,4.69
M00433,EXT00172,0,3.6
M00433,EXT00172,0,4.45
M00433,EXT00172,0,3.69
M00433,EXT00172,0,4.26
M00433,EXT00172,0,3.44
M00433,EXT00333,0,3.12
M00433,EXT00333,0,3.97
M00433,EXT00333,0,4.13
M00433,EXT00333,0,3.96
M00433,EXT00333,0,3.49
M00433,EXT00333,0,3.96
M00433,EXT00333,0,4.36
M00434,MEM00234,1,4.17
M00434,MEM00234,1,4.31
M00434,MEM00234,1,3.8
M00434,MEM00234,1,4.9
M00434,MEM00234,1,3.49
M00434,MEM00234,1,4.49
M00434,MEM00234,1,4.91
M00434,MEM00210,1,4.49
M00434,MEM00210,1,4.08
M00434,MEM00210,1,3.88
M00434,MEM00210,1,4.82
M00434,MEM00210,1,3.35
M00434,MEM00210,1,3.62
M00434,MEM00210,1,3.96
M00435,MEM00262,1,4.94
M00435,MEM00262,1,4.43
M00435,MEM00262,1,3.62
M00435,MEM00262,1,4.01
M00435,MEM00262,1,3.83
M00435,MEM00262,1,3.77
M00435,MEM00262,1,4.79
M00435,MEM00061,1,3.38
M00435,MEM00061,1,5.0
M00435,MEM00061,1,4.7
M00435,MEM00061,1,4.85
M00435,MEM00061,1,3.92
M00435,MEM00061,1,4.11
M00435,MEM00061,1,3.34
M00435,MEM00176,1,3.89
M00435,MEM00176,1,4.5
M00435,MEM00176,1,4.98
M00435,MEM00176,1,3.54
M00435,MEM00176,1,3.98
M00435,MEM00176,1,4.11
M00435,MEM00176,1,3.36
M00435,EXT00100,0,4.55
M00435,EXT00100,0,3.77
M00435,EXT00100,0,4.08
M00435,EXT00100,0,3.93
M00435,EXT00100,0,3.73
M00435,EXT00100,0,4.2
M00435,EXT00100,0,4.07
M00436,MEM00435,1,0.0
M00436,MEM00435,1,0.0
M00436,MEM00435,1,0.0
M00436,MEM00435,1,0.0
M00436,MEM00435,1,0.0
M00436,MEM00435,1,0.0
M00436,MEM00435,1,0.0
M00436,MEM00770,1,0.0
M00436,MEM00770,1,0.0
M00436,MEM00770,1,0.0
M00436,MEM00770,1,0.0
M00436,MEM00770,1,0.0
M00436,MEM00770,1,0.0
M00436,MEM00770,1,0.0
M00437,MEM00461,1,0.0
M00437,MEM00461,1,0.0
M00437,MEM00461,1,0.0
M00437,MEM00461,1,0.0
M00437,MEM00461,1,0.0
M00437,MEM00461,1,0.0
M00437,MEM00461,1,0.0
M00437,MEM00126,1,0.0
M00437,MEM00126,1,0.0
M00437,MEM00126,1,0.0
M00437,MEM00126,1,0.0
M00437,MEM00126,1,0.0
M00437,MEM00126,1,0.0
M00437,MEM00126,1,0.0
M00437,MEM00267,1,0.0
M00437,MEM00267,1,0.0
M00437,MEM00267,1,0.0
M00437,MEM00267,1,0.0
M00437,MEM00267,1,0.0
M00437,MEM00267,1,0.0
M00437,MEM00267,1,0.0
M00437,EXT00173,0,0.0
M00437,EXT00173,0,0.0
M00437,EXT00173,0,0.0
M00437,EXT00173,0,0.0
M00437,EXT00173,0,0.0
M00437,EXT00173,0,0.0
M00437,EXT00173,0,0.0
M00438,MEM00489,1,0.0
M00438,MEM00489,1,0.0
M00438,MEM00489,1,0.0
M00438,MEM00489,1,0.0
M00438,MEM00489,1,0.0
M00438,MEM00489,1,0.0
M00438,MEM00489,1,0.0
M00439,MEM00313,1,3.98
M00439,MEM00313,1,3.76
M00439,MEM00313,1,4.39
M00439,MEM00313,1,5.0
M00439,MEM00313,1,4.28
M00439,MEM00313,1,4.8
M00439,MEM00313,1,3.37
M00439,MEM00795,1,4.29
M00439,MEM00795,1,3.54
M00439,MEM00795,1,3.31
M00439,MEM00795,1,3.76
M00439,MEM00795,1,4.92
M00439,MEM00795,1,4.77
M00439,MEM00795,1,4.35
M00439,MEM00387,1,3.28
M00439,MEM00387,1,4.08
M00439,MEM00387,1,4.38
M00439,MEM00387,1,4.31
M00439,MEM00387,1,3.09
M00439,MEM00387,1,3.67
M00439,MEM00387,1,4.16
M00439,EXT00355,0,4.52
M00439,EXT00355,0,2.88
M00439,EXT00355,0,4.1
M00439,EXT00355,0,4.29
M00439,EXT00355,0,4.71
M00439,EXT00355,0,4.62
M00439,EXT00355,0,4.55
M00440,MEM00485,1,0.0
M00440,MEM00485,1,0.0
M00440,MEM00485,1,0.0
M00440,MEM00485,1,0.0
M00440,MEM00485,1,0.0
M00440,MEM00485,1,0.0
M00440,MEM00485,1,0.0
M00441,MEM00446,1,0.0
M00441,MEM00446,1,0.0
M00441,MEM00446,1,0.0
M00441,MEM00446,1,0.0
M00441,MEM00446,1,0.0
M00441,MEM00446,1,0.0
M00441,MEM00446,1,0.0
M00441,EXT00247,0,0.0
M00441,EXT00247,0,0.0
M00441,EXT00247,0,0.0
M00441,EXT00247,0,0.0
M00441,EXT00247,0,0.0
M00441,EXT00247,0,0.0
M00441,EXT00247,0,0.0
M00442,MEM00180,1,3.72
M00442,MEM00180,1,3.06
M00442,MEM00180,1,3.96
M00442,MEM00180,1,4.8
M00442,MEM00180,1,5.0
M00442,MEM00180,1,4.63
M00442,MEM00180,1,4.46
M00442,MEM00308,1,4.43
M00442,MEM00308,1,3.87
M00442,MEM00308,1,4.12
M00442,MEM00308,1,5.0
M00442,MEM00308,1,3.63
M00442,MEM00308,1,5.0
M00442,MEM00308,1,4.01
M00443,MEM00041,1,0.0
M00443,MEM00041,1,0.0
M00443,MEM00041,1,0.0
M00443,MEM00041,1,0.0
M00443,MEM00041,1,0.0
M00443,MEM00041,1,0.0
M00443,MEM00041,1,0.0
M00444,MEM00422,1,5.0
M00444,MEM00422,1,3.36
M00444,MEM00422,1,4.55
M00444,MEM00422,1,3.76
M00444,MEM00422,1,3.35
M00444,MEM00422,1,4.33
M00444,MEM00422,1,4.81
M00444,MEM00376,1,3.69
M00444,MEM00376,1,3.3
M00444,MEM00376,1,4.14
M00444,MEM00376,1,4.15
M00444,MEM00376,1,4.53
M00444,MEM00376,1,4.77
M00444,MEM00376,1,4.16
M00444,EXT00382,0,5.0
M00444,EXT00382,0,4.33
M00444,EXT00382,0,3.99
M00444,EXT00382,0,3.23
M00444,EXT00382,0,4.04
M00444,EXT00382,0,4.0
M00444,EXT00382,0,4.78
M00444,EXT00086,0,4.48
M00444,EXT00086,0,3.49
M00444,EXT00086,0,4.3
M00444,EXT00086,0,4.6
M00444,EXT00086,0,5.0
M00444,EXT00086,0,4.73
M00444,EXT00086,0,4.66
M00445,EXT00362,0,0.0
M00445,EXT00362,0,0.0
M00445,EXT00362,0,0.0
M00445,EXT00362,0,0.0
M00445,EXT00362,0,0.0
M00445,EXT00362,0,0.0
M00445,EXT00362,0,0.0
M00446,MEM00583,1,4.24
M00446,MEM00583,1,4.43
M00446,MEM00583,1,4.95
M00446,MEM00583,1,3.4
M00446,MEM00583,1,3.99
M00446,MEM00583,1,3.74
M00446,MEM00583,1,4.43
M00446,MEM00123,1,4.94
M00446,MEM00123,1,3.84
M00446,MEM00123,1,2.77
M00446,MEM00123,1,3.95
M00446,MEM00123,1,4.75
M00446,MEM00123,1,4.52
M00446,MEM00123,1,4.46
M00446,MEM00421,1,4.03
M00446,MEM00421,1,3.43
M00446,MEM00421,1,4.51
M00446,MEM00421,1,3.7
M00446,MEM00421,1,5.0
M00446,MEM00421,1,4.54
M00446,MEM00421,1,3.85
M00446,MEM00692,1,3.83
M00446,MEM00692,1,4.14
M00446,MEM00692,1,4.06
M00446,MEM00692,1,4.87
M00446,MEM00692,1,4.31
M00446,MEM00692,1,3.76
M00446,MEM00692,1,5.0
M00447,MEM00119,1,4.23
M00447,MEM00119,1,4.66
M00447,MEM00119,1,3.84
M00447,MEM00119,1,4.42
M00447,MEM00119,1,4.39
M00447,MEM00119,1,3.07
M00447,MEM00119,1,5.0
M00447,MEM00625,1,4.97
M00447,MEM00625,1,3.96
M00447,MEM00625,1,3.54
M00447,MEM00625,1,4.41
M00447,MEM00625,1,4.25
M00447,MEM00625,1,4.41
M00447,MEM00625,1,4.31
M00447,MEM00212,1,4.5
M00447,MEM00212,1,5.0
M00447,MEM00212,1,4.54
M00447,MEM00212,1,3.57
M00447,MEM00212,1,5.0
M00447,MEM00212,1,5.0
M00447,MEM00212,1,5.0
M00447,MEM00630,1,3.53
M00447,MEM00630,1,4.35
M00447,MEM00630,1,2.95
M00447,MEM00630,1,4.53
M00447,MEM00630,1,3.87
M00447,MEM00630,1,5.0
M00447,MEM00630,1,3.74
M00448,MEM00700,1,3.19
M00448,MEM00700,1,3.92
M00448,MEM00700,1,3.01
M00448,MEM00700,1,4.65
M00448,MEM00700,1,2.96
M00448,MEM00700,1,4.22
M00448,MEM00700,1,2.95
M00448,EXT00369,0,4.01
M00448,EXT00369,0,5.0
M00448,EXT00369,0,4.42
M00448,EXT00369,0,3.68
M00448,EXT00369,0,4.18
M00448,EXT00369,0,4.21
M00448,EXT00369,0,4.48
M00449,MEM00372,1,0.0
M00449,MEM00372,1,0.0
M00449,MEM00372,1,0.0
M00449,MEM00372,1,0.0
M00449,MEM00372,1,0.0
M00449,MEM00372,1,0.0
M00449,MEM00372,1,0.0
M00449,MEM00136,1,0.0
M00449,MEM00136,1,0.0
M00449,MEM00136,1,0.0
M00449,MEM00136,1,0.0
M00449,MEM00136,1,0.0
M00449,MEM00136,1,0.0
M00449,MEM00136,1,0.0
M00450,MEM00783,1,0.0
M00450,MEM00783,1,0.0
M00450,MEM00783,1,0.0
M00450,MEM00783,1,0.0
M00450,MEM00783,1,0.0
M00450,MEM00783,1,0.0
M00450,MEM00783,1,0.0
M00451,MEM00379,1,0.0
M00451,MEM00379,1,0.0
M00451,MEM00379,1,0.0
M00451,MEM00379,1,0.0
M00451,MEM00379,1,0.0
M00451,MEM00379,1,0.0
M00451,MEM00379,1,0.0
M00452,MEM00687,1,3.38
M00452,MEM00687,1,4.56
M00452,MEM00687,1,2.58
M00452,MEM00687,1,3.82
M00452,MEM00687,1,3.91
M00452,MEM00687,1,4.58
M00452,MEM00687,1,4.21
M00452,MEM00467,1,3.36
M00452,MEM00467,1,3.61
M00452,MEM00467,1,4.32
M00452,MEM00467,1,4.15
M00452,MEM00467,1,3.85
M00452,MEM00467,1,3.91
M00452,MEM00467,1,4.62
M00453,MEM00289,1,0.0
M00453,MEM00289,1,0.0
M00453,MEM00289,1,0.0
M00453,MEM00289,1,0.0
M00453,MEM00289,1,0.0
M00453,MEM00289,1,0.0
M00453,MEM00289,1,0.0
M00453,MEM00221,1,0.0
M00453,MEM00221,1,0.0
M00453,MEM00221,1,0.0
M00453,MEM00221,1,0.0
M00453,MEM00221,1,0.0
M00453,MEM00221,1,0.0
M00453,MEM00221,1,0.0
M00454,MEM00180,1,3.89
M00454,MEM00180,1,4.15
M00454,MEM00180,1,5.0
M00454,MEM00180,1,3.35
M00454,MEM00180,1,3.09
M00454,MEM00180,1,4.67
M00454,MEM00180,1,3.79
M00454,MEM00611,1,4.01
M00454,MEM00611,1,3.73
M00454,MEM00611,1,4.04
M00454,MEM00611,1,5.0
M00454,MEM00611,1,4.68
M00454,MEM00611,1,4.72
M00454,MEM00611,1,3.35
M00455,MEM00300,1,3.51
M00455,MEM00300,1,2.5
M00455,MEM00300,1,3.71
M00455,MEM00300,1,4.77
M00455,MEM00300,1,4.51
M00455,MEM00300,1,4.07
M00455,MEM00300,1,4.19
M00455,MEM00400,1,3.79
M00455,MEM00400,1,4.32
M00455,MEM00400,1,4.66
M00455,MEM00400,1,3.23
M00455,MEM00400,1,4.38
M00455,MEM00400,1,4.76
M00455,MEM00400,1,3.95
M00457,MEM00783,1,4.62
M00457,MEM00783,1,5.0
M00457,MEM00783,1,4.14
M00457,MEM00783,1,4.44
M00457,MEM00783,1,3.76
M00457,MEM00783,1,4.31
M00457,MEM00783,1,4.48
M00457,MEM00456,1,4.32
M00457,MEM00456,1,3.59
M00457,MEM00456,1,4.32
M00457,MEM00456,1,5.0
M00457,MEM00456,1,4.47
M00457,MEM00456,1,4.78
M00457,MEM00456,1,4.06
M00457,MEM00388,1,4.65
M00457,MEM00388,1,4.37
M00457,MEM00388,1,3.63
M00457,MEM00388,1,4.39
M00457,MEM00388,1,3.6
M00457,MEM00388,1,3.82
M00457,MEM00388,1,4.31
M00457,MEM00689,1,4.38
M00457,MEM00689,1,3.49
M00457,MEM00689,1,4.83
M00457,MEM00689,1,4.54
M00457,MEM00689,1,3.78
M00457,MEM00689,1,3.28
M00457,MEM00689,1,4.11
M00458,MEM00317,1,0.0
M00458,MEM00317,1,0.0
M00458,MEM00317,1,0.0
M00458,MEM00317,1,0.0
M00458,MEM00317,1,0.0
M00458,MEM00317,1,0.0
M00458,MEM00317,1,0.0
M00459,EXT00331,0,0.0
M00459,EXT00331,0,0.0
M00459,EXT00331,0,0.0
M00459,EXT00331,0,0.0
M00459,EXT00331,0,0.0
M00459,EXT00331,0,0.0
M00459,EXT00331,0,0.0
M00460,MEM00615,1,0.0
M00460,MEM00615,1,0.0
M00460,MEM00615,1,0.0
M00460,MEM00615,1,0.0
M00460,MEM00615,1,0.0
M00460,MEM00615,1,0.0
M00460,MEM00615,1,0.0
M00461,MEM00452,1,0.0
M00461,MEM00452,1,0.0
M00461,MEM00452,1,0.0
M00461,MEM00452,1,0.0
M00461,MEM00452,1,0.0
M00461,MEM00452,1,0.0
M00461,MEM00452,1,0.0
M00462,MEM00764,1,0.0
M00462,MEM00764,1,0.0
M00462,MEM00764,1,0.0
M00462,MEM00764,1,0.0
M00462,MEM00764,1,0.0
M00462,MEM00764,1,0.0
M00462,MEM00764,1,0.0
M00462,MEM00180,1,0.0
M00462,MEM00180,1,0.0
M00462,MEM00180,1,0.0
M00462,MEM00180,1,0.0
M00462,MEM00180,1,0.0
M00462,MEM00180,1,0.0
M00462,MEM00180,1,0.0
M00462,MEM00679,1,0.0
M00462,MEM00679,1,0.0
M00462,MEM00679,1,0.0
M00462,MEM00679,1,0.0
M00462,MEM00679,1,0.0
M00462,MEM00679,1,0.0
M00462,MEM00679,1,0.0
M00462,MEM00109,1,0.0
M00462,MEM00109,1,0.0
M00462,MEM00109,1,0.0
M00462,MEM00109,1,0.0
M00462,MEM00109,1,0.0
M00462,MEM00109,1,0.0
M00462,MEM00109,1,0.0
M00463,MEM00349,1,3.93
M00463,MEM00349,1,4.27
M00463,MEM00349,1,3.98
M00463,MEM00349,1,3.0
M00463,MEM00349,1,3.97
M00463,MEM00349,1,4.02
M00463,MEM00349,1,4.58
M00463,MEM00713,1,3.78
M00463,MEM00713,1,5.0
M00463,MEM00713,1,3.05
M00463,MEM00713,1,4.99
M00463,MEM00713,1,4.07
M00463,MEM00713,1,4.72
M00463,MEM00713,1,4.25
M00463,MEM00671,1,4.88
M00463,MEM00671,1,3.97
M00463,MEM00671,1,3.54
M00463,MEM00671,1,5.0
M00463,MEM00671,1,4.13
M00463,MEM00671,1,4.33
M00463,MEM00671,1,4.94
M00463,MEM00066,1,3.58
M00463,MEM00066,1,4.56
M00463,MEM00066,1,3.85
M00463,MEM00066,1,4.12
M00463,MEM00066,1,4.24
M00463,MEM00066,1,3.3
M00463,MEM00066,1,3.73
M00464,MEM00357,1,0.0
M00464,MEM00357,1,0.0
M00464,MEM00357,1,0.0
M00464,MEM00357,1,0.0
M00464,MEM00357,1,0.0
M00464,MEM00357,1,0.0
M00464,MEM00357,1,0.0
M00464,MEM00708,1,0.0
M00464,MEM00708,1,0.0
M00464,MEM00708,1,0.0
M00464,MEM00708,1,0.0
M00464,MEM00708,1,0.0
M00464,MEM00708,1,0.0
M00464,MEM00708,1,0.0
M00465,MEM00400,1,0.0
M00465,MEM00400,1,0.0
M00465,MEM00400,1,0.0
M00465,MEM00400,1,0.0
M00465,MEM00400,1,0.0
M00465,MEM00400,1,0.0
M00465,MEM00400,1,0.0
M00466,MEM00489,1,0.0
M00466,MEM00489,1,0.0
M00466,MEM00489,1,0.0
M00466,MEM00489,1,0.0
M00466,MEM00489,1,0.0
M00466,MEM00489,1,0.0
M00466,MEM00489,1,0.0
M00467,EXT00366,0,0.0
M00467,EXT00366,0,0.0
M00467,EXT00366,0,0.0
M00467,EXT00366,0,0.0
M00467,EXT00366,0,0.0
M00467,EXT00366,0,0.0
M00467,EXT00366,0,0.0
M00468,MEM00019,1,0.0
M00468,MEM00019,1,0.0
M00468,MEM00019,1,0.0
M00468,MEM00019,1,0.0
M00468,MEM00019,1,0.0
M00468,MEM00019,1,0.0
M00468,MEM00019,1,0.0
M00469,MEM00553,1,0.0
M00469,MEM00553,1,0.0
M00469,MEM00553,1,0.0
M00469,MEM00553,1,0.0
M00469,MEM00553,1,0.0
M00469,MEM00553,1,0.0
M00469,MEM00553,1,0.0
M00469,MEM00377,1,0.0
M00469,MEM00377,1,0.0
M00469,MEM00377,1,0.0
M00469,MEM00377,1,0.0
M00469,MEM00377,1,0.0
M00469,MEM00377,1,0.0
M00469,MEM00377,1,0.0
M00470,MEM00230,1,5.0
M00470,MEM00230,1,4.73
M00470,MEM00230,1,4.16
M00470,MEM00230,1,4.35
M00470,MEM00230,1,4.02
M00470,MEM00230,1,5.0
M00470,MEM00230,1,4.08
M00470,MEM00583,1,4.34
M00470,MEM00583,1,4.89
M00470,MEM00583,1,3.73
M00470,MEM00583,1,5.0
M00470,MEM00583,1,3.28
M00470,MEM00583,1,5.0
M00470,MEM00583,1,3.98
M00470,MEM00126,1,4.05
M00470,MEM00126,1,3.07
M00470,MEM00126,1,3.93
M00470,MEM00126,1,3.58
M00470,MEM00126,1,3.84
M00470,MEM00126,1,4.12
M00470,MEM00126,1,4.77
M00470,MEM00559,1,4.32
M00470,MEM00559,1,4.38
M00470,MEM00559,1,3.54
M00470,MEM00559,1,3.67
M00470,MEM00559,1,5.0
M00470,MEM00559,1,3.76
M00470,MEM00559,1,5.0
M00471,MEM00278,1,0.0
M00471,MEM00278,1,0.0
M00471,MEM00278,1,0.0
M00471,MEM00278,1,0.0
M00471,MEM00278,1,0.0
M00471,MEM00278,1,0.0
M00471,MEM00278,1,0.0
M00472,MEM00180,1,4.05
M00472,MEM00180,1,4.2
M00472,MEM00180,1,4.84
M00472,MEM00180,1,4.96
M00472,MEM00180,1,4.13
M00472,MEM00180,1,3.97
M00472,MEM00180,1,4.17
M00472,MEM00641,1,4.4
M00472,MEM00641,1,4.73
M00472,MEM00641,1,4.2
M00472,MEM00641,1,4.57
M00472,MEM00641,1,5.0
M00472,MEM00641,1,4.43
M00472,MEM00641,1,4.39
M00472,MEM00213,1,3.29
M00472,MEM00213,1,2.62
M00472,MEM00213,1,4.43
M00472,MEM00213,1,4.14
M00472,MEM00213,1,3.89
M00472,MEM00213,1,4.35
M00472,MEM00213,1,4.16
M00472,MEM00765,1,4.88
M00472,MEM00765,1,4.25
M00472,MEM00765,1,3.75
M00472,MEM00765,1,4.79
M00472,MEM00765,1,4.07
M00472,MEM00765,1,4.52
M00472,MEM00765,1,3.91
M00473,MEM00007,1,0.0
M00473,MEM00007,1,0.0
M00473,MEM00007,1,0.0
M00473,MEM00007,1,0.0
M00473,MEM00007,1,0.0
M00473,MEM00007,1,0.0
M00473,MEM00007,1,0.0
M00474,MEM00798,1,3.81
M00474,MEM00798,1,4.25
M00474,MEM00798,1,4.21
M00474,MEM00798,1,4.49
M00474,MEM00798,1,4.04
M00474,MEM00798,1,3.1
M00474,MEM00798,1,3.94
M00474,MEM00543,1,4.68
M00474,MEM00543,1,4.02
M00474,MEM00543,1,4.05
M00474,MEM00543,1,4.79
M00474,MEM00543,1,3.77
M00474,MEM00543,1,3.27
M00474,MEM00543,1,4.1
M00474,EXT00110,0,3.91
M00474,EXT00110,0,3.62
M00474,EXT00110,0,4.09
M00474,EXT00110,0,4.49
M00474,EXT00110,0,4.19
M00474,EXT00110,0,4.38
M00474,EXT00110,0,5.0
M00474,EXT00332,0,3.99
M00474,EXT00332,0,4.37
M00474,EXT00332,0,3.89
M00474,EXT00332,0,3.69
M00474,EXT00332,0,3.85
M00474,EXT00332,0,3.91
M00474,EXT00332,0,4.42
M00475,MEM00010,1,0.0
M00475,MEM00010,1,0.0
M00475,MEM00010,1,0.0
M00475,MEM00010,1,0.0
M00475,MEM00010,1,0.0
M00475,MEM00010,1,0.0
M00475,MEM00010,1,0.0
M00477,EXT00301,0,0.0
M00477,EXT00301,0,0.0
M00477,EXT00301,0,0.0
M00477,EXT00301,0,0.0
M00477,EXT00301,0,0.0
M00477,EXT00301,0,0.0
M00477,EXT00301,0,0.0
M00478,MEM00659,1,0.0
M00478,MEM00659,1,0.0
M00478,MEM00659,1,0.0
M00478,MEM00659,1,0.0
M00478,MEM00659,1,0.0
M00478,MEM00659,1,0.0
M00478,MEM00659,1,0.0
M00478,MEM00595,1,0.0
M00478,MEM00595,1,0.0
M00478,MEM00595,1,0.0
M00478,MEM00595,1,0.0
M00478,MEM00595,1,0.0
M00478,MEM00595,1,0.0
M00478,MEM00595,1,0.0
M00478,EXT00060,0,0.0
M00478,EXT00060,0,0.0
M00478,EXT00060,0,0.0
M00478,EXT00060,0,0.0
M00478,EXT00060,0,0.0
M00478,EXT00060,0,0.0
M00478,EXT00060,0,0.0
M00479,MEM00615,1,5.0
M00479,MEM00615,1,3.77
M00479,MEM00615,1,3.95
M00479,MEM00615,1,4.16
M00479,MEM00615,1,4.44
M00479,MEM00615,1,4.36
M00479,MEM00615,1,4.97
M00479,MEM00606,1,2.74
M00479,MEM00606,1,2.77
M00479,MEM00606,1,3.9
M00479,MEM00606,1,4.86
M00479,MEM00606,1,3.26
M00479,MEM00606,1,2.4
M00479,MEM00606,1,4.54
M00479,EXT00263,0,4.35
M00479,EXT00263,0,3.55
M00479,EXT00263,0,3.61
M00479,EXT00263,0,3.62
M00479,EXT00263,0,4.27
M00479,EXT00263,0,3.82
M00479,EXT00263,0,4.5
M00479,EXT00310,0,2.49
M00479,EXT00310,0,3.69
M00479,EXT00310,0,3.52
M00479,EXT00310,0,4.05
M00479,EXT00310,0,3.88
M00479,EXT00310,0,4.68
M00479,EXT00310,0,3.08
M00480,MEM00479,1,4.23
M00480,MEM00479,1,4.54
M00480,MEM00479,1,5.0
M00480,MEM00479,1,3.91
M00480,MEM00479,1,4.39
M00480,MEM00479,1,3.12
M00480,MEM00479,1,2.76
M00480,MEM00671,1,4.71
M00480,MEM00671,1,4.2
M00480,MEM00671,1,4.91
M00480,MEM00671,1,3.38
M00480,MEM00671,1,4.51
M00480,MEM00671,1,5.0
M00480,MEM00671,1,4.45
M00481,MEM00087,1,0.0
M00481,MEM00087,1,0.0
M00481,MEM00087,1,0.0
M00481,MEM00087,1,0.0
M00481,MEM00087,1,0.0
M00481,MEM00087,1,0.0
M00481,MEM00087,1,0.0
M00481,MEM00386,1,0.0
M00481,MEM00386,1,0.0
M00481,MEM00386,1,0.0
M00481,MEM00386,1,0.0
M00481,MEM00386,1,0.0
M00481,MEM00386,1,0.0
M00481,MEM00386,1,0.0
M00481,EXT00160,0,0.0
M00481,EXT00160,0,0.0
M00481,EXT00160,0,0.0
M00481,EXT00160,0,0.0
M00481,EXT00160,0,0.0
M00481,EXT00160,0,0.0
M00481,EXT00160,0,0.0
M00481,EXT00030,0,0.0
M00481,EXT00030,0,0.0
M00481,EXT00030,0,0.0
M00481,EXT00030,0,0.0
M00481,EXT00030,0,0.0
M00481,EXT00030,0,0.0
M00481,EXT00030,0,0.0
M00482,MEM00316,1,0.0
M00482,MEM00316,1,0.0
M00482,MEM00316,1,0.0
M00482,MEM00316,1,0.0
M00482,MEM00316,1,0.0
M00482,MEM00316,1,0.0
M00482,MEM00316,1,0.0
M00483,MEM00068,1,4.37
M00483,MEM00068,1,4.21
M00483,MEM00068,1,3.26
M00483,MEM00068,1,5.0
M00483,MEM00068,1,3.83
M00483,MEM00068,1,4.5
M00483,MEM00068,1,3.26
M00483,EXT00132,0,3.49
M00483,EXT00132,0,5.0
M00483,EXT00132,0,3.99
M00483,EXT00132,0,5.0
M00483,EXT00132,0,4.15
M00483,EXT00132,0,3.09
M00483,EXT00132,0,4.74
M00484,MEM00112,1,0.0
M00484,MEM00112,1,0.0
M00484,MEM00112,1,0.0
M00484,MEM00112,1,0.0
M00484,MEM00112,1,0.0
M00484,MEM00112,1,0.0
M00484,MEM00112,1,0.0
M00485,MEM00642,1,0.0
M00485,MEM00642,1,0.0
M00485,MEM00642,1,0.0
M00485,MEM00642,1,0.0
M00485,MEM00642,1,0.0
M00485,MEM00642,1,0.0
M00485,MEM00642,1,0.0
M00486,MEM00763,1,3.85
M00486,MEM00763,1,4.62
M00486,MEM00763,1,4.22
M00486,MEM00763,1,3.27
M00486,MEM00763,1,4.3
M00486,MEM00763,1,5.0
M00486,MEM00763,1,4.5
M00486,EXT00027,0,4.17
M00486,EXT00027,0,4.85
M00486,EXT00027,0,4.33
M00486,EXT00027,0,4.33
M00486,EXT00027,0,3.55
M00486,EXT00027,0,4.34
M00486,EXT00027,0,4.82
M00487,MEM00763,1,0.0
M00487,MEM00763,1,0.0
M00487,MEM00763,1,0.0
M00487,MEM00763,1,0.0
M00487,MEM00763,1,0.0
M00487,MEM00763,1,0.0
M00487,MEM00763,1,0.0
M00489,MEM00414,1,0.0
M00489,MEM00414,1,0.0
M00489,MEM00414,1,0.0
M00489,MEM00414,1,0.0
M00489,MEM00414,1,0.0
M00489,MEM00414,1,0.0
M00489,MEM00414,1,0.0
M00489,MEM00230,1,0.0
M00489,MEM00230,1,0.0
M00489,MEM00230,1,0.0
M00489,MEM00230,1,0.0
M00489,MEM00230,1,0.0
M00489,MEM00230,1,0.0
M00489,MEM00230,1,0.0
M00489,EXT00030,0,0.0
M00489,EXT00030,0,0.0
M00489,EXT00030,0,0.0
M00489,EXT00030,0,0.0
M00489,EXT00030,0,0.0
M00489,EXT00030,0,0.0
M00489,EXT00030,0,0.0
M00490,MEM00394,1,0.0
M00490,MEM00394,1,0.0
M00490,MEM00394,1,0.0
M00490,MEM00394,1,0.0
M00490,MEM00394,1,0.0
M00490,MEM00394,1,0.0
M00490,MEM00394,1,0.0
M00491,MEM00630,1,0.0
M00491,MEM00630,1,0.0
M00491,MEM00630,1,0.0
M00491,MEM00630,1,0.0
M00491,MEM00630,1,0.0
M00491,MEM00630,1,0.0
M00491,MEM00630,1,0.0
M00492,MEM00571,1,0.0
M00492,MEM00571,1,0.0
M00492,MEM00571,1,0.0
M00492,MEM00571,1,0.0
M00492,MEM00571,1,0.0
M00492,MEM00571,1,0.0
M00492,MEM00571,1,0.0
M00493,MEM00055,1,0.0
M00493,MEM00055,1,0.0
M00493,MEM00055,1,0.0
M00493,MEM00055,1,0.0
M00493,MEM00055,1,0.0
M00493,MEM00055,1,0.0
M00493,MEM00055,1,0.0
M00493,EXT00027,0,0.0
M00493,EXT00027,0,0.0
M00493,EXT00027,0,0.0
M00493,EXT00027,0,0.0
M00493,EXT00027,0,0.0
M00493,EXT00027,0,0.0
M00493,EXT00027,0,0.0
M00493,EXT00158,0,0.0
M00493,EXT00158,0,0.0
M00493,EXT00158,0,0.0
M00493,EXT00158,0,0.0
M00493,EXT00158,0,0.0
M00493,EXT00158,0,0.0
M00493,EXT00158,0,0.0
M00494,MEM00204,1,0.0
M00494,MEM00204,1,0.0
M00494,MEM00204,1,0.0
M00494,MEM00204,1,0.0
M00494,MEM00204,1,0.0
M00494,MEM00204,1,0.0
M00494,MEM00204,1,0.0
M00494,MEM00226,1,0.0
M00494,MEM00226,1,0.0
M00494,MEM00226,1,0.0
M00494,MEM00226,1,0.0
M00494,MEM00226,1,0.0
M00494,MEM00226,1,0.0
M00494,MEM00226,1,0.0
M00494,EXT00105,0,0.0
M00494,EXT00105,0,0.0
M00494,EXT00105,0,0.0
M00494,EXT00105,0,0.0
M00494,EXT00105,0,0.0
M00494,EXT00105,0,0.0
M00494,EXT00105,0,0.0
M00495,MEM00754,1,0.0
M00495,MEM00754,1,0.0
M00495,MEM00754,1,0.0
M00495,MEM00754,1,0.0
M00495,MEM00754,1,0.0
M00495,MEM00754,1,0.0
M00495,MEM00754,1,0.0
M00495,MEM00638,1,0.0
M00495,MEM00638,1,0.0
M00495,MEM00638,1,0.0
M00495,MEM00638,1,0.0
M00495,MEM00638,1,0.0
M00495,MEM00638,1,0.0
M00495,MEM00638,1,0.0
M00496,MEM00315,1,3.7
M00496,MEM00315,1,5.0
M00496,MEM00315,1,4.14
M00496,MEM00315,1,3.67
M00496,MEM00315,1,4.8
M00496,MEM00315,1,4.03
M00496,MEM00315,1,4.66
M00496,MEM00728,1,4.02
M00496,MEM00728,1,4.16
M00496,MEM00728,1,4.5
M00496,MEM00728,1,4.37
M00496,MEM00728,1,3.0
M00496,MEM00728,1,3.53
M00496,MEM00728,1,4.76
M00496,MEM00249,1,4.12
M00496,MEM00249,1,3.89
M00496,MEM00249,1,3.38
M00496,MEM00249,1,3.55
M00496,MEM00249,1,2.99
M00496,MEM00249,1,4.14
M00496,MEM00249,1,3.84
M00496,EXT00194,0,3.62
M00496,EXT00194,0,4.16
M00496,EXT00194,0,4.42
M00496,EXT00194,0,5.0
M00496,EXT00194,0,3.29
M00496,EXT00194,0,4.9
M00496,EXT00194,0,4.78
M00497,MEM00199,1,0.0
M00497,MEM00199,1,0.0
M00497,MEM00199,1,0.0
M00497,MEM00199,1,0.0
M00497,MEM00199,1,0.0
M00497,MEM00199,1,0.0
M00497,MEM00199,1,0.0
M00498,MEM00498,1,0.0
M00498,MEM00498,1,0.0
M00498,MEM00498,1,0.0
M00498,MEM00498,1,0.0
M00498,MEM00498,1,0.0
M00498,MEM00498,1,0.0
M00498,MEM00498,1,0.0
M00499,MEM00780,1,0.0
M00499,MEM00780,1,0.0
M00499,MEM00780,1,0.0
M00499,MEM00780,1,0.0
M00499,MEM00780,1,0.0
M00499,MEM00780,1,0.0
M00499,MEM00780,1,0.0
M00500,MEM00479,1,3.73
M00500,MEM00479,1,4.32
M00500,MEM00479,1,3.93
M00500,MEM00479,1,4.31
M00500,MEM00479,1,5.0
M00500,MEM00479,1,4.56
M00500,MEM00479,1,4.51
M00500,MEM00277,1,3.94
M00500,MEM00277,1,3.31
M00500,MEM00277,1,4.07
M00500,MEM00277,1,4.92
M00500,MEM00277,1,3.28
M00500,MEM00277,1,3.57
M00500,MEM00277,1,4.28
M00501,EXT00258,0,0.0
M00501,EXT00258,0,0.0
M00501,EXT00258,0,0.0
M00501,EXT00258,0,0.0
M00501,EXT00258,0,0.0
M00501,EXT00258,0,0.0
M00501,EXT00258,0,0.0
M00502,MEM00117,1,3.61
M00502,MEM00117,1,3.72
M00502,MEM00117,1,3.95
M00502,MEM00117,1,3.38
M00502,MEM00117,1,3.62
M00502,MEM00117,1,4.62
M00502,MEM00117,1,3.42
M00502,MEM00710,1,3.24
M00502,MEM00710,1,3.82
M00502,MEM00710,1,4.64
M00502,MEM00710,1,4.08
M00502,MEM00710,1,3.92
M00502,MEM00710,1,4.23
M00502,MEM00710,1,3.15
M00503,MEM00464,1,4.5
M00503,MEM00464,1,4.43
M00503,MEM00464,1,3.95
M00503,MEM00464,1,4.8
M00503,MEM00464,1,3.52
M00503,MEM00464,1,4.88
M00503,MEM00464,1,4.29
M00503,MEM00359,1,4.0
M00503,MEM00359,1,4.19
M00503,MEM00359,1,4.14
M00503,MEM00359,1,4.93
M00503,MEM00359,1,3.55
M00503,MEM00359,1,3.74
M00503,MEM00359,1,4.82
M00503,MEM00395,1,3.84
M00503,MEM00395,1,4.74
M00503,MEM00395,1,5.0
M00503,MEM00395,1,3.96
M00503,MEM00395,1,4.61
M00503,MEM00395,1,3.51
M00503,MEM00395,1,4.65
M00503,EXT00249,0,4.32
M00503,EXT00249,0,4.48
M00503,EXT00249,0,3.81
M00503,EXT00249,0,3.2
M00503,EXT00249,0,4.5
M00503,EXT00249,0,2.96
M00503,EXT00249,0,4.01
M00504,MEM00072,1,0.0
M00504,MEM00072,1,0.0
M00504,MEM00072,1,0.0
M00504,MEM00072,1,0.0
M00504,MEM00072,1,0.0
M00504,MEM00072,1,0.0
M00504,MEM00072,1,0.0
M00505,MEM00210,1,4.76
M00505,MEM00210,1,4.32
M00505,MEM00210,1,5.0
M00505,MEM00210,1,4.82
M00505,MEM00210,1,3.81
M00505,MEM00210,1,4.22
M00505,MEM00210,1,4.17
M00505,MEM00548,1,3.25
M00505,MEM00548,1,3.64
M00505,MEM00548,1,3.86
M00505,MEM00548,1,2.98
M00505,MEM00548,1,4.23
M00505,MEM00548,1,4.05
M00505,MEM00548,1,3.2
M00505,MEM00575,1,4.44
M00505,MEM00575,1,4.63
M00505,MEM00575,1,4.34
M00505,MEM00575,1,4.01
M00505,MEM00575,1,4.55
M00505,MEM00575,1,4.61
M00505,MEM00575,1,4.38
M00505,EXT00328,0,3.71
M00505,EXT00328,0,4.37
M00505,EXT00328,0,4.92
M00505,EXT00328,0,3.84
M00505,EXT00328,0,5.0
M00505,EXT00328,0,3.88
M00505,EXT00328,0,4.22
M00506,MEM00640,1,0.0
M00506,MEM00640,1,0.0
M00506,MEM00640,1,0.0
M00506,MEM00640,1,0.0
M00506,MEM00640,1,0.0
M00506,MEM00640,1,0.0
M00506,MEM00640,1,0.0
M00507,MEM00411,1,3.8
M00507,MEM00411,1,4.33
M00507,MEM00411,1,3.15
M00507,MEM00411,1,3.87
M00507,MEM00411,1,3.54
M00507,MEM00411,1,4.28
M00507,MEM00411,1,4.8
M00507,MEM00429,1,4.59
M00507,MEM00429,1,2.78
M00507,MEM00429,1,5.0
M00507,MEM00429,1,4.38
M00507,MEM00429,1,3.73
M00507,MEM00429,1,4.29
M00507,MEM00429,1,4.31
M00508,MEM00210,1,3.8
M00508,MEM00210,1,4.32
M00508,MEM00210,1,3.84
M00508,MEM00210,1,3.96
M00508,MEM00210,1,3.79
M00508,MEM00210,1,3.34
M00508,MEM00210,1,4.29
M00508,MEM00618,1,4.55
M00508,MEM00618,1,4.51
M00508,MEM00618,1,4.69
M00508,MEM00618,1,4.39
M00508,MEM00618,1,3.88
M00508,MEM00618,1,4.7
M00508,MEM00618,1,3.39
M00508,MEM00130,1,3.66
M00508,MEM00130,1,3.62
M00508,MEM00130,1,4.85
M00508,MEM00130,1,4.77
M00508,MEM00130,1,4.49
M00508,MEM00130,1,4.84
M00508,MEM00130,1,3.67
M00508,EXT00201,0,4.41
M00508,EXT00201,0,4.12
M00508,EXT00201,0,4.71
M00508,EXT00201,0,4.13
M00508,EXT00201,0,3.97
M00508,EXT00201,0,4.52
M00508,EXT00201,0,4.73
M00509,MEM00125,1,0.0
M00509,MEM00125,1,0.0
M00509,MEM00125,1,0.0
M00509,MEM00125,1,0.0
M00509,MEM00125,1,0.0
M00509,MEM00125,1,0.0
M00509,MEM00125,1,0.0
M00509,MEM00490,1,0.0
M00509,MEM00490,1,0.0
M00509,MEM00490,1,0.0
M00509,MEM00490,1,0.0
M00509,MEM00490,1,0.0
M00509,MEM00490,1,0.0
M00509,MEM00490,1,0.0
M00509,MEM00219,1,0.0
M00509,MEM00219,1,0.0
M00509,MEM00219,1,0.0
M00509,MEM00219,1,0.0
M00509,MEM00219,1,0.0
M00509,MEM00219,1,0.0
M00509,MEM00219,1,0.0
M00510,MEM00244,1,0.0
M00510,MEM00244,1,0.0
M00510,MEM00244,1,0.0
M00510,MEM00244,1,0.0
M00510,MEM00244,1,0.0
M00510,MEM00244,1,0.0
M00510,MEM00244,1,0.0
M00510,MEM00604,1,0.0
M00510,MEM00604,1,0.0
M00510,MEM00604,1,0.0
M00510,MEM00604,1,0.0
M00510,MEM00604,1,0.0
M00510,MEM00604,1,0.0
M00510,MEM00604,1,0.0
M00510,MEM00058,1,0.0
M00510,MEM00058,1,0.0
M00510,MEM00058,1,0.0
M00510,MEM00058,1,0.0
M00510,MEM00058,1,0.0
M00510,MEM00058,1,0.0
M00510,MEM00058,1,0.0
M00512,MEM00001,1,0.0
M00512,MEM00001,1,0.0
M00512,MEM00001,1,0.0
M00512,MEM00001,1,0.0
M00512,MEM00001,1,0.0
M00512,MEM00001,1,0.0
M00512,MEM00001,1,0.0
M00513,MEM00051,1,0.0
M00513,MEM00051,1,0.0
M00513,MEM00051,1,0.0
M00513,MEM00051,1,0.0
M00513,MEM00051,1,0.0
M00513,MEM00051,1,0.0
M00513,MEM00051,1,0.0
M00513,MEM00400,1,0.0
M00513,MEM00400,1,0.0
M00513,MEM00400,1,0.0
M00513,MEM00400,1,0.0
M00513,MEM00400,1,0.0
M00513,MEM00400,1,0.0
M00513,MEM00400,1,0.0
M00513,EXT00104,0,0.0
M00513,EXT00104,0,0.0
M00513,EXT00104,0,0.0
M00513,EXT00104,0,0.0
M00513,EXT00104,0,0.0
M00513,EXT00104,0,0.0
M00513,EXT00104,0,0.0
M00514,MEM00066,1,0.0
M00514,MEM00066,1,0.0
M00514,MEM00066,1,0.0
M00514,MEM00066,1,0.0
M00514,MEM00066,1,0.0
M00514,MEM00066,1,0.0
M00514,MEM00066,1,0.0
M00514,MEM00570,1,0.0
M00514,MEM00570,1,0.0
M00514,MEM00570,1,0.0
M00514,MEM00570,1,0.0
M00514,MEM00570,1,0.0
M00514,MEM00570,1,0.0
M00514,MEM00570,1,0.0
M00515,MEM00668,1,0.0
M00515,MEM00668,1,0.0
M00515,MEM00668,1,0.0
M00515,MEM00668,1,0.0
M00515,MEM00668,1,0.0
M00515,MEM00668,1,0.0
M00515,MEM00668,1,0.0
M00516,MEM00210,1,3.8
M00516,MEM00210,1,4.16
M00516,MEM00210,1,3.56
M00516,MEM00210,1,2.7
M00516,MEM00210,1,4.32
M00516,MEM00210,1,4.57
M00516,MEM00210,1,4.36
M00516,MEM00244,1,3.03
M00516,MEM00244,1,3.99
M00516,MEM00244,1,2.87
M00516,MEM00244,1,5.0
M00516,MEM00244,1,3.55
M00516,MEM00244,1,4.95
M00516,MEM00244,1,4.77
M00516,MEM00004,1,3.66
M00516,MEM00004,1,3.52
M00516,MEM00004,1,4.41
M00516,MEM00004,1,3.69
M00516,MEM00004,1,4.26
M00516,MEM00004,1,3.91
M00516,MEM00004,1,3.13
M00516,MEM00595,1,2.86
M00516,MEM00595,1,4.34
M00516,MEM00595,1,3.86
M00516,MEM00595,1,3.87
M00516,MEM00595,1,4.62
M00516,MEM00595,1,4.9
M00516,MEM00595,1,4.04
M00517,MEM00105,1,0.0
M00517,MEM00105,1,0.0
M00517,MEM00105,1,0.0
M00517,MEM00105,1,0.0
M00517,MEM00105,1,0.0
M00517,MEM00105,1,0.0
M00517,MEM00105,1,0.0
M00518,MEM00210,1,4.0
M00518,MEM00210,1,4.5
M00518,MEM00210,1,3.39
M00518,MEM00210,1,4.33
M00518,MEM00210,1,4.53
M00518,MEM00210,1,4.61
M00518,MEM00210,1,3.04
M00518,MEM00281,1,3.74
M00518,MEM00281,1,3.67
M00518,MEM00281,1,4.26
M00518,MEM00281,1,4.49
M00518,MEM00281,1,5.0
M00518,MEM00281,1,3.9
M00518,MEM00281,1,3.9
M00518,MEM00670,1,4.89
M00518,MEM00670,1,4.38
M00518,MEM00670,1,4.96
M00518,MEM00670,1,4.37
M00518,MEM00670,1,3.51
M00518,MEM00670,1,3.4
M00518,MEM00670,1,3.27
M00518,EXT00116,0,4.6
M00518,EXT00116,0,4.91
M00518,EXT00116,0,5.0
M00518,EXT00116,0,4.71
M00518,EXT00116,0,4.9
M00518,EXT00116,0,3.85
M00518,EXT00116,0,3.51
M00519,MEM00339,1,4.71
M00519,MEM00339,1,4.45
M00519,MEM00339,1,4.26
M00519,MEM00339,1,4.43
M00519,MEM00339,1,4.39
M00519,MEM00339,1,4.97
M00519,MEM00339,1,4.98
M00519,MEM00625,1,4.53
M00519,MEM00625,1,4.71
M00519,MEM00625,1,4.51
M00519,MEM00625,1,3.92
M00519,MEM00625,1,4.65
M00519,MEM00625,1,3.36
M00519,MEM00625,1,4.83
M00519,MEM00735,1,3.48
M00519,MEM00735,1,4.37
M00519,MEM00735,1,3.69
M00519,MEM00735,1,4.53
M00519,MEM00735,1,4.18
M00519,MEM00735,1,3.24
M00519,MEM00735,1,4.45
M00519,MEM00711,1,3.85
M00519,MEM00711,1,4.73
M00519,MEM00711,1,4.2
M00519,MEM00711,1,4.44
M00519,MEM00711,1,3.63
M00519,MEM00711,1,3.85
M00519,MEM00711,1,3.92
M00520,MEM00768,1,0.0
M00520,MEM00768,1,0.0
M00520,MEM00768,1,0.0
M00520,MEM00768,1,0.0
M00520,MEM00768,1,0.0
M00520,MEM00768,1,0.0
M00520,MEM00768,1,0.0
M00520,MEM00292,1,0.0
M00520,MEM00292,1,0.0
M00520,MEM00292,1,0.0
M00520,MEM00292,1,0.0
M00520,MEM00292,1,0.0
M00520,MEM00292,1,0.0
M00520,MEM00292,1,0.0
M00522,MEM00088,1,4.71
M00522,MEM00088,1,5.0
M00522,MEM00088,1,3.72
M00522,MEM00088,1,4.85
M00522,MEM00088,1,2.9
M00522,MEM00088,1,3.48
M00522,MEM00088,1,3.62
M00522,MEM00553,1,3.39
M00522,MEM00553,1,3.25
M00522,MEM00553,1,4.45
M00522,MEM00553,1,4.07
M00522,MEM00553,1,4.43
M00522,MEM00553,1,4.61
M00522,MEM00553,1,4.36
M00522,MEM00302,1,4.59
M00522,MEM00302,1,4.16
M00522,MEM00302,1,3.49
M00522,MEM00302,1,4.83
M00522,MEM00302,1,3.85
M00522,MEM00302,1,3.64
M00522,MEM00302,1,4.09
M00522,MEM00388,1,3.65
M00522,MEM00388,1,3.95
M00522,MEM00388,1,4.41
M00522,MEM00388,1,4.41
M00522,MEM00388,1,3.66
M00522,MEM00388,1,3.91
M00522,MEM00388,1,4.84
M00523,MEM00492,1,0.0
M00523,MEM00492,1,0.0
M00523,MEM00492,1,0.0
M00523,MEM00492,1,0.0
M00523,MEM00492,1,0.0
M00523,MEM00492,1,0.0
M00523,MEM00492,1,0.0
M00525,MEM00565,1,0.0
M00525,MEM00565,1,0.0
M00525,MEM00565,1,0.0
M00525,MEM00565,1,0.0
M00525,MEM00565,1,0.0
M00525,MEM00565,1,0.0
M00525,MEM00565,1,0.0
M00525,MEM00004,1,0.0
M00525,MEM00004,1,0.0
M00525,MEM00004,1,0.0
M00525,MEM00004,1,0.0
M00525,MEM00004,1,0.0
M00525,MEM00004,1,0.0
M00525,MEM00004,1,0.0
M00525,MEM00156,1,0.0
M00525,MEM00156,1,0.0
M00525,MEM00156,1,0.0
M00525,MEM00156,1,0.0
M00525,MEM00156,1,0.0
M00525,MEM00156,1,0.0
M00525,MEM00156,1,0.0
M00526,MEM00529,1,4.5
M00526,MEM00529,1,5.0
M00526,MEM00529,1,4.91
M00526,MEM00529,1,4.89
M00526,MEM00529,1,3.37
M00526,MEM00529,1,4.66
M00526,MEM00529,1,4.17
M00526,MEM00574,1,3.87
M00526,MEM00574,1,4.3
M00526,MEM00574,1,4.77
M00526,MEM00574,1,4.5
M00526,MEM00574,1,3.67
M00526,MEM00574,1,4.65
M00526,MEM00574,1,3.82
M00527,MEM00770,1,0.0
M00527,MEM00770,1,0.0
M00527,MEM00770,1,0.0
M00527,MEM00770,1,0.0
M00527,MEM00770,1,0.0
M00527,MEM00770,1,0.0
M00527,MEM00770,1,0.0
M00528,MEM00611,1,0.0
M00528,MEM00611,1,0.0
M00528,MEM00611,1,0.0
M00528,MEM00611,1,0.0
M00528,MEM00611,1,0.0
M00528,MEM00611,1,0.0
M00528,MEM00611,1,0.0
M00529,MEM00763,1,0.0
M00529,MEM00763,1,0.0
M00529,MEM00763,1,0.0
M00529,MEM00763,1,0.0
M00529,MEM00763,1,0.0
M00529,MEM00763,1,0.0
M00529,MEM00763,1,0.0
M00529,MEM00564,1,0.0
M00529,MEM00564,1,0.0
M00529,MEM00564,1,0.0
M00529,MEM00564,1,0.0
M00529,MEM00564,1,0.0
M00529,MEM00564,1,0.0
M00529,MEM00564,1,0.0
M00530,MEM00227,1,4.33
M00530,MEM00227,1,4.02
M00530,MEM00227,1,4.07
M00530,MEM00227,1,4.66
M00530,MEM00227,1,3.58
M00530,MEM00227,1,5.0
M00530,MEM00227,1,3.11
M00530,MEM00107,1,3.84
M00530,MEM00107,1,4.42
M00530,MEM00107,1,4.55
M00530,MEM00107,1,4.14
M00530,MEM00107,1,4.17
M00530,MEM00107,1,4.45
M00530,MEM00107,1,4.06
M00531,MEM00502,1,0.0
M00531,MEM00502,1,0.0
M00531,MEM00502,1,0.0
M00531,MEM00502,1,0.0
M00531,MEM00502,1,0.0
M00531,MEM00502,1,0.0
M00531,MEM00502,1,0.0
M00531,MEM00623,1,0.0
M00531,MEM00623,1,0.0
M00531,MEM00623,1,0.0
M00531,MEM00623,1,0.0
M00531,MEM00623,1,0.0
M00531,MEM00623,1,0.0
M00531,MEM00623,1,0.0
M00532,MEM00053,1,0.0
M00532,MEM00053,1,0.0
M00532,MEM00053,1,0.0
M00532,MEM00053,1,0.0
M00532,MEM00053,1,0.0
M00532,MEM00053,1,0.0
M00532,MEM00053,1,0.0
M00533,MEM00280,1,5.0
M00533,MEM00280,1,4.7
M00533,MEM00280,1,4.72
M00533,MEM00280,1,3.62
M00533,MEM00280,1,4.15
M00533,MEM00280,1,4.02
M00533,MEM00280,1,3.6
M00533,MEM00765,1,4.42
M00533,MEM00765,1,3.88
M00533,MEM00765,1,4.59
M00533,MEM00765,1,3.56
M00533,MEM00765,1,5.0
M00533,MEM00765,1,3.66
M00533,MEM00765,1,4.33
M00534,MEM00394,1,4.68
M00534,MEM00394,1,3.86
M00534,MEM00394,1,4.71
M00534,MEM00394,1,3.46
M00534,MEM00394,1,5.0
M00534,MEM00394,1,4.21
M00534,MEM00394,1,3.84
M00534,EXT00168,0,4.02
M00534,EXT00168,0,4.69
M00534,EXT00168,0,3.85
M00534,EXT00168,0,3.75
M00534,EXT00168,0,4.07
M00534,EXT00168,0,3.49
M00534,EXT00168,0,5.0
M00535,MEM00365,1,0.0
M00535,MEM00365,1,0.0
M00535,MEM00365,1,0.0
M00535,MEM00365,1,0.0
M00535,MEM00365,1,0.0
M00535,MEM00365,1,0.0
M00535,MEM00365,1,0.0
M00537,MEM00180,1,0.0
M00537,MEM00180,1,0.0
M00537,MEM00180,1,0.0
M00537,MEM00180,1,0.0
M00537,MEM00180,1,0.0
M00537,MEM00180,1,0.0
M00537,MEM00180,1,0.0
M00539,MEM00285,1,0.0
M00539,MEM00285,1,0.0
M00539,MEM00285,1,0.0
M00539,MEM00285,1,0.0
M00539,MEM00285,1,0.0
M00539,MEM00285,1,0.0
M00539,MEM00285,1,0.0
M00540,MEM00285,1,0.0
M00540,MEM00285,1,0.0
M00540,MEM00285,1,0.0
M00540,MEM00285,1,0.0
M00540,MEM00285,1,0.0
M00540,MEM00285,1,0.0
M00540,MEM00285,1,0.0
M00540,MEM00056,1,0.0
M00540,MEM00056,1,0.0
M00540,MEM00056,1,0.0
M00540,MEM00056,1,0.0
M00540,MEM00056,1,0.0
M00540,MEM00056,1,0.0
M00540,MEM00056,1,0.0
M00541,MEM00615,1,0.0
M00541,MEM00615,1,0.0
M00541,MEM00615,1,0.0
M00541,MEM00615,1,0.0
M00541,MEM00615,1,0.0
M00541,MEM00615,1,0.0
M00541,MEM00615,1,0.0
M00541,EXT00162,0,0.0
M00541,EXT00162,0,0.0
M00541,EXT00162,0,0.0
M00541,EXT00162,0,0.0
M00541,EXT00162,0,0.0
M00541,EXT00162,0,0.0
M00541,EXT00162,0,0.0
M00542,MEM00655,1,3.86
M00542,MEM00655,1,4.7
M00542,MEM00655,1,4.33
M00542,MEM00655,1,3.61
M00542,MEM00655,1,4.2
M00542,MEM00655,1,4.67
M00542,MEM00655,1,4.09
M00542,MEM00678,1,4.92
M00542,MEM00678,1,4.81
M00542,MEM00678,1,4.75
M00542,MEM00678,1,3.92
M00542,MEM00678,1,3.55
M00542,MEM00678,1,3.83
M00542,MEM00678,1,4.32
M00543,MEM00181,1,0.0
M00543,MEM00181,1,0.0
M00543,MEM00181,1,0.0
M00543,MEM00181,1,0.0
M00543,MEM00181,1,0.0
M00543,MEM00181,1,0.0
M00543,MEM00181,1,0.0
M00543,MEM00516,1,0.0
M00543,MEM00516,1,0.0
M00543,MEM00516,1,0.0
M00543,MEM00516,1,0.0
M00543,MEM00516,1,0.0
M00543,MEM00516,1,0.0
M00543,MEM00516,1,0.0
M00545,MEM00375,1,4.53
M00545,MEM00375,1,2.9
M00545,MEM00375,1,4.2
M00545,MEM00375,1,4.29
M00545,MEM00375,1,4.03
M00545,MEM00375,1,4.97
M00545,MEM00375,1,4.45
M00545,MEM00703,1,4.99
M00545,MEM00703,1,4.07
M00545,MEM00703,1,4.76
M00545,MEM00703,1,5.0
M00545,MEM00703,1,4.99
M00545,MEM00703,1,3.54
M00545,MEM00703,1,4.05
M00546,MEM00186,1,0.0
M00546,MEM00186,1,0.0
M00546,MEM00186,1,0.0
M00546,MEM00186,1,0.0
M00546,MEM00186,1,0.0
M00546,MEM00186,1,0.0
M00546,MEM00186,1,0.0
M00547,MEM00479,1,3.99
M00547,MEM00479,1,4.49
M00547,MEM00479,1,4.61
M00547,MEM00479,1,3.7
M00547,MEM00479,1,4.24
M00547,MEM00479,1,2.99
M00547,MEM00479,1,5.0
M00547,MEM00544,1,3.89
M00547,MEM00544,1,4.23
M00547,MEM00544,1,4.01
M00547,MEM00544,1,4.89
M00547,MEM00544,1,2.5
M00547,MEM00544,1,4.19
M00547,MEM00544,1,4.14
M00548,MEM00226,1,0.0
M00548,MEM00226,1,0.0
M00548,MEM00226,1,0.0
M00548,MEM00226,1,0.0
M00548,MEM00226,1,0.0
M00548,MEM00226,1,0.0
M00548,MEM00226,1,0.0
M00548,MEM00126,1,0.0
M00548,MEM00126,1,0.0
M00548,MEM00126,1,0.0
M00548,MEM00126,1,0.0
M00548,MEM00126,1,0.0
M00548,MEM00126,1,0.0
M00548,MEM00126,1,0.0
M00549,MEM00509,1,3.93
M00549,MEM00509,1,5.0
M00549,MEM00509,1,3.67
M00549,MEM00509,1,4.66
M00549,MEM00509,1,4.41
M00549,MEM00509,1,4.96
M00549,MEM00509,1,3.8
M00549,EXT00301,0,3.76
M00549,EXT00301,0,4.86
M00549,EXT00301,0,4.46
M00549,EXT00301,0,3.27
M00549,EXT00301,0,3.88
M00549,EXT00301,0,4.43
M00549,EXT00301,0,4.7
M00550,MEM00502,1,3.79
M00550,MEM00502,1,2.45
M00550,MEM00502,1,4.51
M00550,MEM00502,1,3.47
M00550,MEM00502,1,2.99
M00550,MEM00502,1,2.5
M00550,MEM00502,1,4.69
M00550,MEM00243,1,4.28
M00550,MEM00243,1,4.06
M00550,MEM00243,1,5.0
M00550,MEM00243,1,4.58
M00550,MEM00243,1,5.0
M00550,MEM00243,1,3.36
M00550,MEM00243,1,4.18
M00551,MEM00308,1,0.0
M00551,MEM00308,1,0.0
M00551,MEM00308,1,0.0
M00551,MEM00308,1,0.0
M00551,MEM00308,1,0.0
M00551,MEM00308,1,0.0
M00551,MEM00308,1,0.0
M00552,MEM00574,1,3.23
M00552,MEM00574,1,4.06
M00552,MEM00574,1,4.05
M00552,MEM00574,1,4.58
M00552,MEM00574,1,4.23
M00552,MEM00574,1,4.57
M00552,MEM00574,1,4.62
M00552,EXT00081,0,5.0
M00552,EXT00081,0,4.01
M00552,EXT00081,0,3.64
M00552,EXT00081,0,4.35
M00552,EXT00081,0,3.72
M00552,EXT00081,0,5.0
M00552,EXT00081,0,4.03
M00554,MEM00285,1,3.86
M00554,MEM00285,1,3.92
M00554,MEM00285,1,4.63
M00554,MEM00285,1,4.11
M00554,MEM00285,1,3.81
M00554,MEM00285,1,5.0
M00554,MEM00285,1,3.69
M00554,MEM00221,1,4.22
M00554,MEM00221,1,4.59
M00554,MEM00221,1,3.22
M00554,MEM00221,1,4.49
M00554,MEM00221,1,3.57
M00554,MEM00221,1,4.69
M00554,MEM00221,1,3.62
M00554,MEM00710,1,4.62
M00554,MEM00710,1,4.86
M00554,MEM00710,1,4.72
M00554,MEM00710,1,4.35
M00554,MEM00710,1,4.06
M00554,MEM00710,1,3.85
M00554,MEM00710,1,5.0
M00554,EXT00023,0,3.78
M00554,EXT00023,0,3.58
M00554,EXT00023,0,4.6
M00554,EXT00023,0,3.72
M00554,EXT00023,0,3.63
M00554,EXT00023,0,3.33
M00554,EXT00023,0,3.91
M00555,MEM00113,1,0.0
M00555,MEM00113,1,0.0
M00555,MEM00113,1,0.0
M00555,MEM00113,1,0.0
M00555,MEM00113,1,0.0
M00555,MEM00113,1,0.0
M00555,MEM00113,1,0.0
M00555,EXT00209,0,0.0
M00555,EXT00209,0,0.0
M00555,EXT00209,0,0.0
M00555,EXT00209,0,0.0
M00555,EXT00209,0,0.0
M00555,EXT00209,0,0.0
M00555,EXT00209,0,0.0
M00555,EXT00099,0,0.0
M00555,EXT00099,0,0.0
M00555,EXT00099,0,0.0
M00555,EXT00099,0,0.0
M00555,EXT00099,0,0.0
M00555,EXT00099,0,0.0
M00555,EXT00099,0,0.0
M00556,EXT00333,0,0.0
M00556,EXT00333,0,0.0
M00556,EXT00333,0,0.0
M00556,EXT00333,0,0.0
M00556,EXT00333,0,0.0
M00556,EXT00333,0,0.0
M00556,EXT00333,0,0.0
M00557,MEM00010,1,0.0
M00557,MEM00010,1,0.0
M00557,MEM00010,1,0.0
M00557,MEM00010,1,0.0
M00557,MEM00010,1,0.0
M00557,MEM00010,1,0.0
M00557,MEM00010,1,0.0
M00559,MEM00294,1,0.0
M00559,MEM00294,1,0.0
M00559,MEM00294,1,0.0
M00559,MEM00294,1,0.0
M00559,MEM00294,1,0.0
M00559,MEM00294,1,0.0
M00559,MEM00294,1,0.0
M00561,MEM00257,1,0.0
M00561,MEM00257,1,0.0
M00561,MEM00257,1,0.0
M00561,MEM00257,1,0.0
M00561,MEM00257,1,0.0
M00561,MEM00257,1,0.0
M00561,MEM00257,1,0.0
M00562,EXT00012,0,4.15
M00562,EXT00012,0,4.35
M00562,EXT00012,0,4.77
M00562,EXT00012,0,4.52
M00562,EXT00012,0,4.09
M00562,EXT00012,0,4.08
M00562,EXT00012,0,4.51
M00562,EXT00051,0,4.96
M00562,EXT00051,0,4.28
M00562,EXT00051,0,3.92
M00562,EXT00051,0,3.6
M00562,EXT00051,0,3.33
M00562,EXT00051,0,4.6
M00562,EXT00051,0,4.55
M00563,MEM00324,1,0.0
M00563,MEM00324,1,0.0
M00563,MEM00324,1,0.0
M00563,MEM00324,1,0.0
M00563,MEM00324,1,0.0
M00563,MEM00324,1,0.0
M00563,MEM00324,1,0.0
M00563,MEM00419,1,0.0
M00563,MEM00419,1,0.0
M00563,MEM00419,1,0.0
M00563,MEM00419,1,0.0
M00563,MEM00419,1,0.0
M00563,MEM00419,1,0.0
M00563,MEM00419,1,0.0
M00563,MEM00315,1,0.0
M00563,MEM00315,1,0.0
M00563,MEM00315,1,0.0
M00563,MEM00315,1,0.0
M00563,MEM00315,1,0.0
M00563,MEM00315,1,0.0
M00563,MEM00315,1,0.0
M00563,MEM00388,1,0.0
M00563,MEM00388,1,0.0
M00563,MEM00388,1,0.0
M00563,MEM00388,1,0.0
M00563,MEM00388,1,0.0
M00563,MEM00388,1,0.0
M00563,MEM00388,1,0.0
M00564,MEM00474,1,4.55
M00564,MEM00474,1,4.12
M00564,MEM00474,1,5.0
M00564,MEM00474,1,3.91
M00564,MEM00474,1,4.77
M00564,MEM00474,1,4.18
M00564,MEM00474,1,3.83
M00564,MEM00007,1,4.56
M00564,MEM00007,1,4.45
M00564,MEM00007,1,4.41
M00564,MEM00007,1,4.25
M00564,MEM00007,1,4.18
M00564,MEM00007,1,5.0
M00564,MEM00007,1,4.91
M00565,MEM00768,1,4.63
M00565,MEM00768,1,4.27
M00565,MEM00768,1,4.8
M00565,MEM00768,1,4.51
M00565,MEM00768,1,4.22
M00565,MEM00768,1,4.02
M00565,MEM00768,1,4.15
M00565,MEM00373,1,2.3
M00565,MEM00373,1,4.33
M00565,MEM00373,1,3.91
M00565,MEM00373,1,5.0
M00565,MEM00373,1,4.21
M00565,MEM00373,1,3.49
M00565,MEM00373,1,4.17
M00565,EXT00210,0,3.57
M00565,EXT00210,0,4.48
M00565,EXT00210,0,4.37
M00565,EXT00210,0,4.77
M00565,EXT00210,0,3.73
M00565,EXT00210,0,4.22
M00565,EXT00210,0,3.38
M00565,EXT00275,0,4.62
M00565,EXT00275,0,4.51
M00565,EXT00275,0,4.5
M00565,EXT00275,0,4.2
M00565,EXT00275,0,4.45
M00565,EXT00275,0,5.0
M00565,EXT00275,0,4.03
M00566,MEM00617,1,4.28
M00566,MEM00617,1,3.55
M00566,MEM00617,1,3.68
M00566,MEM00617,1,4.26
M00566,MEM00617,1,4.86
M00566,MEM00617,1,4.05
M00566,MEM00617,1,4.06
M00566,MEM00239,1,3.96
M00566,MEM00239,1,3.88
M00566,MEM00239,1,4.38
M00566,MEM00239,1,3.3
M00566,MEM00239,1,4.97
M00566,MEM00239,1,3.8
M00566,MEM00239,1,4.63
M00567,MEM00616,1,3.44
M00567,MEM00616,1,4.6
M00567,MEM00616,1,4.6
M00567,MEM00616,1,4.43
M00567,MEM00616,1,3.6
M00567,MEM00616,1,4.35
M00567,MEM00616,1,3.49
M00567,EXT00211,0,4.05
M00567,EXT00211,0,4.82
M00567,EXT00211,0,4.68
M00567,EXT00211,0,4.21
M00567,EXT00211,0,3.62
M00567,EXT00211,0,4.59
M00567,EXT00211,0,4.21
M00568,MEM00119,1,0.0
M00568,MEM00119,1,0.0
M00568,MEM00119,1,0.0
M00568,MEM00119,1,0.0
M00568,MEM00119,1,0.0
M00568,MEM00119,1,0.0
M00568,MEM00119,1,0.0
M00568,MEM00775,1,0.0
M00568,MEM00775,1,0.0
M00568,MEM00775,1,0.0
M00568,MEM00775,1,0.0
M00568,MEM00775,1,0.0
M00568,MEM00775,1,0.0
M00568,MEM00775,1,0.0
M00568,EXT00010,0,0.0
M00568,EXT00010,0,0.0
M00568,EXT00010,0,0.0
M00568,EXT00010,0,0.0
M00568,EXT00010,0,0.0
M00568,EXT00010,0,0.0
M00568,EXT00010,0,0.0
M00569,MEM00114,1,0.0
M00569,MEM00114,1,0.0
M00569,MEM00114,1,0.0
M00569,MEM00114,1,0.0
M00569,MEM00114,1,0.0
M00569,MEM00114,1,0.0
M00569,MEM00114,1,0.0
M00569,MEM00615,1,0.0
M00569,MEM00615,1,0.0
M00569,MEM00615,1,0.0
M00569,MEM00615,1,0.0
M00569,MEM00615,1,0.0
M00569,MEM00615,1,0.0
M00569,MEM00615,1,0.0
M00569,MEM00642,1,0.0
M00569,MEM00642,1,0.0
M00569,MEM00642,1,0.0
M00569,MEM00642,1,0.0
M00569,MEM00642,1,0.0
M00569,MEM00642,1,0.0
M00569,MEM00642,1,0.0
M00569,EXT00099,0,0.0
M00569,EXT00099,0,0.0
M00569,EXT00099,0,0.0
M00569,EXT00099,0,0.0
M00569,EXT00099,0,0.0
M00569,EXT00099,0,0.0
M00569,EXT00099,0,0.0
M00570,MEM00016,1,0.0
M00570,MEM00016,1,0.0
M00570,MEM00016,1,0.0
M00570,MEM00016,1,0.0
M00570,MEM00016,1,0.0
M00570,MEM00016,1,0.0
M00570,MEM00016,1,0.0
M00571,EXT00110,0,0.0
M00571,EXT00110,0,0.0
M00571,EXT00110,0,0.0
M00571,EXT00110,0,0.0
M00571,EXT00110,0,0.0
M00571,EXT00110,0,0.0
M00571,EXT00110,0,0.0
M00572,MEM00285,1,2.81
M00572,MEM00285,1,4.67
M00572,MEM00285,1,4.19
M00572,MEM00285,1,4.92
M00572,MEM00285,1,3.54
M00572,MEM00285,1,2.29
M00572,MEM00285,1,4.37
M00572,MEM00268,1,4.37
M00572,MEM00268,1,3.19
M00572,MEM00268,1,3.61
M00572,MEM00268,1,5.0
M00572,MEM00268,1,4.02
M00572,MEM00268,1,4.64
M00572,MEM00268,1,3.81
M00572,MEM00616,1,2.95
M00572,MEM00616,1,4.1
M00572,MEM00616,1,4.04
M00572,MEM00616,1,3.96
M00572,MEM00616,1,4.13
M00572,MEM00616,1,4.36
M00572,MEM00616,1,4.11
M00572,MEM00409,1,3.44
M00572,MEM00409,1,4.49
M00572,MEM00409,1,3.03
M00572,MEM00409,1,2.97
M00572,MEM00409,1,4.64
M00572,MEM00409,1,4.5
M00572,MEM00409,1,4.17
M00574,EXT00001,0,0.0
M00574,EXT00001,0,0.0
M00574,EXT00001,0,0.0
M00574,EXT00001,0,0.0
M00574,EXT00001,0,0.0
M00574,EXT00001,0,0.0
M00574,EXT00001,0,0.0
M00575,EXT00110,0,0.0
M00575,EXT00110,0,0.0
M00575,EXT00110,0,0.0
M00575,EXT00110,0,0.0
M00575,EXT00110,0,0.0
M00575,EXT00110,0,0.0
M00575,EXT00110,0,0.0
M00576,MEM00774,1,3.36
M00576,MEM00774,1,3.78
M00576,MEM00774,1,4.04
M00576,MEM00774,1,3.24
M00576,MEM00774,1,3.76
M00576,MEM00774,1,4.59
M00576,MEM00774,1,5.0
M00576,MEM00502,1,3.95
M00576,MEM00502,1,4.65
M00576,MEM00502,1,3.05
M00576,MEM00502,1,4.6
M00576,MEM00502,1,3.72
M00576,MEM00502,1,4.38
M00576,MEM00502,1,4.05
M00577,MEM00671,1,0.0
M00577,MEM00671,1,0.0
M00577,MEM00671,1,0.0
M00577,MEM00671,1,0.0
M00577,MEM00671,1,0.0
M00577,MEM00671,1,0.0
M00577,MEM00671,1,0.0
M00577,MEM00023,1,0.0
M00577,MEM00023,1,0.0
M00577,MEM00023,1,0.0
M00577,MEM00023,1,0.0
M00577,MEM00023,1,0.0
M00577,MEM00023,1,0.0
M00577,MEM00023,1,0.0
M00577,EXT00358,0,0.0
M00577,EXT00358,0,0.0
M00577,EXT00358,0,0.0
M00577,EXT00358,0,0.0
M00577,EXT00358,0,0.0
M00577,EXT00358,0,0.0
M00577,EXT00358,0,0.0
M00578,MEM00312,1,4.99
M00578,MEM00312,1,3.68
M00578,MEM00312,1,4.58
M00578,MEM00312,1,4.03
M00578,MEM00312,1,4.11
M00578,MEM00312,1,4.09
M00578,MEM00312,1,3.69
M00578,MEM00365,1,4.19
M00578,MEM00365,1,4.16
M00578,MEM00365,1,4.34
M00578,MEM00365,1,4.25
M00578,MEM00365,1,4.68
M00578,MEM00365,1,4.75
M00578,MEM00365,1,3.57
M00578,MEM00623,1,4.72
M00578,MEM00623,1,3.49
M00578,MEM00623,1,4.55
M00578,MEM00623,1,4.57
M00578,MEM00623,1,3.05
M00578,MEM00623,1,4.26
M00578,MEM00623,1,3.92
M00578,MEM00235,1,3.74
M00578,MEM00235,1,5.0
M00578,MEM00235,1,3.81
M00578,MEM00235,1,3.72
M00578,MEM00235,1,4.25
M00578,MEM00235,1,4.61
M00578,MEM00235,1,4.12
M00579,MEM00379,1,4.9
M00579,MEM00379,1,4.52
M00579,MEM00379,1,2.89
M00579,MEM00379,1,3.88
M00579,MEM00379,1,3.86
M00579,MEM00379,1,4.49
M00579,MEM00379,1,2.63
M00579,MEM00210,1,5.0
M00579,MEM00210,1,4.52
M00579,MEM00210,1,4.29
M00579,MEM00210,1,4.91
M00579,MEM00210,1,5.0
M00579,MEM00210,1,4.72
M00579,MEM00210,1,4.77
M00579,MEM00068,1,4.28
M00579,MEM00068,1,4.12
M00579,MEM00068,1,3.91
M00579,MEM00068,1,3.7
M00579,MEM00068,1,3.79
M00579,MEM00068,1,3.39
M00579,MEM00068,1,4.15
M00579,MEM00202,1,3.19
M00579,MEM00202,1,4.31
M00579,MEM00202,1,4.18
M00579,MEM00202,1,4.29
M00579,MEM00202,1,3.89
M00579,MEM00202,1,5.0
M00579,MEM00202,1,5.0
M00581,MEM00603,1,3.45
M00581,MEM00603,1,4.34
M00581,MEM00603,1,3.84
M00581,MEM00603,1,3.59
M00581,MEM00603,1,3.4
M00581,MEM00603,1,4.46
M00581,MEM00603,1,3.79
M00581,MEM00375,1,4.78
M00581,MEM00375,1,4.8
M00581,MEM00375,1,5.0
M00581,MEM00375,1,3.69
M00581,MEM00375,1,4.49
M00581,MEM00375,1,4.58
M00581,MEM00375,1,3.92
M00581,MEM00061,1,3.74
M00581,MEM00061,1,5.0
M00581,MEM00061,1,4.34
M00581,MEM00061,1,4.58
M00581,MEM00061,1,3.71
M00581,MEM00061,1,3.47
M00581,MEM00061,1,3.86
M00581,EXT00376,0,4.13
M00581,EXT00376,0,3.56
M00581,EXT00376,0,4.19
M00581,EXT00376,0,3.19
M00581,EXT00376,0,3.53
M00581,EXT00376,0,4.6
M00581,EXT00376,0,4.56
M00582,MEM00758,1,0.0
M00582,MEM00758,1,0.0
M00582,MEM00758,1,0.0
M00582,MEM00758,1,0.0
M00582,MEM00758,1,0.0
M00582,MEM00758,1,0.0
M00582,MEM00758,1,0.0
M00583,MEM00624,1,0.0
M00583,MEM00624,1,0.0
M00583,MEM00624,1,0.0
M00583,MEM00624,1,0.0
M00583,MEM00624,1,0.0
M00583,MEM00624,1,0.0
M00583,MEM00624,1,0.0
M00585,MEM00424,1,3.96
M00585,MEM00424,1,3.59
M00585,MEM00424,1,3.58
M00585,MEM00424,1,3.98
M00585,MEM00424,1,4.59
M00585,MEM00424,1,4.76
M00585,MEM00424,1,3.9
M00585,MEM00791,1,3.51
M00585,MEM00791,1,4.36
M00585,MEM00791,1,3.71
M00585,MEM00791,1,3.89
M00585,MEM00791,1,5.0
M00585,MEM00791,1,4.7
M00585,MEM00791,1,4.29
M00586,MEM00768,1,0.0
M00586,MEM00768,1,0.0
M00586,MEM00768,1,0.0
M00586,MEM00768,1,0.0
M00586,MEM00768,1,0.0
M00586,MEM00768,1,0.0
M00586,MEM00768,1,0.0
M00586,MEM00074,1,0.0
M00586,MEM00074,1,0.0
M00586,MEM00074,1,0.0
M00586,MEM00074,1,0.0
M00586,MEM00074,1,0.0
M00586,MEM00074,1,0.0
M00586,MEM00074,1,0.0
M00586,EXT00142,0,0.0
M00586,EXT00142,0,0.0
M00586,EXT00142,0,0.0
M00586,EXT00142,0,0.0
M00586,EXT00142,0,0.0
M00586,EXT00142,0,0.0
M00586,EXT00142,0,0.0
M00586,EXT00086,0,0.0
M00586,EXT00086,0,0.0
M00586,EXT00086,0,0.0
M00586,EXT00086,0,0.0
M00586,EXT00086,0,0.0
M00586,EXT00086,0,0.0
M00586,EXT00086,0,0.0
M00587,MEM00484,1,0.0
M00587,MEM00484,1,0.0
M00587,MEM00484,1,0.0
M00587,MEM00484,1,0.0
M00587,MEM00484,1,0.0
M00587,MEM00484,1,0.0
M00587,MEM00484,1,0.0
M00587,MEM00623,1,0.0
M00587,MEM00623,1,0.0
M00587,MEM00623,1,0.0
M00587,MEM00623,1,0.0
M00587,MEM00623,1,0.0
M00587,MEM00623,1,0.0
M00587,MEM00623,1,0.0
M00587,MEM00126,1,0.0
M00587,MEM00126,1,0.0
M00587,MEM00126,1,0.0
M00587,MEM00126,1,0.0
M00587,MEM00126,1,0.0
M00587,MEM00126,1,0.0
M00587,MEM00126,1,0.0
M00587,MEM00177,1,0.0
M00587,MEM00177,1,0.0
M00587,MEM00177,1,0.0
M00587,MEM00177,1,0.0
M00587,MEM00177,1,0.0
M00587,MEM00177,1,0.0
M00587,MEM00177,1,0.0
M00588,MEM00648,1,3.44
M00588,MEM00648,1,4.33
M00588,MEM00648,1,4.84
M00588,MEM00648,1,3.97
M00588,MEM00648,1,5.0
M00588,MEM00648,1,4.98
M00588,MEM00648,1,5.0
M00588,MEM00458,1,4.38
M00588,MEM00458,1,4.55
M00588,MEM00458,1,5.0
M00588,MEM00458,1,4.47
M00588,MEM00458,1,3.9
M00588,MEM00458,1,3.93
M00588,MEM00458,1,4.34
M00588,MEM00495,1,3.43
M00588,MEM00495,1,4.11
M00588,MEM00495,1,4.86
M00588,MEM00495,1,2.89
M00588,MEM00495,1,5.0
M00588,MEM00495,1,4.87
M00588,MEM00495,1,3.92
M00588,MEM00136,1,4.53
M00588,MEM00136,1,4.2
M00588,MEM00136,1,4.94
M00588,MEM00136,1,4.79
M00588,MEM00136,1,3.36
M00588,MEM00136,1,4.55
M00588,MEM00136,1,4.08
M00589,MEM00210,1,4.25
M00589,MEM00210,1,3.76
M00589,MEM00210,1,5.0
M00589,MEM00210,1,4.82
M00589,MEM00210,1,3.76
M00589,MEM00210,1,3.4
M00589,MEM00210,1,3.97
M00589,MEM00303,1,4.46
M00589,MEM00303,1,4.34
M00589,MEM00303,1,4.95
M00589,MEM00303,1,4.67
M00589,MEM00303,1,4.78
M00589,MEM00303,1,4.4
M00589,MEM00303,1,3.37
M00589,MEM00540,1,4.08
M00589,MEM00540,1,4.84
M00589,MEM00540,1,4.17
M00589,MEM00540,1,4.5
M00589,MEM00540,1,4.01
M00589,MEM00540,1,3.58
M00589,MEM00540,1,4.13
M00589,EXT00131,0,4.39
M00589,EXT00131,0,3.81
M00589,EXT00131,0,4.06
M00589,EXT00131,0,3.64
M00589,EXT00131,0,4.87
M00589,EXT00131,0,4.02
M00589,EXT00131,0,5.0
M00590,MEM00739,1,0.0
M00590,MEM00739,1,0.0
M00590,MEM00739,1,0.0
M00590,MEM00739,1,0.0
M00590,MEM00739,1,0.0
M00590,MEM00739,1,0.0
M00590,MEM00739,1,0.0
M00590,EXT00110,0,0.0
M00590,EXT00110,0,0.0
M00590,EXT00110,0,0.0
M00590,EXT00110,0,0.0
M00590,EXT00110,0,0.0
M00590,EXT00110,0,0.0
M00590,EXT00110,0,0.0
M00591,MEM00375,1,5.0
M00591,MEM00375,1,4.15
M00591,MEM00375,1,3.59
M00591,MEM00375,1,2.95
M00591,MEM00375,1,3.32
M00591,MEM00375,1,3.38
M00591,MEM00375,1,5.0
M00591,EXT00358,0,4.27
M00591,EXT00358,0,4.43
M00591,EXT00358,0,2.87
M00591,EXT00358,0,3.48
M00591,EXT00358,0,4.73
M00591,EXT00358,0,4.37
M00591,EXT00358,0,4.11
M00592,MEM00571,1,4.54
M00592,MEM00571,1,5.0
M00592,MEM00571,1,4.07
M00592,MEM00571,1,4.24
M00592,MEM00571,1,4.32
M00592,MEM00571,1,5.0
M00592,MEM00571,1,2.94
M00592,EXT00025,0,4.61
M00592,EXT00025,0,4.13
M00592,EXT00025,0,4.54
M00592,EXT00025,0,3.81
M00592,EXT00025,0,4.17
M00592,EXT00025,0,4.63
M00592,EXT00025,0,5.0
M00593,MEM00357,1,4.68
M00593,MEM00357,1,3.69
M00593,MEM00357,1,3.95
M00593,MEM00357,1,3.93
M00593,MEM00357,1,3.12
M00593,MEM00357,1,4.0
M00593,MEM00357,1,4.64
M00593,MEM00492,1,3.44
M00593,MEM00492,1,4.83
M00593,MEM00492,1,4.49
M00593,MEM00492,1,3.76
M00593,MEM00492,1,4.12
M00593,MEM00492,1,5.0
M00593,MEM00492,1,4.64
M00593,MEM00006,1,4.21
M00593,MEM00006,1,4.06
M00593,MEM00006,1,4.25
M00593,MEM00006,1,3.89
M00593,MEM00006,1,2.94
M00593,MEM00006,1,5.0
M00593,MEM00006,1,4.29
M00593,MEM00136,1,4.44
M00593,MEM00136,1,4.17
M00593,MEM00136,1,3.76
M00593,MEM00136,1,4.09
M00593,MEM00136,1,3.24
M00593,MEM00136,1,5.0
M00593,MEM00136,1,3.46
M00594,MEM00125,1,0.0
M00594,MEM00125,1,0.0
M00594,MEM00125,1,0.0
M00594,MEM00125,1,0.0
M00594,MEM00125,1,0.0
M00594,MEM00125,1,0.0
M00594,MEM00125,1,0.0
M00595,MEM00765,1,0.0
M00595,MEM00765,1,0.0
M00595,MEM00765,1,0.0
M00595,MEM00765,1,0.0
M00595,MEM00765,1,0.0
M00595,MEM00765,1,0.0
M00595,MEM00765,1,0.0
M00596,MEM00210,1,3.58
M00596,MEM00210,1,3.94
M00596,MEM00210,1,4.97
M00596,MEM00210,1,4.21
M00596,MEM00210,1,3.46
M00596,MEM00210,1,4.95
M00596,MEM00210,1,4.64
M00596,MEM00418,1,4.52
M00596,MEM00418,1,4.63
M00596,MEM00418,1,5.0
M00596,MEM00418,1,5.0
M00596,MEM00418,1,3.79
M00596,MEM00418,1,5.0
M00596,MEM00418,1,4.43
M00597,MEM00544,1,4.5
M00597,MEM00544,1,3.18
M00597,MEM00544,1,4.1
M00597,MEM00544,1,3.71
M00597,MEM00544,1,4.7
M00597,MEM00544,1,4.84
M00597,MEM00544,1,2.96
M00597,MEM00074,1,4.19
M00597,MEM00074,1,4.87
M00597,MEM00074,1,4.09
M00597,MEM00074,1,4.64
M00597,MEM00074,1,4.41
M00597,MEM00074,1,4.4
M00597,MEM00074,1,4.04
M00597,MEM00394,1,3.47
M00597,MEM00394,1,3.53
M00597,MEM00394,1,4.63
M00597,MEM00394,1,4.21
M00597,MEM00394,1,4.12
M00597,MEM00394,1,3.95
M00597,MEM00394,1,4.02
M00597,EXT00103,0,4.83
M00597,EXT00103,0,4.0
M00597,EXT00103,0,3.4
M00597,EXT00103,0,4.65
M00597,EXT00103,0,4.08
M00597,EXT00103,0,4.22
M00597,EXT00103,0,5.0
M00599,MEM00642,1,0.0
M00599,MEM00642,1,0.0
M00599,MEM00642,1,0.0
M00599,MEM00642,1,0.0
M00599,MEM00642,1,0.0
M00599,MEM00642,1,0.0
M00599,MEM00642,1,0.0
M00600,MEM00367,1,0.0
M00600,MEM00367,1,0.0
M00600,MEM00367,1,0.0
M00600,MEM00367,1,0.0
M00600,MEM00367,1,0.0
M00600,MEM00367,1,0.0
M00600,MEM00367,1,0.0
M00601,MEM00425,1,0.0
M00601,MEM00425,1,0.0
M00601,MEM00425,1,0.0
M00601,MEM00425,1,0.0
M00601,MEM00425,1,0.0
M00601,MEM00425,1,0.0
M00601,MEM00425,1,0.0
M00602,MEM00048,1,0.0
M00602,MEM00048,1,0.0
M00602,MEM00048,1,0.0
M00602,MEM00048,1,0.0
M00602,MEM00048,1,0.0
M00602,MEM00048,1,0.0
M00602,MEM00048,1,0.0
M00602,MEM00338,1,0.0
M00602,MEM00338,1,0.0
M00602,MEM00338,1,0.0
M00602,MEM00338,1,0.0
M00602,MEM00338,1,0.0
M00602,MEM00338,1,0.0
M00602,MEM00338,1,0.0
M00602,EXT00068,0,0.0
M00602,EXT00068,0,0.0
M00602,EXT00068,0,0.0
M00602,EXT00068,0,0.0
M00602,EXT00068,0,0.0
M00602,EXT00068,0,0.0
M00602,EXT00068,0,0.0
M00603,MEM00353,1,4.19
M00603,MEM00353,1,4.37
M00603,MEM00353,1,3.49
M00603,MEM00353,1,4.07
M00603,MEM00353,1,4.57
M00603,MEM00353,1,3.27
M00603,MEM00353,1,4.32
M00603,MEM00180,1,4.26
M00603,MEM00180,1,4.22
M00603,MEM00180,1,4.82
M00603,MEM00180,1,4.4
M00603,MEM00180,1,5.0
M00603,MEM00180,1,3.6
M00603,MEM00180,1,4.28
M00603,MEM00055,1,4.25
M00603,MEM00055,1,3.56
M00603,MEM00055,1,4.77
M00603,MEM00055,1,5.0
M00603,MEM00055,1,4.19
M00603,MEM00055,1,4.5
M00603,MEM00055,1,4.25
M00603,MEM00670,1,3.77
M00603,MEM00670,1,3.11
M00603,MEM00670,1,3.78
M00603,MEM00670,1,3.36
M00603,MEM00670,1,5.0
M00603,MEM00670,1,4.13
M00603,MEM00670,1,3.99
M00604,MEM00783,1,4.73
M00604,MEM00783,1,3.53
M00604,MEM00783,1,3.74
M00604,MEM00783,1,4.24
M00604,MEM00783,1,4.82
M00604,MEM00783,1,4.5
M00604,MEM00783,1,4.35
M00604,MEM00679,1,4.25
M00604,MEM00679,1,4.44
M00604,MEM00679,1,4.32
M00604,MEM00679,1,3.58
M00604,MEM00679,1,4.23
M00604,MEM00679,1,3.56
M00604,MEM00679,1,4.25
M00604,MEM00629,1,3.91
M00604,MEM00629,1,5.0
M00604,MEM00629,1,4.18
M00604,MEM00629,1,3.36
M00604,MEM00629,1,4.12
M00604,MEM00629,1,4.51
M00604,MEM00629,1,5.0
M00604,EXT00091,0,3.85
M00604,EXT00091,0,3.25
M00604,EXT00091,0,4.69
M00604,EXT00091,0,3.37
M00604,EXT00091,0,3.94
M00604,EXT00091,0,4.05
M00604,EXT00091,0,4.16
M00605,MEM00768,1,4.61
M00605,MEM00768,1,3.79
M00605,MEM00768,1,4.04
M00605,MEM00768,1,4.19
M00605,MEM00768,1,4.29
M00605,MEM00768,1,4.26
M00605,MEM00768,1,4.46
M00605,MEM00178,1,4.71
M00605,MEM00178,1,4.44
M00605,MEM00178,1,4.47
M00605,MEM00178,1,3.25
M00605,MEM00178,1,4.23
M00605,MEM00178,1,4.49
M00605,MEM00178,1,4.64
M00605,EXT00399,0,3.78
M00605,EXT00399,0,3.8
M00605,EXT00399,0,3.86
M00605,EXT00399,0,4.52
M00605,EXT00399,0,4.82
M00605,EXT00399,0,3.96
M00605,EXT00399,0,4.74
M00605,EXT00372,0,4.27
M00605,EXT00372,0,4.13
M00605,EXT00372,0,4.07
M00605,EXT00372,0,4.65
M00605,EXT00372,0,4.4
M00605,EXT00372,0,5.0
M00605,EXT00372,0,3.69
M00606,MEM00783,1,4.51
M00606,MEM00783,1,3.88
M00606,MEM00783,1,3.68
M00606,MEM00783,1,4.19
M00606,MEM00783,1,4.28
M00606,MEM00783,1,5.0
M00606,MEM00783,1,4.09
M00606,MEM00446,1,3.52
M00606,MEM00446,1,4.36
M00606,MEM00446,1,2.96
M00606,MEM00446,1,4.14
M00606,MEM00446,1,4.21
M00606,MEM00446,1,4.68
M00606,MEM00446,1,4.78
M00606,MEM00572,1,3.9
M00606,MEM00572,1,4.11
M00606,MEM00572,1,3.74
M00606,MEM00572,1,3.52
M00606,MEM00572,1,4.39
M00606,MEM00572,1,3.44
M00606,MEM00572,1,3.95
M00606,EXT00095,0,3.6
M00606,EXT00095,0,4.53
M00606,EXT00095,0,5.0
M00606,EXT00095,0,3.42
M00606,EXT00095,0,3.09
M00606,EXT00095,0,4.13
M00606,EXT00095,0,4.21
M00607,MEM00474,1,4.33
M00607,MEM00474,1,3.93
M00607,MEM00474,1,4.08
M00607,MEM00474,1,4.42
M00607,MEM00474,1,4.82
M00607,MEM00474,1,3.03
M00607,MEM00474,1,3.98
M00607,MEM00073,1,4.33
M00607,MEM00073,1,3.65
M00607,MEM00073,1,5.0
M00607,MEM00073,1,3.82
M00607,MEM00073,1,4.18
M00607,MEM00073,1,4.53
M00607,MEM00073,1,3.85
M00607,MEM00344,1,3.09
M00607,MEM00344,1,3.94
M00607,MEM00344,1,4.82
M00607,MEM00344,1,4.0
M00607,MEM00344,1,3.69
M00607,MEM00344,1,4.76
M00607,MEM00344,1,4.0
M00607,EXT00247,0,3.89
M00607,EXT00247,0,4.29
M00607,EXT00247,0,4.66
M00607,EXT00247,0,5.0
M00607,EXT00247,0,4.7
M00607,EXT00247,0,4.9
M00607,EXT00247,0,3.9
M00608,MEM00170,1,3.58
M00608,MEM00170,1,4.24
M00608,MEM00170,1,4.26
M00608,MEM00170,1,3.55
M00608,MEM00170,1,4.09
M00608,MEM00170,1,4.44
M00608,MEM00170,1,4.42
M00608,MEM00783,1,4.5
M00608,MEM00783,1,4.37
M00608,MEM00783,1,3.9
M00608,MEM00783,1,3.89
M00608,MEM00783,1,3.48
M00608,MEM00783,1,5.0
M00608,MEM00783,1,4.21
M00608,EXT00317,0,4.07
M00608,EXT00317,0,3.64
M00608,EXT00317,0,5.0
M00608,EXT00317,0,3.56
M00608,EXT00317,0,3.94
M00608,EXT00317,0,4.45
M00608,EXT00317,0,4.56
M00608,EXT00362,0,4.77
M00608,EXT00362,0,5.0
M00608,EXT00362,0,4.5
M00608,EXT00362,0,3.57
M00608,EXT00362,0,4.05
M00608,EXT00362,0,4.38
M00608,EXT00362,0,5.0
M00609,MEM00760,1,0.0
M00609,MEM00760,1,0.0
M00609,MEM00760,1,0.0
M00609,MEM00760,1,0.0
M00609,MEM00760,1,0.0
M00609,MEM00760,1,0.0
M00609,MEM00760,1,0.0
M00610,MEM00768,1,0.0
M00610,MEM00768,1,0.0
M00610,MEM00768,1,0.0
M00610,MEM00768,1,0.0
M00610,MEM00768,1,0.0
M00610,MEM00768,1,0.0
M00610,MEM00768,1,0.0
M00611,MEM00414,1,0.0
M00611,MEM00414,1,0.0
M00611,MEM00414,1,0.0
M00611,MEM00414,1,0.0
M00611,MEM00414,1,0.0
M00611,MEM00414,1,0.0
M00611,MEM00414,1,0.0
M00611,EXT00388,0,0.0
M00611,EXT00388,0,0.0
M00611,EXT00388,0,0.0
M00611,EXT00388,0,0.0
M00611,EXT00388,0,0.0
M00611,EXT00388,0,0.0
M00611,EXT00388,0,0.0
M00612,MEM00609,1,3.36
M00612,MEM00609,1,4.92
M00612,MEM00609,1,4.31
M00612,MEM00609,1,4.7
M00612,MEM00609,1,4.14
M00612,MEM00609,1,3.69
M00612,MEM00609,1,4.65
M00612,EXT00066,0,4.59
M00612,EXT00066,0,4.78
M00612,EXT00066,0,4.19
M00612,EXT00066,0,3.84
M00612,EXT00066,0,3.26
M00612,EXT00066,0,4.69
M00612,EXT00066,0,4.45
M00613,MEM00377,1,0.0
M00613,MEM00377,1,0.0
M00613,MEM00377,1,0.0
M00613,MEM00377,1,0.0
M00613,MEM00377,1,0.0
M00613,MEM00377,1,0.0
M00613,MEM00377,1,0.0
M00615,MEM00580,1,0.0
M00615,MEM00580,1,0.0
M00615,MEM00580,1,0.0
M00615,MEM00580,1,0.0
M00615,MEM00580,1,0.0
M00615,MEM00580,1,0.0
M00615,MEM00580,1,0.0
M00616,EXT00093,0,3.62
M00616,EXT00093,0,3.88
M00616,EXT00093,0,3.92
M00616,EXT00093,0,3.31
M00616,EXT00093,0,3.71
M00616,EXT00093,0,3.52
M00616,EXT00093,0,3.95
M00616,EXT00254,0,3.76
M00616,EXT00254,0,3.22
M00616,EXT00254,0,5.0
M00616,EXT00254,0,4.95
M00616,EXT00254,0,3.73
M00616,EXT00254,0,4.36
M00616,EXT00254,0,4.45
M00617,MEM00529,1,0.0
M00617,MEM00529,1,0.0
M00617,MEM00529,1,0.0
M00617,MEM00529,1,0.0
M00617,MEM00529,1,0.0
M00617,MEM00529,1,0.0
M00617,MEM00529,1,0.0
M00618,MEM00151,1,4.91
M00618,MEM00151,1,3.71
M00618,MEM00151,1,4.86
M00618,MEM00151,1,3.87
M00618,MEM00151,1,3.4
M00618,MEM00151,1,4.63
M00618,MEM00151,1,4.97
M00618,EXT00224,0,5.0
M00618,EXT00224,0,3.48
M00618,EXT00224,0,4.62
M00618,EXT00224,0,3.95
M00618,EXT00224,0,4.67
M00618,EXT00224,0,3.32
M00618,EXT00224,0,3.44
M00619,MEM00007,1,3.73
M00619,MEM00007,1,4.25
M00619,MEM00007,1,3.82
M00619,MEM00007,1,4.6
M00619,MEM00007,1,4.82
M00619,MEM00007,1,4.56
M00619,MEM00007,1,5.0
M00619,MEM00615,1,4.45
M00619,MEM00615,1,3.47
M00619,MEM00615,1,5.0
M00619,MEM00615,1,3.84
M00619,MEM00615,1,4.75
M00619,MEM00615,1,5.0
M00619,MEM00615,1,4.47
M00619,MEM00394,1,3.3
M00619,MEM00394,1,3.65
M00619,MEM00394,1,4.99
M00619,MEM00394,1,4.1
M00619,MEM00394,1,4.25
M00619,MEM00394,1,4.66
M00619,MEM00394,1,4.62
M00619,MEM00008,1,4.37
M00619,MEM00008,1,4.07
M00619,MEM00008,1,4.01
M00619,MEM00008,1,4.71
M00619,MEM00008,1,4.53
M00619,MEM00008,1,4.05
M00619,MEM00008,1,4.85
M00620,MEM00276,1,4.12
M00620,MEM00276,1,3.69
M00620,MEM00276,1,3.74
M00620,MEM00276,1,3.61
M00620,MEM00276,1,4.04
M00620,MEM00276,1,4.94
M00620,MEM00276,1,3.72
M00620,EXT00251,0,4.31
M00620,EXT00251,0,3.81
M00620,EXT00251,0,4.04
M00620,EXT00251,0,3.29
M00620,EXT00251,0,4.07
M00620,EXT00251,0,4.08
M00620,EXT00251,0,4.52
M00620,EXT00086,0,4.33
M00620,EXT00086,0,3.48
M00620,EXT00086,0,4.85
M00620,EXT00086,0,4.33
M00620,EXT00086,0,4.32
M00620,EXT00086,0,4.19
M00620,EXT00086,0,3.89
M00620,EXT00366,0,4.33
M00620,EXT00366,0,4.49
M00620,EXT00366,0,3.15
M00620,EXT00366,0,3.88
M00620,EXT00366,0,4.05
M00620,EXT00366,0,4.35
M00620,EXT00366,0,4.92
M00621,MEM00249,1,3.74
M00621,MEM00249,1,3.9
M00621,MEM00249,1,3.89
M00621,MEM00249,1,3.72
M00621,MEM00249,1,3.99
M00621,MEM00249,1,4.66
M00621,MEM00249,1,3.57
M00621,MEM00193,1,4.46
M00621,MEM00193,1,3.18
M00621,MEM00193,1,3.86
M00621,MEM00193,1,4.0
M00621,MEM00193,1,5.0
M00621,MEM00193,1,4.04
M00621,MEM00193,1,2.88
M00622,MEM00674,1,0.0
M00622,MEM00674,1,0.0
M00622,MEM00674,1,0.0
M00622,MEM00674,1,0.0
M00622,MEM00674,1,0.0
M00622,MEM00674,1,0.0
M00622,MEM00674,1,0.0
M00623,MEM00584,1,0.0
M00623,MEM00584,1,0.0
M00623,MEM00584,1,0.0
M00623,MEM00584,1,0.0
M00623,MEM00584,1,0.0
M00623,MEM00584,1,0.0
M00623,MEM00584,1,0.0
M00624,MEM00094,1,0.0
M00624,MEM00094,1,0.0
M00624,MEM00094,1,0.0
M00624,MEM00094,1,0.0
M00624,MEM00094,1,0.0
M00624,MEM00094,1,0.0
M00624,MEM00094,1,0.0
M00624,EXT00167,0,0.0
M00624,EXT00167,0,0.0
M00624,EXT00167,0,0.0
M00624,EXT00167,0,0.0
M00624,EXT00167,0,0.0
M00624,EXT00167,0,0.0
M00624,EXT00167,0,0.0
M00624,EXT00015,0,0.0
M00624,EXT00015,0,0.0
M00624,EXT00015,0,0.0
M00624,EXT00015,0,0.0
M00624,EXT00015,0,0.0
M00624,EXT00015,0,0.0
M00624,EXT00015,0,0.0
M00625,MEM00379,1,3.0
M00625,MEM00379,1,4.22
M00625,MEM00379,1,4.57
M00625,MEM00379,1,4.43
M00625,MEM00379,1,4.3
M00625,MEM00379,1,4.9
M00625,MEM00379,1,3.88
M00625,MEM00522,1,4.74
M00625,MEM00522,1,3.22
M00625,MEM00522,1,3.66
M00625,MEM00522,1,3.12
M00625,MEM00522,1,4.04
M00625,MEM00522,1,4.17
M00625,MEM00522,1,4.27
M00625,MEM00114,1,4.24
M00625,MEM00114,1,3.64
M00625,MEM00114,1,4.09
M00625,MEM00114,1,3.3
M00625,MEM00114,1,5.0
M00625,MEM00114,1,4.02
M00625,MEM00114,1,3.91
M00625,EXT00109,0,5.0
M00625,EXT00109,0,3.45
M00625,EXT00109,0,3.52
M00625,EXT00109,0,3.54
M00625,EXT00109,0,4.16
M00625,EXT00109,0,4.46
M00625,EXT00109,0,4.64
M00627,MEM00311,1,5.0
M00627,MEM00311,1,2.85
M00627,MEM00311,1,4.57
M00627,MEM00311,1,3.87
M00627,MEM00311,1,3.85
M00627,MEM00311,1,3.83
M00627,MEM00311,1,3.65
M00627,MEM00739,1,5.0
M00627,MEM00739,1,4.71
M00627,MEM00739,1,4.21
M00627,MEM00739,1,5.0
M00627,MEM00739,1,3.29
M00627,MEM00739,1,3.4
M00627,MEM00739,1,2.89
M00627,MEM00793,1,3.78
M00627,MEM00793,1,4.3
M00627,MEM00793,1,4.26
M00627,MEM00793,1,4.29
M00627,MEM00793,1,3.35
M00627,MEM00793,1,4.68
M00627,MEM00793,1,4.34
M00627,EXT00022,0,4.64
M00627,EXT00022,0,3.06
M00627,EXT00022,0,4.39
M00627,EXT00022,0,3.49
M00627,EXT00022,0,3.96
M00627,EXT00022,0,4.52
M00627,EXT00022,0,4.25
M00628,MEM00285,1,3.69
M00628,MEM00285,1,4.2
M00628,MEM00285,1,3.28
M00628,MEM00285,1,4.89
M00628,MEM00285,1,4.08
M00628,MEM00285,1,4.87
M00628,MEM00285,1,3.88
M00628,MEM00307,1,3.89
M00628,MEM00307,1,3.74
M00628,MEM00307,1,4.73
M00628,MEM00307,1,3.77
M00628,MEM00307,1,4.59
M00628,MEM00307,1,3.97
M00628,MEM00307,1,3.01
M00628,MEM00606,1,3.86
M00628,MEM00606,1,3.49
M00628,MEM00606,1,4.22
M00628,MEM00606,1,3.49
M00628,MEM00606,1,4.76
M00628,MEM00606,1,4.15
M00628,MEM00606,1,4.09
M00628,MEM00611,1,4.59
M00628,MEM00611,1,4.78
M00628,MEM00611,1,4.19
M00628,MEM00611,1,3.74
M00628,MEM00611,1,3.14
M00628,MEM00611,1,3.79
M00628,MEM00611,1,3.83
M00629,MEM00739,1,4.26
M00629,MEM00739,1,3.99
M00629,MEM00739,1,4.61
M00629,MEM00739,1,3.83
M00629,MEM00739,1,4.17
M00629,MEM00739,1,4.91
M00629,MEM00739,1,4.41
M00629,MEM00763,1,4.16
M00629,MEM00763,1,3.84
M00629,MEM00763,1,3.82
M00629,MEM00763,1,3.69
M00629,MEM00763,1,3.88
M00629,MEM00763,1,4.65
M00629,MEM00763,1,4.07
M00630,MEM00456,1,0.0
M00630,MEM00456,1,0.0
M00630,MEM00456,1,0.0
M00630,MEM00456,1,0.0
M00630,MEM00456,1,0.0
M00630,MEM00456,1,0.0
M00630,MEM00456,1,0.0
M00630,MEM00624,1,0.0
M00630,MEM00624,1,0.0
M00630,MEM00624,1,0.0
M00630,MEM00624,1,0.0
M00630,MEM00624,1,0.0
M00630,MEM00624,1,0.0
M00630,MEM00624,1,0.0
M00630,MEM00276,1,0.0
M00630,MEM00276,1,0.0
M00630,MEM00276,1,0.0
M00630,MEM00276,1,0.0
M00630,MEM00276,1,0.0
M00630,MEM00276,1,0.0
M00630,MEM00276,1,0.0
M00631,MEM00210,1,3.39
M00631,MEM00210,1,5.0
M00631,MEM00210,1,4.39
M00631,MEM00210,1,3.36
M00631,MEM00210,1,3.93
M00631,MEM00210,1,4.27
M00631,MEM00210,1,5.0
M00631,MEM00437,1,3.54
M00631,MEM00437,1,4.79
M00631,MEM00437,1,5.0
M00631,MEM00437,1,3.82
M00631,MEM00437,1,4.03
M00631,MEM00437,1,3.58
M00631,MEM00437,1,4.08
M00632,MEM00278,1,4.18
M00632,MEM00278,1,4.6
M00632,MEM00278,1,4.85
M00632,MEM00278,1,3.75
M00632,MEM00278,1,3.02
M00632,MEM00278,1,4.19
M00632,MEM00278,1,4.38
M00632,MEM00516,1,4.35
M00632,MEM00516,1,4.0
M00632,MEM00516,1,4.27
M00632,MEM00516,1,5.0
M00632,MEM00516,1,4.43
M00632,MEM00516,1,3.98
M00632,MEM00516,1,3.9
M00633,MEM00210,1,4.1
M00633,MEM00210,1,5.0
M00633,MEM00210,1,4.09
M00633,MEM00210,1,4.19
M00633,MEM00210,1,3.91
M00633,MEM00210,1,4.86
M00633,MEM00210,1,5.0
M00633,EXT00078,0,4.47
M00633,EXT00078,0,4.25
M00633,EXT00078,0,4.22
M00633,EXT00078,0,2.77
M00633,EXT00078,0,4.65
M00633,EXT00078,0,4.28
M00633,EXT00078,0,4.46
M00634,MEM00397,1,0.0
M00634,MEM00397,1,0.0
M00634,MEM00397,1,0.0
M00634,MEM00397,1,0.0
M00634,MEM00397,1,0.0
M00634,MEM00397,1,0.0
M00634,MEM00397,1,0.0
M00634,MEM00192,1,0.0
M00634,MEM00192,1,0.0
M00634,MEM00192,1,0.0
M00634,MEM00192,1,0.0
M00634,MEM00192,1,0.0
M00634,MEM00192,1,0.0
M00634,MEM00192,1,0.0
M00634,MEM00739,1,0.0
M00634,MEM00739,1,0.0
M00634,MEM00739,1,0.0
M00634,MEM00739,1,0.0
M00634,MEM00739,1,0.0
M00634,MEM00739,1,0.0
M00634,MEM00739,1,0.0
M00634,MEM00105,1,0.0
M00634,MEM00105,1,0.0
M00634,MEM00105,1,0.0
M00634,MEM00105,1,0.0
M00634,MEM00105,1,0.0
M00634,MEM00105,1,0.0
M00634,MEM00105,1,0.0
M00635,EXT00020,0,0.0
M00635,EXT00020,0,0.0
M00635,EXT00020,0,0.0
M00635,EXT00020,0,0.0
M00635,EXT00020,0,0.0
M00635,EXT00020,0,0.0
M00635,EXT00020,0,0.0
M00636,MEM00036,1,0.0
M00636,MEM00036,1,0.0
M00636,MEM00036,1,0.0
M00636,MEM00036,1,0.0
M00636,MEM00036,1,0.0
M00636,MEM00036,1,0.0
M00636,MEM00036,1,0.0
M00637,MEM00690,1,0.0
M00637,MEM00690,1,0.0
M00637,MEM00690,1,0.0
M00637,MEM00690,1,0.0
M00637,MEM00690,1,0.0
M00637,MEM00690,1,0.0
M00637,MEM00690,1,0.0
M00637,MEM00162,1,0.0
M00637,MEM00162,1,0.0
M00637,MEM00162,1,0.0
M00637,MEM00162,1,0.0
M00637,MEM00162,1,0.0
M00637,MEM00162,1,0.0
M00637,MEM00162,1,0.0
M00637,MEM00216,1,0.0
M00637,MEM00216,1,0.0
M00637,MEM00216,1,0.0
M00637,MEM00216,1,0.0
M00637,MEM00216,1,0.0
M00637,MEM00216,1,0.0
M00637,MEM00216,1,0.0
M00638,MEM00343,1,3.77
M00638,MEM00343,1,3.97
M00638,MEM00343,1,3.95
M00638,MEM00343,1,4.81
M00638,MEM00343,1,3.97
M00638,MEM00343,1,5.0
M00638,MEM00343,1,4.46
M00638,MEM00408,1,3.43
M00638,MEM00408,1,4.12
M00638,MEM00408,1,3.81
M00638,MEM00408,1,2.88
M00638,MEM00408,1,5.0
M00638,MEM00408,1,4.62
M00638,MEM00408,1,4.52
M00638,MEM00461,1,4.3
M00638,MEM00461,1,3.37
M00638,MEM00461,1,3.91
M00638,MEM00461,1,4.71
M00638,MEM00461,1,3.57
M00638,MEM00461,1,2.68
M00638,MEM00461,1,4.06
M00638,MEM00763,1,4.11
M00638,MEM00763,1,4.28
M00638,MEM00763,1,4.64
M00638,MEM00763,1,4.58
M00638,MEM00763,1,4.36
M00638,MEM00763,1,4.92
M00638,MEM00763,1,3.29
M00639,MEM00610,1,0.0
M00639,MEM00610,1,0.0
M00639,MEM00610,1,0.0
M00639,MEM00610,1,0.0
M00639,MEM00610,1,0.0
M00639,MEM00610,1,0.0
M00639,MEM00610,1,0.0
M00639,MEM00216,1,0.0
M00639,MEM00216,1,0.0
M00639,MEM00216,1,0.0
M00639,MEM00216,1,0.0
M00639,MEM00216,1,0.0
M00639,MEM00216,1,0.0
M00639,MEM00216,1,0.0
M00640,MEM00273,1,4.5
M00640,MEM00273,1,4.58
M00640,MEM00273,1,3.46
M00640,MEM00273,1,3.3
M00640,MEM00273,1,3.75
M00640,MEM00273,1,3.8
M00640,MEM00273,1,4.65
M00640,EXT00358,0,3.83
M00640,EXT00358,0,3.69
M00640,EXT00358,0,3.83
M00640,EXT00358,0,4.87
M00640,EXT00358,0,4.21
M00640,EXT00358,0,4.09
M00640,EXT00358,0,4.13
M00640,EXT00370,0,4.98
M00640,EXT00370,0,3.75
M00640,EXT00370,0,4.99
M00640,EXT00370,0,4.33
M00640,EXT00370,0,4.1
M00640,EXT00370,0,5.0
M00640,EXT00370,0,3.57
M00640,EXT00164,0,3.99
M00640,EXT00164,0,3.46
M00640,EXT00164,0,4.77
M00640,EXT00164,0,5.0
M00640,EXT00164,0,5.0
M00640,EXT00164,0,4.93
M00640,EXT00164,0,4.08
M00642,MEM00623,1,0.0
M00642,MEM00623,1,0.0
M00642,MEM00623,1,0.0
M00642,MEM00623,1,0.0
M00642,MEM00623,1,0.0
M00642,MEM00623,1,0.0
M00642,MEM00623,1,0.0
M00643,MEM00377,1,0.0
M00643,MEM00377,1,0.0
M00643,MEM00377,1,0.0
M00643,MEM00377,1,0.0
M00643,MEM00377,1,0.0
M00643,MEM00377,1,0.0
M00643,MEM00377,1,0.0
M00643,MEM00392,1,0.0
M00643,MEM00392,1,0.0
M00643,MEM00392,1,0.0
M00643,MEM00392,1,0.0
M00643,MEM00392,1,0.0
M00643,MEM00392,1,0.0
M00643,MEM00392,1,0.0
M00644,MEM00168,1,3.98
M00644,MEM00168,1,3.2
M00644,MEM00168,1,5.0
M00644,MEM00168,1,4.48
M00644,MEM00168,1,3.9
M00644,MEM00168,1,5.0
M00644,MEM00168,1,3.62
M00644,MEM00180,1,4.44
M00644,MEM00180,1,4.1
M00644,MEM00180,1,4.58
M00644,MEM00180,1,4.16
M00644,MEM00180,1,3.33
M00644,MEM00180,1,4.25
M00644,MEM00180,1,4.83
M00644,MEM00469,1,4.18
M00644,MEM00469,1,4.67
M00644,MEM00469,1,3.57
M00644,MEM00469,1,4.18
M00644,MEM00469,1,3.83
M00644,MEM00469,1,4.65
M00644,MEM00469,1,4.22
M00644,MEM00253,1,4.61
M00644,MEM00253,1,4.85
M00644,MEM00253,1,4.61
M00644,MEM00253,1,4.36
M00644,MEM00253,1,3.6
M00644,MEM00253,1,4.2
M00644,MEM00253,1,3.88
M00646,MEM00180,1,3.99
M00646,MEM00180,1,3.98
M00646,MEM00180,1,3.61
M00646,MEM00180,1,3.03
M00646,MEM00180,1,3.8
M00646,MEM00180,1,4.32
M00646,MEM00180,1,3.39
M00646,MEM00679,1,4.21
M00646,MEM00679,1,5.0
M00646,MEM00679,1,4.81
M00646,MEM00679,1,5.0
M00646,MEM00679,1,4.43
M00646,MEM00679,1,4.9
M00646,MEM00679,1,3.77
M00646,MEM00072,1,3.81
M00646,MEM00072,1,2.56
M00646,MEM00072,1,4.91
M00646,MEM00072,1,5.0
M00646,MEM00072,1,3.87
M00646,MEM00072,1,4.05
M00646,MEM00072,1,3.75
M00646,MEM00071,1,4.43
M00646,MEM00071,1,4.87
M00646,MEM00071,1,3.15
M00646,MEM00071,1,4.45
M00646,MEM00071,1,4.03
M00646,MEM00071,1,4.27
M00646,MEM00071,1,4.48
M00647,MEM00756,1,4.09
M00647,MEM00756,1,4.14
M00647,MEM00756,1,4.07
M00647,MEM00756,1,4.78
M00647,MEM00756,1,4.45
M00647,MEM00756,1,4.33
M00647,MEM00756,1,3.44
M00647,MEM00398,1,3.97
M00647,MEM00398,1,4.74
M00647,MEM00398,1,4.22
M00647,MEM00398,1,4.6
M00647,MEM00398,1,5.0
M00647,MEM00398,1,4.82
M00647,MEM00398,1,4.26
M00648,MEM00662,1,3.89
M00648,MEM00662,1,2.67
M00648,MEM00662,1,4.1
M00648,MEM00662,1,4.0
M00648,MEM00662,1,4.43
M00648,MEM00662,1,4.11
M00648,MEM00662,1,4.01
M00648,MEM00648,1,3.13
M00648,MEM00648,1,3.64
M00648,MEM00648,1,4.49
M00648,MEM00648,1,5.0
M00648,MEM00648,1,4.14
M00648,MEM00648,1,4.4
M00648,MEM00648,1,4.77
M00648,MEM00319,1,3.71
M00648,MEM00319,1,4.42
M00648,MEM00319,1,3.76
M00648,MEM00319,1,4.72
M00648,MEM00319,1,4.29
M00648,MEM00319,1,4.38
M00648,MEM00319,1,3.73
M00648,MEM00253,1,4.62
M00648,MEM00253,1,5.0
M00648,MEM00253,1,3.6
M00648,MEM00253,1,4.0
M00648,MEM00253,1,4.34
M00648,MEM00253,1,4.67
M00648,MEM00253,1,3.86
M00649,MEM00561,1,0.0
M00649,MEM00561,1,0.0
M00649,MEM00561,1,0.0
M00649,MEM00561,1,0.0
M00649,MEM00561,1,0.0
M00649,MEM00561,1,0.0
M00649,MEM00561,1,0.0
M00649,EXT00312,0,0.0
M00649,EXT00312,0,0.0
M00649,EXT00312,0,0.0
M00649,EXT00312,0,0.0
M00649,EXT00312,0,0.0
M00649,EXT00312,0,0.0
M00649,EXT00312,0,0.0
M00650,MEM00513,1,0.0
M00650,MEM00513,1,0.0
M00650,MEM00513,1,0.0
M00650,MEM00513,1,0.0
M00650,MEM00513,1,0.0
M00650,MEM00513,1,0.0
M00650,MEM00513,1,0.0
M00650,MEM00139,1,0.0
M00650,MEM00139,1,0.0
M00650,MEM00139,1,0.0
M00650,MEM00139,1,0.0
M00650,MEM00139,1,0.0
M00650,MEM00139,1,0.0
M00650,MEM00139,1,0.0
M00650,EXT00353,0,0.0
M00650,EXT00353,0,0.0
M00650,EXT00353,0,0.0
M00650,EXT00353,0,0.0
M00650,EXT00353,0,0.0
M00650,EXT00353,0,0.0
M00650,EXT00353,0,0.0
M00651,MEM00422,1,2.5
M00651,MEM00422,1,5.0
M00651,MEM00422,1,4.66
M00651,MEM00422,1,3.15
M00651,MEM00422,1,3.84
M00651,MEM00422,1,5.0
M00651,MEM00422,1,5.0
M00651,MEM00216,1,4.76
M00651,MEM00216,1,4.09
M00651,MEM00216,1,4.25
M00651,MEM00216,1,4.12
M00651,MEM00216,1,4.88
M00651,MEM00216,1,3.67
M00651,MEM00216,1,3.72
M00652,MEM00040,1,0.0
M00652,MEM00040,1,0.0
M00652,MEM00040,1,0.0
M00652,MEM00040,1,0.0
M00652,MEM00040,1,0.0
M00652,MEM00040,1,0.0
M00652,MEM00040,1,0.0
M00652,MEM00329,1,0.0
M00652,MEM00329,1,0.0
M00652,MEM00329,1,0.0
M00652,MEM00329,1,0.0
M00652,MEM00329,1,0.0
M00652,MEM00329,1,0.0
M00652,MEM00329,1,0.0
M00654,MEM00615,1,4.81
M00654,MEM00615,1,4.17
M00654,MEM00615,1,5.0
M00654,MEM00615,1,3.8
M00654,MEM00615,1,4.17
M00654,MEM00615,1,3.65
M00654,MEM00615,1,4.2
M00654,MEM00121,1,3.31
M00654,MEM00121,1,3.91
M00654,MEM00121,1,3.34
M00654,MEM00121,1,4.62
M00654,MEM00121,1,4.63
M00654,MEM00121,1,3.16
M00654,MEM00121,1,5.0
M00655,MEM00001,1,0.0
M00655,MEM00001,1,0.0
M00655,MEM00001,1,0.0
M00655,MEM00001,1,0.0
M00655,MEM00001,1,0.0
M00655,MEM00001,1,0.0
M00655,MEM00001,1,0.0
M00656,MEM00324,1,5.0
M00656,MEM00324,1,4.23
M00656,MEM00324,1,3.82
M00656,MEM00324,1,5.0
M00656,MEM00324,1,3.41
M00656,MEM00324,1,4.21
M00656,MEM00324,1,4.31
M00656,MEM00414,1,5.0
M00656,MEM00414,1,4.42
M00656,MEM00414,1,3.9
M00656,MEM00414,1,3.63
M00656,MEM00414,1,3.99
M00656,MEM00414,1,3.6
M00656,MEM00414,1,4.23
M00656,MEM00059,1,3.86
M00656,MEM00059,1,3.3
M00656,MEM00059,1,4.95
M00656,MEM00059,1,3.9
M00656,MEM00059,1,3.44
M00656,MEM00059,1,4.1
M00656,MEM00059,1,4.24
M00656,EXT00386,0,3.15
M00656,EXT00386,0,4.4
M00656,EXT00386,0,3.57
M00656,EXT00386,0,5.0
M00656,EXT00386,0,4.51
M00656,EXT00386,0,3.96
M00656,EXT00386,0,3.75
M00657,MEM00199,1,4.14
M00657,MEM00199,1,4.57
M00657,MEM00199,1,4.18
M00657,MEM00199,1,4.07
M00657,MEM00199,1,4.24
M00657,MEM00199,1,3.84
M00657,MEM00199,1,3.99
M00657,EXT00113,0,2.95
M00657,EXT00113,0,4.78
M00657,EXT00113,0,4.38
M00657,EXT00113,0,3.74
M00657,EXT00113,0,5.0
M00657,EXT00113,0,4.25
M00657,EXT00113,0,3.58
M00658,MEM00235,1,0.0
M00658,MEM00235,1,0.0
M00658,MEM00235,1,0.0
M00658,MEM00235,1,0.0
M00658,MEM00235,1,0.0
M00658,MEM00235,1,0.0
M00658,MEM00235,1,0.0
M00659,MEM00203,1,0.0
M00659,MEM00203,1,0.0
M00659,MEM00203,1,0.0
M00659,MEM00203,1,0.0
M00659,MEM00203,1,0.0
M00659,MEM00203,1,0.0
M00659,MEM00203,1,0.0
M00660,MEM00002,1,4.71
M00660,MEM00002,1,4.44
M00660,MEM00002,1,4.44
M00660,MEM00002,1,3.94
M00660,MEM00002,1,4.47
M00660,MEM00002,1,4.04
M00660,MEM00002,1,4.53
M00660,MEM00584,1,3.06
M00660,MEM00584,1,3.94
M00660,MEM00584,1,5.0
M00660,MEM00584,1,3.74
M00660,MEM00584,1,3.84
M00660,MEM00584,1,3.93
M00660,MEM00584,1,3.47
M00661,MEM00196,1,2.88
M00661,MEM00196,1,4.06
M00661,MEM00196,1,4.28
M00661,MEM00196,1,4.17
M00661,MEM00196,1,4.11
M00661,MEM00196,1,4.23
M00661,MEM00196,1,4.81
M00661,MEM00523,1,4.09
M00661,MEM00523,1,3.86
M00661,MEM00523,1,4.03
M00661,MEM00523,1,4.55
M00661,MEM00523,1,5.0
M00661,MEM00523,1,3.82
M00661,MEM00523,1,4.26
M00661,MEM00770,1,4.4
M00661,MEM00770,1,3.6
M00661,MEM00770,1,4.21
M00661,MEM00770,1,3.32
M00661,MEM00770,1,3.14
M00661,MEM00770,1,4.42
M00661,MEM00770,1,3.97
M00661,EXT00303,0,4.32
M00661,EXT00303,0,4.19
M00661,EXT00303,0,3.61
M00661,EXT00303,0,4.17
M00661,EXT00303,0,3.46
M00661,EXT00303,0,5.0
M00661,EXT00303,0,3.39
M00662,MEM00674,1,4.08
M00662,MEM00674,1,3.57
M00662,MEM00674,1,4.54
M00662,MEM00674,1,4.0
M00662,MEM00674,1,3.89
M00662,MEM00674,1,4.71
M00662,MEM00674,1,4.22
M00662,EXT00166,0,4.51
M00662,EXT00166,0,3.61
M00662,EXT00166,0,3.36
M00662,EXT00166,0,4.26
M00662,EXT00166,0,4.01
M00662,EXT00166,0,4.58
M00662,EXT00166,0,4.15
M00663,MEM00235,1,0.0
M00663,MEM00235,1,0.0
M00663,MEM00235,1,0.0
M00663,MEM00235,1,0.0
M00663,MEM00235,1,0.0
M00663,MEM00235,1,0.0
M00663,MEM00235,1,0.0
M00663,EXT00288,0,0.0
M00663,EXT00288,0,0.0
M00663,EXT00288,0,0.0
M00663,EXT00288,0,0.0
M00663,EXT00288,0,0.0
M00663,EXT00288,0,0.0
M00663,EXT00288,0,0.0
M00663,EXT00121,0,0.0
M00663,EXT00121,0,0.0
M00663,EXT00121,0,0.0
M00663,EXT00121,0,0.0
M00663,EXT00121,0,0.0
M00663,EXT00121,0,0.0
M00663,EXT00121,0,0.0
M00664,MEM00285,1,4.32
M00664,MEM00285,1,3.23
M00664,MEM00285,1,5.0
M00664,MEM00285,1,4.1
M00664,MEM00285,1,4.62
M00664,MEM00285,1,3.7
M00664,MEM00285,1,4.38
M00664,MEM00651,1,3.42
M00664,MEM00651,1,4.47
M00664,MEM00651,1,3.99
M00664,MEM00651,1,4.22
M00664,MEM00651,1,4.62
M00664,MEM00651,1,3.46
M00664,MEM00651,1,3.79
M00664,MEM00724,1,4.47
M00664,MEM00724,1,5.0
M00664,MEM00724,1,4.12
M00664,MEM00724,1,4.55
M00664,MEM00724,1,4.14
M00664,MEM00724,1,5.0
M00664,MEM00724,1,3.15
M00664,MEM00166,1,4.26
M00664,MEM00166,1,3.22
M00664,MEM00166,1,2.7
M00664,MEM00166,1,4.38
M00664,MEM00166,1,4.28
M00664,MEM00166,1,4.03
M00664,MEM00166,1,4.14
M00665,MEM00642,1,0.0
M00665,MEM00642,1,0.0
M00665,MEM00642,1,0.0
M00665,MEM00642,1,0.0
M00665,MEM00642,1,0.0
M00665,MEM00642,1,0.0
M00665,MEM00642,1,0.0
M00667,MEM00786,1,5.0
M00667,MEM00786,1,4.05
M00667,MEM00786,1,4.51
M00667,MEM00786,1,3.81
M00667,MEM00786,1,4.38
M00667,MEM00786,1,4.06
M00667,MEM00786,1,3.95
M00667,MEM00606,1,5.0
M00667,MEM00606,1,4.91
M00667,MEM00606,1,4.28
M00667,MEM00606,1,2.82
M00667,MEM00606,1,3.98
M00667,MEM00606,1,5.0
M00667,MEM00606,1,4.06
M00667,EXT00236,0,4.86
M00667,EXT00236,0,5.0
M00667,EXT00236,0,4.33
M00667,EXT00236,0,3.69
M00667,EXT00236,0,2.74
M00667,EXT00236,0,4.61
M00667,EXT00236,0,3.71
M00667,EXT00154,0,4.31
M00667,EXT00154,0,3.45
M00667,EXT00154,0,4.04
M00667,EXT00154,0,4.22
M00667,EXT00154,0,4.36
M00667,EXT00154,0,3.53
M00667,EXT00154,0,4.92
M00668,MEM00520,1,0.0
M00668,MEM00520,1,0.0
M00668,MEM00520,1,0.0
M00668,MEM00520,1,0.0
M00668,MEM00520,1,0.0
M00668,MEM00520,1,0.0
M00668,MEM00520,1,0.0
M00669,MEM00076,1,0.0
M00669,MEM00076,1,0.0
M00669,MEM00076,1,0.0
M00669,MEM00076,1,0.0
M00669,MEM00076,1,0.0
M00669,MEM00076,1,0.0
M00669,MEM00076,1,0.0
M00670,MEM00424,1,3.84
M00670,MEM00424,1,3.2
M00670,MEM00424,1,4.13
M00670,MEM00424,1,4.22
M00670,MEM00424,1,4.3
M00670,MEM00424,1,5.0
M00670,MEM00424,1,4.06
M00670,EXT00287,0,4.13
M00670,EXT00287,0,3.54
M00670,EXT00287,0,4.69
M00670,EXT00287,0,4.31
M00670,EXT00287,0,3.95
M00670,EXT00287,0,3.06
M00670,EXT00287,0,5.0
M00671,MEM00157,1,0.0
M00671,MEM00157,1,0.0
M00671,MEM00157,1,0.0
M00671,MEM00157,1,0.0
M00671,MEM00157,1,0.0
M00671,MEM00157,1,0.0
M00671,MEM00157,1,0.0
M00672,EXT00316,0,0.0
M00672,EXT00316,0,0.0
M00672,EXT00316,0,0.0
M00672,EXT00316,0,0.0
M00672,EXT00316,0,0.0
M00672,EXT00316,0,0.0
M00672,EXT00316,0,0.0
M00673,MEM00046,1,3.46
M00673,MEM00046,1,3.85
M00673,MEM00046,1,4.42
M00673,MEM00046,1,3.48
M00673,MEM00046,1,3.3
M00673,MEM00046,1,2.93
M00673,MEM00046,1,4.63
M00673,MEM00461,1,3.87
M00673,MEM00461,1,5.0
M00673,MEM00461,1,3.6
M00673,MEM00461,1,3.65
M00673,MEM00461,1,3.86
M00673,MEM00461,1,4.35
M00673,MEM00461,1,3.92
M00673,MEM00763,1,4.57
M00673,MEM00763,1,3.61
M00673,MEM00763,1,3.37
M00673,MEM00763,1,3.12
M00673,MEM00763,1,2.87
M00673,MEM00763,1,3.89
M00673,MEM00763,1,4.02
M00673,EXT00098,0,3.82
M00673,EXT00098,0,4.95
M00673,EXT00098,0,4.94
M00673,EXT00098,0,4.0
M00673,EXT00098,0,3.12
M00673,EXT00098,0,3.86
M00673,EXT00098,0,3.84
M00674,MEM00478,1,3.81
M00674,MEM00478,1,3.78
M00674,MEM00478,1,3.81
M00674,MEM00478,1,3.97
M00674,MEM00478,1,3.82
M00674,MEM00478,1,4.32
M00674,MEM00478,1,4.42
M00674,EXT00110,0,3.65
M00674,EXT00110,0,4.96
M00674,EXT00110,0,3.61
M00674,EXT00110,0,3.23
M00674,EXT00110,0,4.43
M00674,EXT00110,0,3.71
M00674,EXT00110,0,4.39
M00675,MEM00610,1,0.0
M00675,MEM00610,1,0.0
M00675,MEM00610,1,0.0
M00675,MEM00610,1,0.0
M00675,MEM00610,1,0.0
M00675,MEM00610,1,0.0
M00675,MEM00610,1,0.0
M00675,MEM00575,1,0.0
M00675,MEM00575,1,0.0
M00675,MEM00575,1,0.0
M00675,MEM00575,1,0.0
M00675,MEM00575,1,0.0
M00675,MEM00575,1,0.0
M00675,MEM00575,1,0.0
M00675,EXT00045,0,0.0
M00675,EXT00045,0,0.0
M00675,EXT00045,0,0.0
M00675,EXT00045,0,0.0
M00675,EXT00045,0,0.0
M00675,EXT00045,0,0.0
M00675,EXT00045,0,0.0
M00676,MEM00404,1,2.76
M00676,MEM00404,1,5.0
M00676,MEM00404,1,4.6
M00676,MEM00404,1,3.3
M00676,MEM00404,1,3.31
M00676,MEM00404,1,5.0
M00676,MEM00404,1,3.76
M00676,MEM00285,1,3.7
M00676,MEM00285,1,2.84
M00676,MEM00285,1,3.99
M00676,MEM00285,1,4.06
M00676,MEM00285,1,4.63
M00676,MEM00285,1,3.36
M00676,MEM00285,1,3.29
M00676,MEM00756,1,4.47
M00676,MEM00756,1,4.8
M00676,MEM00756,1,3.26
M00676,MEM00756,1,4.85
M00676,MEM00756,1,4.22
M00676,MEM00756,1,4.86
M00676,MEM00756,1,4.16
M00676,MEM00398,1,2.69
M00676,MEM00398,1,4.11
M00676,MEM00398,1,4.84
M00676,MEM00398,1,3.66
M00676,MEM00398,1,3.97
M00676,MEM00398,1,4.09
M00676,MEM00398,1,2.46
M00677,MEM00655,1,0.0
M00677,MEM00655,1,0.0
M00677,MEM00655,1,0.0
M00677,MEM00655,1,0.0
M00677,MEM00655,1,0.0
M00677,MEM00655,1,0.0
M00677,MEM00655,1,0.0
M00677,MEM00562,1,0.0
M00677,MEM00562,1,0.0
M00677,MEM00562,1,0.0
M00677,MEM00562,1,0.0
M00677,MEM00562,1,0.0
M00677,MEM00562,1,0.0
M00677,MEM00562,1,0.0
M00678,MEM00370,1,0.0
M00678,MEM00370,1,0.0
M00678,MEM00370,1,0.0
M00678,MEM00370,1,0.0
M00678,MEM00370,1,0.0
M00678,MEM00370,1,0.0
M00678,MEM00370,1,0.0
M00678,MEM00575,1,0.0
M00678,MEM00575,1,0.0
M00678,MEM00575,1,0.0
M00678,MEM00575,1,0.0
M00678,MEM00575,1,0.0
M00678,MEM00575,1,0.0
M00678,MEM00575,1,0.0
M00679,MEM00562,1,0.0
M00679,MEM00562,1,0.0
M00679,MEM00562,1,0.0
M00679,MEM00562,1,0.0
M00679,MEM00562,1,0.0
M00679,MEM00562,1,0.0
M00679,MEM00562,1,0.0
M00679,MEM00740,1,0.0
M00679,MEM00740,1,0.0
M00679,MEM00740,1,0.0
M00679,MEM00740,1,0.0
M00679,MEM00740,1,0.0
M00679,MEM00740,1,0.0
M00679,MEM00740,1,0.0
M00679,EXT00297,0,0.0
M00679,EXT00297,0,0.0
M00679,EXT00297,0,0.0
M00679,EXT00297,0,0.0
M00679,EXT00297,0,0.0
M00679,EXT00297,0,0.0
M00679,EXT00297,0,0.0
M00680,MEM00685,1,5.0
M00680,MEM00685,1,3.66
M00680,MEM00685,1,4.5
M00680,MEM00685,1,4.15
M00680,MEM00685,1,4.95
M00680,MEM00685,1,4.44
M00680,MEM00685,1,4.06
M00680,MEM00211,1,3.66
M00680,MEM00211,1,4.68
M00680,MEM00211,1,3.08
M00680,MEM00211,1,4.59
M00680,MEM00211,1,3.54
M00680,MEM00211,1,4.95
M00680,MEM00211,1,4.3
M00680,MEM00642,1,4.59
M00680,MEM00642,1,4.25
M00680,MEM00642,1,3.15
M00680,MEM00642,1,3.68
M00680,MEM00642,1,4.6
M00680,MEM00642,1,4.3
M00680,MEM00642,1,4.91
M00680,EXT00080,0,4.44
M00680,EXT00080,0,3.62
M00680,EXT00080,0,3.72
M00680,EXT00080,0,4.26
M00680,EXT00080,0,2.81
M00680,EXT00080,0,5.0
M00680,EXT00080,0,4.47
M00681,MEM00780,1,4.94
M00681,MEM00780,1,3.25
M00681,MEM00780,1,4.95
M00681,MEM00780,1,5.0
M00681,MEM00780,1,3.41
M00681,MEM00780,1,4.66
M00681,MEM00780,1,4.2
M00681,MEM00680,1,3.27
M00681,MEM00680,1,4.5
M00681,MEM00680,1,4.7
M00681,MEM00680,1,3.84
M00681,MEM00680,1,4.9
M00681,MEM00680,1,3.2
M00681,MEM00680,1,3.3
M00681,MEM00255,1,4.28
M00681,MEM00255,1,4.22
M00681,MEM00255,1,3.77
M00681,MEM00255,1,4.69
M00681,MEM00255,1,4.52
M00681,MEM00255,1,4.71
M00681,MEM00255,1,4.13
M00681,MEM00267,1,4.56
M00681,MEM00267,1,3.93
M00681,MEM00267,1,5.0
M00681,MEM00267,1,3.71
M00681,MEM00267,1,5.0
M00681,MEM00267,1,4.22
M00681,MEM00267,1,3.37
M00682,MEM00584,1,5.0
M00682,MEM00584,1,4.28
M00682,MEM00584,1,4.71
M00682,MEM00584,1,4.93
M00682,MEM00584,1,4.4
M00682,MEM00584,1,3.84
M00682,MEM00584,1,4.79
M00682,MEM00563,1,4.2
M00682,MEM00563,1,4.61
M00682,MEM00563,1,2.91
M00682,MEM00563,1,4.47
M00682,MEM00563,1,3.82
M00682,MEM00563,1,5.0
M00682,MEM00563,1,4.57
M00683,MEM00390,1,0.0
M00683,MEM00390,1,0.0
M00683,MEM00390,1,0.0
M00683,MEM00390,1,0.0
M00683,MEM00390,1,0.0
M00683,MEM00390,1,0.0
M00683,MEM00390,1,0.0
M00683,MEM00437,1,0.0
M00683,MEM00437,1,0.0
M00683,MEM00437,1,0.0
M00683,MEM00437,1,0.0
M00683,MEM00437,1,0.0
M00683,MEM00437,1,0.0
M00683,MEM00437,1,0.0
M00683,MEM00763,1,0.0
M00683,MEM00763,1,0.0
M00683,MEM00763,1,0.0
M00683,MEM00763,1,0.0
M00683,MEM00763,1,0.0
M00683,MEM00763,1,0.0
M00683,MEM00763,1,0.0
M00685,MEM00624,1,4.34
M00685,MEM00624,1,4.49
M00685,MEM00624,1,3.6
M00685,MEM00624,1,5.0
M00685,MEM00624,1,5.0
M00685,MEM00624,1,4.44
M00685,MEM00624,1,5.0
M00685,MEM00295,1,3.86
M00685,MEM00295,1,3.72
M00685,MEM00295,1,4.22
M00685,MEM00295,1,4.46
M00685,MEM00295,1,3.96
M00685,MEM00295,1,4.52
M00685,MEM00295,1,4.38
M00685,MEM00151,1,3.6
M00685,MEM00151,1,4.51
M00685,MEM00151,1,4.72
M00685,MEM00151,1,4.3
M00685,MEM00151,1,4.89
M00685,MEM00151,1,3.47
M00685,MEM00151,1,4.48
M00685,EXT00300,0,3.5
M00685,EXT00300,0,3.53
M00685,EXT00300,0,3.82
M00685,EXT00300,0,3.63
M00685,EXT00300,0,3.87
M00685,EXT00300,0,4.07
M00685,EXT00300,0,4.7
M00686,MEM00299,1,0.0
M00686,MEM00299,1,0.0
M00686,MEM00299,1,0.0
M00686,MEM00299,1,0.0
M00686,MEM00299,1,0.0
M00686,MEM00299,1,0.0
M00686,MEM00299,1,0.0
M00686,MEM00668,1,0.0
M00686,MEM00668,1,0.0
M00686,MEM00668,1,0.0
M00686,MEM00668,1,0.0
M00686,MEM00668,1,0.0
M00686,MEM00668,1,0.0
M00686,MEM00668,1,0.0
M00686,MEM00026,1,0.0
M00686,MEM00026,1,0.0
M00686,MEM00026,1,0.0
M00686,MEM00026,1,0.0
M00686,MEM00026,1,0.0
M00686,MEM00026,1,0.0
M00686,MEM00026,1,0.0
M00688,MEM00565,1,0.0
M00688,MEM00565,1,0.0
M00688,MEM00565,1,0.0
M00688,MEM00565,1,0.0
M00688,MEM00565,1,0.0
M00688,MEM00565,1,0.0
M00688,MEM00565,1,0.0
M00688,MEM00007,1,0.0
M00688,MEM00007,1,0.0
M00688,MEM00007,1,0.0
M00688,MEM00007,1,0.0
M00688,MEM00007,1,0.0
M00688,MEM00007,1,0.0
M00688,MEM00007,1,0.0
M00688,MEM00771,1,0.0
M00688,MEM00771,1,0.0
M00688,MEM00771,1,0.0
M00688,MEM00771,1,0.0
M00688,MEM00771,1,0.0
M00688,MEM00771,1,0.0
M00688,MEM00771,1,0.0
M00689,MEM00346,1,0.0
M00689,MEM00346,1,0.0
M00689,MEM00346,1,0.0
M00689,MEM00346,1,0.0
M00689,MEM00346,1,0.0
M00689,MEM00346,1,0.0
M00689,MEM00346,1,0.0
M00690,MEM00565,1,4.01
M00690,MEM00565,1,3.25
M00690,MEM00565,1,4.88
M00690,MEM00565,1,3.7
M00690,MEM00565,1,4.16
M00690,MEM00565,1,4.47
M00690,MEM00565,1,4.32
M00690,MEM00207,1,4.86
M00690,MEM00207,1,4.49
M00690,MEM00207,1,3.68
M00690,MEM00207,1,5.0
M00690,MEM00207,1,4.32
M00690,MEM00207,1,4.11
M00690,MEM00207,1,4.78
M00691,MEM00651,1,0.0
M00691,MEM00651,1,0.0
M00691,MEM00651,1,0.0
M00691,MEM00651,1,0.0
M00691,MEM00651,1,0.0
M00691,MEM00651,1,0.0
M00691,MEM00651,1,0.0
M00693,EXT00217,0,0.0
M00693,EXT00217,0,0.0
M00693,EXT00217,0,0.0
M00693,EXT00217,0,0.0
M00693,EXT00217,0,0.0
M00693,EXT00217,0,0.0
M00693,EXT00217,0,0.0
M00694,EXT00382,0,0.0
M00694,EXT00382,0,0.0
M00694,EXT00382,0,0.0
M00694,EXT00382,0,0.0
M00694,EXT00382,0,0.0
M00694,EXT00382,0,0.0
M00694,EXT00382,0,0.0
M00695,MEM00395,1,4.35
M00695,MEM00395,1,4.44
M00695,MEM00395,1,5.0
M00695,MEM00395,1,4.03
M00695,MEM00395,1,4.01
M00695,MEM00395,1,4.27
M00695,MEM00395,1,4.84
M00695,MEM00686,1,3.3
M00695,MEM00686,1,3.02
M00695,MEM00686,1,3.85
M00695,MEM00686,1,3.22
M00695,MEM00686,1,3.95
M00695,MEM00686,1,4.5
M00695,MEM00686,1,3.67
M00695,MEM00055,1,3.34
M00695,MEM00055,1,4.24
M00695,MEM00055,1,4.72
M00695,MEM00055,1,3.18
M00695,MEM00055,1,4.69
M00695,MEM00055,1,4.69
M00695,MEM00055,1,4.77
M00695,MEM00580,1,4.93
M00695,MEM00580,1,5.0
M00695,MEM00580,1,3.99
M00695,MEM00580,1,4.27
M00695,MEM00580,1,3.95
M00695,MEM00580,1,4.2
M00695,MEM00580,1,5.0
M00696,MEM00164,1,3.39
M00696,MEM00164,1,3.68
M00696,MEM00164,1,5.0
M00696,MEM00164,1,4.81
M00696,MEM00164,1,3.98
M00696,MEM00164,1,4.71
M00696,MEM00164,1,4.4
M00696,MEM00633,1,5.0
M00696,MEM00633,1,4.24
M00696,MEM00633,1,4.82
M00696,MEM00633,1,5.0
M00696,MEM00633,1,4.56
M00696,MEM00633,1,4.23
M00696,MEM00633,1,4.63
M00697,MEM00123,1,0.0
M00697,MEM00123,1,0.0
M00697,MEM00123,1,0.0
M00697,MEM00123,1,0.0
M00697,MEM00123,1,0.0
M00697,MEM00123,1,0.0
M00697,MEM00123,1,0.0
M00697,MEM00429,1,0.0
M00697,MEM00429,1,0.0
M00697,MEM00429,1,0.0
M00697,MEM00429,1,0.0
M00697,MEM00429,1,0.0
M00697,MEM00429,1,0.0
M00697,MEM00429,1,0.0
M00697,MEM00309,1,0.0
M00697,MEM00309,1,0.0
M00697,MEM00309,1,0.0
M00697,MEM00309,1,0.0
M00697,MEM00309,1,0.0
M00697,MEM00309,1,0.0
M00697,MEM00309,1,0.0
M00699,MEM00145,1,0.0
M00699,MEM00145,1,0.0
M00699,MEM00145,1,0.0
M00699,MEM00145,1,0.0
M00699,MEM00145,1,0.0
M00699,MEM00145,1,0.0
M00699,MEM00145,1,0.0
M00699,MEM00689,1,0.0
M00699,MEM00689,1,0.0
M00699,MEM00689,1,0.0
M00699,MEM00689,1,0.0
M00699,MEM00689,1,0.0
M00699,MEM00689,1,0.0
M00699,MEM00689,1,0.0
M00699,EXT00114,0,0.0
M00699,EXT00114,0,0.0
M00699,EXT00114,0,0.0
M00699,EXT00114,0,0.0
M00699,EXT00114,0,0.0
M00699,EXT00114,0,0.0
M00699,EXT00114,0,0.0
M00700,MEM00221,1,3.98
M00700,MEM00221,1,5.0
M00700,MEM00221,1,4.31
M00700,MEM00221,1,4.04
M00700,MEM00221,1,3.7
M00700,MEM00221,1,4.86
M00700,MEM00221,1,4.72
M00700,MEM00694,1,3.9
M00700,MEM00694,1,4.55
M00700,MEM00694,1,3.29
M00700,MEM00694,1,4.31
M00700,MEM00694,1,4.47
M00700,MEM00694,1,5.0
M00700,MEM00694,1,3.74
M00700,EXT00319,0,3.43
M00700,EXT00319,0,3.66
M00700,EXT00319,0,3.4
M00700,EXT00319,0,5.0
M00700,EXT00319,0,5.0
M00700,EXT00319,0,4.39
M00700,EXT00319,0,4.93
M00700,EXT00272,0,4.28
M00700,EXT00272,0,4.14
M00700,EXT00272,0,4.0
M00700,EXT00272,0,4.01
M00700,EXT00272,0,3.27
M00700,EXT00272,0,4.36
M00700,EXT00272,0,4.18
M00701,MEM00210,1,0.0
M00701,MEM00210,1,0.0
M00701,MEM00210,1,0.0
M00701,MEM00210,1,0.0
M00701,MEM00210,1,0.0
M00701,MEM00210,1,0.0
M00701,MEM00210,1,0.0
M00701,MEM00489,1,0.0
M00701,MEM00489,1,0.0
M00701,MEM00489,1,0.0
M00701,MEM00489,1,0.0
M00701,MEM00489,1,0.0
M00701,MEM00489,1,0.0
M00701,MEM00489,1,0.0
M00701,EXT00225,0,0.0
M00701,EXT00225,0,0.0
M00701,EXT00225,0,0.0
M00701,EXT00225,0,0.0
M00701,EXT00225,0,0.0
M00701,EXT00225,0,0.0
M00701,EXT00225,0,0.0
M00702,MEM00658,1,0.0
M00702,MEM00658,1,0.0
M00702,MEM00658,1,0.0
M00702,MEM00658,1,0.0
M00702,MEM00658,1,0.0
M00702,MEM00658,1,0.0
M00702,MEM00658,1,0.0
M00702,EXT00362,0,0.0
M00702,EXT00362,0,0.0
M00702,EXT00362,0,0.0
M00702,EXT00362,0,0.0
M00702,EXT00362,0,0.0
M00702,EXT00362,0,0.0
M00702,EXT00362,0,0.0
M00703,MEM00008,1,0.0
M00703,MEM00008,1,0.0
M00703,MEM00008,1,0.0
M00703,MEM00008,1,0.0
M00703,MEM00008,1,0.0
M00703,MEM00008,1,0.0
M00703,MEM00008,1,0.0
M00703,MEM00540,1,0.0
M00703,MEM00540,1,0.0
M00703,MEM00540,1,0.0
M00703,MEM00540,1,0.0
M00703,MEM00540,1,0.0
M00703,MEM00540,1,0.0
M00703,MEM00540,1,0.0
M00703,EXT00023,0,0.0
M00703,EXT00023,0,0.0
M00703,EXT00023,0,0.0
M00703,EXT00023,0,0.0
M00703,EXT00023,0,0.0
M00703,EXT00023,0,0.0
M00703,EXT00023,0,0.0
M00704,EXT00220,0,0.0
M00704,EXT00220,0,0.0
M00704,EXT00220,0,0.0
M00704,EXT00220,0,0.0
M00704,EXT00220,0,0.0
M00704,EXT00220,0,0.0
M00704,EXT00220,0,0.0
M00705,MEM00221,1,0.0
M00705,MEM00221,1,0.0
M00705,MEM00221,1,0.0
M00705,MEM00221,1,0.0
M00705,MEM00221,1,0.0
M00705,MEM00221,1,0.0
M00705,MEM00221,1,0.0
M00706,MEM00235,1,0.0
M00706,MEM00235,1,0.0
M00706,MEM00235,1,0.0
M00706,MEM00235,1,0.0
M00706,MEM00235,1,0.0
M00706,MEM00235,1,0.0
M00706,MEM00235,1,0.0
M00706,EXT00132,0,0.0
M00706,EXT00132,0,0.0
M00706,EXT00132,0,0.0
M00706,EXT00132,0,0.0
M00706,EXT00132,0,0.0
M00706,EXT00132,0,0.0
M00706,EXT00132,0,0.0
M00707,MEM00254,1,4.65
M00707,MEM00254,1,4.26
M00707,MEM00254,1,4.1
M00707,MEM00254,1,3.68
M00707,MEM00254,1,4.24
M00707,MEM00254,1,4.64
M00707,MEM00254,1,3.51
M00707,MEM00587,1,4.25
M00707,MEM00587,1,4.34
M00707,MEM00587,1,3.77
M00707,MEM00587,1,3.85
M00707,MEM00587,1,4.34
M00707,MEM00587,1,3.52
M00707,MEM00587,1,4.41
M00707,MEM00481,1,3.66
M00707,MEM00481,1,4.84
M00707,MEM00481,1,5.0
M00707,MEM00481,1,3.68
M00707,MEM00481,1,4.52
M00707,MEM00481,1,3.76
M00707,MEM00481,1,4.82
M00707,EXT00159,0,3.44
M00707,EXT00159,0,4.49
M00707,EXT00159,0,3.68
M00707,EXT00159,0,4.08
M00707,EXT00159,0,3.58
M00707,EXT00159,0,4.69
M00707,EXT00159,0,3.7
M00709,MEM00071,1,0.0
M00709,MEM00071,1,0.0
M00709,MEM00071,1,0.0
M00709,MEM00071,1,0.0
M00709,MEM00071,1,0.0
M00709,MEM00071,1,0.0
M00709,MEM00071,1,0.0
M00710,MEM00623,1,0.0
M00710,MEM00623,1,0.0
M00710,MEM00623,1,0.0
M00710,MEM00623,1,0.0
M00710,MEM00623,1,0.0
M00710,MEM00623,1,0.0
M00710,MEM00623,1,0.0
M00711,MEM00253,1,4.53
M00711,MEM00253,1,3.99
M00711,MEM00253,1,4.13
M00711,MEM00253,1,4.29
M00711,MEM00253,1,3.74
M00711,MEM00253,1,4.33
M00711,MEM00253,1,5.0
M00711,MEM00221,1,3.73
M00711,MEM00221,1,4.9
M00711,MEM00221,1,5.0
M00711,MEM00221,1,3.71
M00711,MEM00221,1,3.33
M00711,MEM00221,1,4.38
M00711,MEM00221,1,3.87
M00711,MEM00552,1,5.0
M00711,MEM00552,1,4.22
M00711,MEM00552,1,3.72
M00711,MEM00552,1,3.51
M00711,MEM00552,1,4.85
M00711,MEM00552,1,3.86
M00711,MEM00552,1,4.23
M00711,MEM00338,1,4.77
M00711,MEM00338,1,3.91
M00711,MEM00338,1,4.17
M00711,MEM00338,1,4.19
M00711,MEM00338,1,4.61
M00711,MEM00338,1,4.55
M00711,MEM00338,1,4.07
M00713,MEM00288,1,4.24
M00713,MEM00288,1,3.98
M00713,MEM00288,1,3.31
M00713,MEM00288,1,4.35
M00713,MEM00288,1,5.0
M00713,MEM00288,1,3.67
M00713,MEM00288,1,3.74
M00713,MEM00060,1,3.68
M00713,MEM00060,1,4.63
M00713,MEM00060,1,4.47
M00713,MEM00060,1,4.1
M00713,MEM00060,1,3.65
M00713,MEM00060,1,4.26
M00713,MEM00060,1,3.26
M00714,MEM00760,1,0.0
M00714,MEM00760,1,0.0
M00714,MEM00760,1,0.0
M00714,MEM00760,1,0.0
M00714,MEM00760,1,0.0
M00714,MEM00760,1,0.0
M00714,MEM00760,1,0.0
M00715,MEM00501,1,4.29
M00715,MEM00501,1,4.72
M00715,MEM00501,1,3.45
M00715,MEM00501,1,3.28
M00715,MEM00501,1,5.0
M00715,MEM00501,1,3.83
M00715,MEM00501,1,4.88
M00715,MEM00538,1,4.11
M00715,MEM00538,1,4.1
M00715,MEM00538,1,4.46
M00715,MEM00538,1,3.67
M00715,MEM00538,1,4.28
M00715,MEM00538,1,3.97
M00715,MEM00538,1,3.41
M00716,MEM00178,1,4.4
M00716,MEM00178,1,4.04
M00716,MEM00178,1,4.11
M00716,MEM00178,1,3.47
M00716,MEM00178,1,5.0
M00716,MEM00178,1,4.73
M00716,MEM00178,1,4.78
M00716,MEM00492,1,4.02
M00716,MEM00492,1,3.16
M00716,MEM00492,1,5.0
M00716,MEM00492,1,4.16
M00716,MEM00492,1,3.75
M00716,MEM00492,1,4.45
M00716,MEM00492,1,4.9
M00716,MEM00324,1,4.19
M00716,MEM00324,1,4.97
M00716,MEM00324,1,4.85
M00716,MEM00324,1,3.55
M00716,MEM00324,1,3.8
M00716,MEM00324,1,4.77
M00716,MEM00324,1,2.57
M00716,EXT00304,0,4.11
M00716,EXT00304,0,3.34
M00716,EXT00304,0,3.91
M00716,EXT00304,0,4.02
M00716,EXT00304,0,3.99
M00716,EXT00304,0,3.87
M00716,EXT00304,0,3.54
M00717,MEM00213,1,0.0
M00717,MEM00213,1,0.0
M00717,MEM00213,1,0.0
M00717,MEM00213,1,0.0
M00717,MEM00213,1,0.0
M00717,MEM00213,1,0.0
M00717,MEM00213,1,0.0
M00717,MEM00105,1,0.0
M00717,MEM00105,1,0.0
M00717,MEM00105,1,0.0
M00717,MEM00105,1,0.0
M00717,MEM00105,1,0.0
M00717,MEM00105,1,0.0
M00717,MEM00105,1,0.0
M00717,EXT00104,0,0.0
M00717,EXT00104,0,0.0
M00717,EXT00104,0,0.0
M00717,EXT00104,0,0.0
M00717,EXT00104,0,0.0
M00717,EXT00104,0,0.0
M00717,EXT00104,0,0.0
M00718,MEM00781,1,5.0
M00718,MEM00781,1,5.0
M00718,MEM00781,1,3.5
M00718,MEM00781,1,5.0
M00718,MEM00781,1,3.96
M00718,MEM00781,1,4.28
M00718,MEM00781,1,4.16
M00718,MEM00337,1,3.8
M00718,MEM00337,1,4.79
M00718,MEM00337,1,4.28
M00718,MEM00337,1,3.91
M00718,MEM00337,1,3.42
M00718,MEM00337,1,3.66
M00718,MEM00337,1,3.22
M00718,MEM00069,1,4.21
M00718,MEM00069,1,3.48
M00718,MEM00069,1,4.04
M00718,MEM00069,1,5.0
M00718,MEM00069,1,4.92
M00718,MEM00069,1,4.18
M00718,MEM00069,1,4.15
M00718,MEM00410,1,5.0
M00718,MEM00410,1,4.51
M00718,MEM00410,1,4.0
M00718,MEM00410,1,3.34
M00718,MEM00410,1,4.44
M00718,MEM00410,1,4.7
M00718,MEM00410,1,3.82
M00719,MEM00164,1,0.0
M00719,MEM00164,1,0.0
M00719,MEM00164,1,0.0
M00719,MEM00164,1,0.0
M00719,MEM00164,1,0.0
M00719,MEM00164,1,0.0
M00719,MEM00164,1,0.0
M00720,MEM00771,1,4.37
M00720,MEM00771,1,3.98
M00720,MEM00771,1,4.09
M00720,MEM00771,1,2.71
M00720,MEM00771,1,4.07
M00720,MEM00771,1,4.78
M00720,MEM00771,1,3.82
M00720,EXT00048,0,4.23
M00720,EXT00048,0,3.75
M00720,EXT00048,0,4.42
M00720,EXT00048,0,4.07
M00720,EXT00048,0,3.64
M00720,EXT00048,0,5.0
M00720,EXT00048,0,4.76
M00721,MEM00593,1,3.84
M00721,MEM00593,1,4.5
M00721,MEM00593,1,4.52
M00721,MEM00593,1,4.59
M00721,MEM00593,1,3.18
M00721,MEM00593,1,4.8
M00721,MEM00593,1,3.86
M00721,MEM00328,1,3.99
M00721,MEM00328,1,5.0
M00721,MEM00328,1,4.38
M00721,MEM00328,1,3.97
M00721,MEM00328,1,2.88
M00721,MEM00328,1,5.0
M00721,MEM00328,1,3.39
M00721,MEM00565,1,3.6
M00721,MEM00565,1,4.0
M00721,MEM00565,1,5.0
M00721,MEM00565,1,4.66
M00721,MEM00565,1,4.11
M00721,MEM00565,1,4.38
M00721,MEM00565,1,3.84
M00721,MEM00314,1,4.28
M00721,MEM00314,1,4.24
M00721,MEM00314,1,4.78
M00721,MEM00314,1,4.78
M00721,MEM00314,1,4.5
M00721,MEM00314,1,3.98
M00721,MEM00314,1,4.65
M00722,MEM00267,1,4.14
M00722,MEM00267,1,3.55
M00722,MEM00267,1,3.96
M00722,MEM00267,1,4.25
M00722,MEM00267,1,4.75
M00722,MEM00267,1,4.09
M00722,MEM00267,1,3.47
M00722,EXT00156,0,4.23
M00722,EXT00156,0,4.27
M00722,EXT00156,0,4.31
M00722,EXT00156,0,4.75
M00722,EXT00156,0,4.81
M00722,EXT00156,0,3.84
M00722,EXT00156,0,3.83
M00723,MEM00210,1,0.0
M00723,MEM00210,1,0.0
M00723,MEM00210,1,0.0
M00723,MEM00210,1,0.0
M00723,MEM00210,1,0.0
M00723,MEM00210,1,0.0
M00723,MEM00210,1,0.0
M00724,MEM00379,1,3.58
M00724,MEM00379,1,4.62
M00724,MEM00379,1,5.0
M00724,MEM00379,1,4.01
M00724,MEM00379,1,4.06
M00724,MEM00379,1,5.0
M00724,MEM00379,1,4.5
M00724,MEM00180,1,4.46
M00724,MEM00180,1,3.49
M00724,MEM00180,1,4.61
M00724,MEM00180,1,3.64
M00724,MEM00180,1,3.52
M00724,MEM00180,1,3.99
M00724,MEM00180,1,3.85
M00724,MEM00210,1,4.07
M00724,MEM00210,1,3.34
M00724,MEM00210,1,4.78
M00724,MEM00210,1,4.88
M00724,MEM00210,1,3.03
M00724,MEM00210,1,4.79
M00724,MEM00210,1,3.71
M00724,EXT00109,0,4.71
M00724,EXT00109,0,4.16
M00724,EXT00109,0,4.22
M00724,EXT00109,0,4.09
M00724,EXT00109,0,4.93
M00724,EXT00109,0,3.46
M00724,EXT00109,0,4.56
M00725,MEM00479,1,0.0
M00725,MEM00479,1,0.0
M00725,MEM00479,1,0.0
M00725,MEM00479,1,0.0
M00725,MEM00479,1,0.0
M00725,MEM00479,1,0.0
M00725,MEM00479,1,0.0
M00725,MEM00516,1,0.0
M00725,MEM00516,1,0.0
M00725,MEM00516,1,0.0
M00725,MEM00516,1,0.0
M00725,MEM00516,1,0.0
M00725,MEM00516,1,0.0
M00725,MEM00516,1,0.0
M00725,MEM00770,1,0.0
M00725,MEM00770,1,0.0
M00725,MEM00770,1,0.0
M00725,MEM00770,1,0.0
M00725,MEM00770,1,0.0
M00725,MEM00770,1,0.0
M00725,MEM00770,1,0.0
M00726,MEM00074,1,0.0
M00726,MEM00074,1,0.0
M00726,MEM00074,1,0.0
M00726,MEM00074,1,0.0
M00726,MEM00074,1,0.0
M00726,MEM00074,1,0.0
M00726,MEM00074,1,0.0
M00727,MEM00763,1,0.0
M00727,MEM00763,1,0.0
M00727,MEM00763,1,0.0
M00727,MEM00763,1,0.0
M00727,MEM00763,1,0.0
M00727,MEM00763,1,0.0
M00727,MEM00763,1,0.0
M00727,MEM00074,1,0.0
M00727,MEM00074,1,0.0
M00727,MEM00074,1,0.0
M00727,MEM00074,1,0.0
M00727,MEM00074,1,0.0
M00727,MEM00074,1,0.0
M00727,MEM00074,1,0.0
M00729,MEM00227,1,0.0
M00729,MEM00227,1,0.0
M00729,MEM00227,1,0.0
M00729,MEM00227,1,0.0
M00729,MEM00227,1,0.0
M00729,MEM00227,1,0.0
M00729,MEM00227,1,0.0
M00730,MEM00091,1,4.86
M00730,MEM00091,1,4.63
M00730,MEM00091,1,5.0
M00730,MEM00091,1,3.88
M00730,MEM00091,1,4.77
M00730,MEM00091,1,4.14
M00730,MEM00091,1,4.94
M00730,MEM00487,1,4.2
M00730,MEM00487,1,3.97
M00730,MEM00487,1,4.98
M00730,MEM00487,1,3.91
M00730,MEM00487,1,3.35
M00730,MEM00487,1,3.89
M00730,MEM00487,1,4.57
M00730,MEM00502,1,5.0
M00730,MEM00502,1,4.27
M00730,MEM00502,1,4.99
M00730,MEM00502,1,3.39
M00730,MEM00502,1,3.93
M00730,MEM00502,1,4.03
M00730,MEM00502,1,4.13
M00730,MEM00475,1,4.25
M00730,MEM00475,1,4.61
M00730,MEM00475,1,3.93
M00730,MEM00475,1,4.28
M00730,MEM00475,1,4.17
M00730,MEM00475,1,3.64
M00730,MEM00475,1,4.13
M00731,MEM00210,1,4.11
M00731,MEM00210,1,4.1
M00731,MEM00210,1,4.22
M00731,MEM00210,1,4.25
M00731,MEM00210,1,3.94
M00731,MEM00210,1,4.96
M00731,MEM00210,1,3.5
M00731,MEM00011,1,3.77
M00731,MEM00011,1,5.0
M00731,MEM00011,1,3.58
M00731,MEM00011,1,3.39
M00731,MEM00011,1,4.64
M00731,MEM00011,1,2.95
M00731,MEM00011,1,4.06
M00731,MEM00770,1,5.0
M00731,MEM00770,1,3.27
M00731,MEM00770,1,3.01
M00731,MEM00770,1,3.3
M00731,MEM00770,1,4.74
M00731,MEM00770,1,4.87
M00731,MEM00770,1,3.89
M00731,EXT00094,0,4.61
M00731,EXT00094,0,5.0
M00731,EXT00094,0,5.0
M00731,EXT00094,0,4.05
M00731,EXT00094,0,2.82
M00731,EXT00094,0,3.71
M00731,EXT00094,0,3.94
M00732,MEM00542,1,4.04
M00732,MEM00542,1,4.09
M00732,MEM00542,1,4.87
M00732,MEM00542,1,4.96
M00732,MEM00542,1,4.1
M00732,MEM00542,1,4.86
M00732,MEM00542,1,4.41
M00732,MEM00479,1,4.24
M00732,MEM00479,1,4.74
M00732,MEM00479,1,4.24
M00732,MEM00479,1,5.0
M00732,MEM00479,1,3.34
M00732,MEM00479,1,3.89
M00732,MEM00479,1,4.12
M00732,MEM00570,1,4.46
M00732,MEM00570,1,4.96
M00732,MEM00570,1,4.19
M00732,MEM00570,1,3.35
M00732,MEM00570,1,4.71
M00732,MEM00570,1,4.65
M00732,MEM00570,1,3.03
M00732,EXT00116,0,4.2
M00732,EXT00116,0,3.25
M00732,EXT00116,0,3.8
M00732,EXT00116,0,3.66
M00732,EXT00116,0,4.69
M00732,EXT00116,0,4.27
M00732,EXT00116,0,3.43
M00733,MEM00690,1,4.73
M00733,MEM00690,1,3.34
M00733,MEM00690,1,4.4
M00733,MEM00690,1,3.71
M00733,MEM00690,1,3.98
M00733,MEM00690,1,4.5
M00733,MEM00690,1,4.51
M00733,MEM00210,1,5.0
M00733,MEM00210,1,4.15
M00733,MEM00210,1,4.38
M00733,MEM00210,1,3.94
M00733,MEM00210,1,4.31
M00733,MEM00210,1,4.46
M00733,MEM00210,1,4.14
M00733,MEM00475,1,3.12
M00733,MEM00475,1,4.4
M00733,MEM00475,1,4.42
M00733,MEM00475,1,3.79
M00733,MEM00475,1,3.43
M00733,MEM00475,1,5.0
M00733,MEM00475,1,4.49
M00733,EXT00370,0,4.06
M00733,EXT00370,0,3.52
M00733,EXT00370,0,3.71
M00733,EXT00370,0,4.98
M00733,EXT00370,0,4.28
M00733,EXT00370,0,3.87
M00733,EXT00370,0,4.51
M00734,MEM00107,1,3.71
M00734,MEM00107,1,5.0
M00734,MEM00107,1,5.0
M00734,MEM00107,1,3.92
M00734,MEM00107,1,3.82
M00734,MEM00107,1,2.63
M00734,MEM00107,1,3.31
M00734,EXT00064,0,3.4
M00734,EXT00064,0,4.28
M00734,EXT00064,0,4.0
M00734,EXT00064,0,3.39
M00734,EXT00064,0,4.03
M00734,EXT00064,0,4.5
M00734,EXT00064,0,4.52
M00735,MEM00760,1,0.0
M00735,MEM00760,1,0.0
M00735,MEM00760,1,0.0
M00735,MEM00760,1,0.0
M00735,MEM00760,1,0.0
M00735,MEM00760,1,0.0
M00735,MEM00760,1,0.0
M00736,MEM00592,1,0.0
M00736,MEM00592,1,0.0
M00736,MEM00592,1,0.0
M00736,MEM00592,1,0.0
M00736,MEM00592,1,0.0
M00736,MEM00592,1,0.0
M00736,MEM00592,1,0.0
M00737,MEM00708,1,0.0
M00737,MEM00708,1,0.0
M00737,MEM00708,1,0.0
M00737,MEM00708,1,0.0
M00737,MEM00708,1,0.0
M00737,MEM00708,1,0.0
M00737,MEM00708,1,0.0
M00738,MEM00466,1,3.06
M00738,MEM00466,1,4.12
M00738,MEM00466,1,3.37
M00738,MEM00466,1,4.74
M00738,MEM00466,1,4.67
M00738,MEM00466,1,3.66
M00738,MEM00466,1,3.74
M00738,MEM00180,1,3.92
M00738,MEM00180,1,2.85
M00738,MEM00180,1,4.4
M00738,MEM00180,1,4.04
M00738,MEM00180,1,4.78
M00738,MEM00180,1,3.54
M00738,MEM00180,1,3.83
M00738,MEM00544,1,3.3
M00738,MEM00544,1,3.6
M00738,MEM00544,1,3.49
M00738,MEM00544,1,4.8
M00738,MEM00544,1,3.78
M00738,MEM00544,1,4.27
M00738,MEM00544,1,3.97
M00738,MEM00563,1,3.44
M00738,MEM00563,1,4.1
M00738,MEM00563,1,4.56
M00738,MEM00563,1,3.48
M00738,MEM00563,1,4.69
M00738,MEM00563,1,3.69
M00738,MEM00563,1,3.91
M00739,MEM00317,1,0.0
M00739,MEM00317,1,0.0
M00739,MEM00317,1,0.0
M00739,MEM00317,1,0.0
M00739,MEM00317,1,0.0
M00739,MEM00317,1,0.0
M00739,MEM00317,1,0.0
M00741,MEM00011,1,0.0
M00741,MEM00011,1,0.0
M00741,MEM00011,1,0.0
M00741,MEM00011,1,0.0
M00741,MEM00011,1,0.0
M00741,MEM00011,1,0.0
M00741,MEM00011,1,0.0
M00743,MEM00360,1,4.52
M00743,MEM00360,1,3.8
M00743,MEM00360,1,4.22
M00743,MEM00360,1,4.01
M00743,MEM00360,1,4.28
M00743,MEM00360,1,2.77
M00743,MEM00360,1,3.1
M00743,MEM00210,1,4.57
M00743,MEM00210,1,4.82
M00743,MEM00210,1,3.65
M00743,MEM00210,1,4.05
M00743,MEM00210,1,4.38
M00743,MEM00210,1,4.62
M00743,MEM00210,1,2.98
M00743,MEM00461,1,3.67
M00743,MEM00461,1,4.0
M00743,MEM00461,1,4.62
M00743,MEM00461,1,5.0
M00743,MEM00461,1,4.06
M00743,MEM00461,1,3.36
M00743,MEM00461,1,4.44
M00743,EXT00376,0,4.99
M00743,EXT00376,0,4.26
M00743,EXT00376,0,3.66
M00743,EXT00376,0,4.77
M00743,EXT00376,0,4.6
M00743,EXT00376,0,3.58
M00743,EXT00376,0,4.43
M00744,MEM00668,1,0.0
M00744,MEM00668,1,0.0
M00744,MEM00668,1,0.0
M00744,MEM00668,1,0.0
M00744,MEM00668,1,0.0
M00744,MEM00668,1,0.0
M00744,MEM00668,1,0.0
M00744,MEM00312,1,0.0
M00744,MEM00312,1,0.0
M00744,MEM00312,1,0.0
M00744,MEM00312,1,0.0
M00744,MEM00312,1,0.0
M00744,MEM00312,1,0.0
M00744,MEM00312,1,0.0
M00745,MEM00168,1,4.8
M00745,MEM00168,1,4.91
M00745,MEM00168,1,4.16
M00745,MEM00168,1,3.99
M00745,MEM00168,1,4.94
M00745,MEM00168,1,3.47
M00745,MEM00168,1,4.46
M00745,MEM00778,1,3.38
M00745,MEM00778,1,4.84
M00745,MEM00778,1,4.05
M00745,MEM00778,1,4.96
M00745,MEM00778,1,4.49
M00745,MEM00778,1,3.47
M00745,MEM00778,1,5.0
M00745,MEM00539,1,5.0
M00745,MEM00539,1,4.73
M00745,MEM00539,1,3.74
M00745,MEM00539,1,4.02
M00745,MEM00539,1,4.29
M00745,MEM00539,1,3.78
M00745,MEM00539,1,5.0
M00745,MEM00105,1,4.29
M00745,MEM00105,1,2.58
M00745,MEM00105,1,4.4
M00745,MEM00105,1,3.99
M00745,MEM00105,1,4.16
M00745,MEM00105,1,3.98
M00745,MEM00105,1,4.68
M00746,MEM00339,1,4.87
M00746,MEM00339,1,4.37
M00746,MEM00339,1,4.0
M00746,MEM00339,1,4.18
M00746,MEM00339,1,4.21
M00746,MEM00339,1,3.72
M00746,MEM00339,1,4.55
M00746,MEM00091,1,4.48
M00746,MEM00091,1,5.0
M00746,MEM00091,1,4.95
M00746,MEM00091,1,3.79
M00746,MEM00091,1,4.69
M00746,MEM00091,1,3.63
M00746,MEM00091,1,4.62
M00746,MEM00007,1,3.89
M00746,MEM00007,1,3.59
M00746,MEM00007,1,4.37
M00746,MEM00007,1,2.6
M00746,MEM00007,1,3.15
M00746,MEM00007,1,4.09
M00746,MEM00007,1,4.25
M00746,MEM00604,1,3.98
M00746,MEM00604,1,3.25
M00746,MEM00604,1,3.71
M00746,MEM00604,1,4.43
M00746,MEM00604,1,4.55
M00746,MEM00604,1,4.19
M00746,MEM00604,1,4.89
M00747,MEM00210,1,0.0
M00747,MEM00210,1,0.0
M00747,MEM00210,1,0.0
M00747,MEM00210,1,0.0
M00747,MEM00210,1,0.0
M00747,MEM00210,1,0.0
M00747,MEM00210,1,0.0
M00747,MEM00340,1,0.0
M00747,MEM00340,1,0.0
M00747,MEM00340,1,0.0
M00747,MEM00340,1,0.0
M00747,MEM00340,1,0.0
M00747,MEM00340,1,0.0
M00747,MEM00340,1,0.0
M00747,MEM00738,1,0.0
M00747,MEM00738,1,0.0
M00747,MEM00738,1,0.0
M00747,MEM00738,1,0.0
M00747,MEM00738,1,0.0
M00747,MEM00738,1,0.0
M00747,MEM00738,1,0.0
M00747,EXT00168,0,0.0
M00747,EXT00168,0,0.0
M00747,EXT00168,0,0.0
M00747,EXT00168,0,0.0
M00747,EXT00168,0,0.0
M00747,EXT00168,0,0.0
M00747,EXT00168,0,0.0
M00748,MEM00584,1,4.44
M00748,MEM00584,1,3.75
M00748,MEM00584,1,4.03
M00748,MEM00584,1,3.36
M00748,MEM00584,1,4.14
M00748,MEM00584,1,4.87
M00748,MEM00584,1,4.61
M00748,EXT00006,0,5.0
M00748,EXT00006,0,4.02
M00748,EXT00006,0,5.0
M00748,EXT00006,0,4.08
M00748,EXT00006,0,5.0
M00748,EXT00006,0,4.19
M00748,EXT00006,0,4.62
M00749,MEM00468,1,0.0
M00749,MEM00468,1,0.0
M00749,MEM00468,1,0.0
M00749,MEM00468,1,0.0
M00749,MEM00468,1,0.0
M00749,MEM00468,1,0.0
M00749,MEM00468,1,0.0
M00750,MEM00479,1,5.0
M00750,MEM00479,1,4.08
M00750,MEM00479,1,4.33
M00750,MEM00479,1,4.97
M00750,MEM00479,1,4.12
M00750,MEM00479,1,3.41
M00750,MEM00479,1,5.0
M00750,MEM00495,1,3.92
M00750,MEM00495,1,4.3
M00750,MEM00495,1,4.89
M00750,MEM00495,1,3.83
M00750,MEM00495,1,3.6
M00750,MEM00495,1,4.35
M00750,MEM00495,1,3.12
M00750,EXT00288,0,4.03
M00750,EXT00288,0,4.35
M00750,EXT00288,0,4.04
M00750,EXT00288,0,3.27
M00750,EXT00288,0,5.0
M00750,EXT00288,0,4.26
M00750,EXT00288,0,5.0
M00750,EXT00091,0,4.04
M00750,EXT00091,0,3.67
M00750,EXT00091,0,4.36
M00750,EXT00091,0,4.07
M00750,EXT00091,0,3.49
M00750,EXT00091,0,5.0
M00750,EXT00091,0,3.83
M00751,MEM00178,1,3.1
M00751,MEM00178,1,5.0
M00751,MEM00178,1,3.9
M00751,MEM00178,1,3.84
M00751,MEM00178,1,3.14
M00751,MEM00178,1,5.0
M00751,MEM00178,1,3.43
M00751,MEM00090,1,4.24
M00751,MEM00090,1,4.75
M00751,MEM00090,1,4.45
M00751,MEM00090,1,4.16
M00751,MEM00090,1,3.18
M00751,MEM00090,1,3.71
M00751,MEM00090,1,4.31
M00751,MEM00700,1,3.73
M00751,MEM00700,1,4.32
M00751,MEM00700,1,4.61
M00751,MEM00700,1,4.78
M00751,MEM00700,1,3.46
M00751,MEM00700,1,5.0
M00751,MEM00700,1,4.66
M00751,EXT00301,0,4.2
M00751,EXT00301,0,4.85
M00751,EXT00301,0,5.0
M00751,EXT00301,0,3.34
M00751,EXT00301,0,4.06
M00751,EXT00301,0,2.77
M00751,EXT00301,0,4.32
M00752,MEM00210,1,4.42
M00752,MEM00210,1,4.18
M00752,MEM00210,1,3.81
M00752,MEM00210,1,2.97
M00752,MEM00210,1,4.42
M00752,MEM00210,1,5.0
M00752,MEM00210,1,3.85
M00752,MEM00009,1,4.46
M00752,MEM00009,1,3.26
M00752,MEM00009,1,4.47
M00752,MEM00009,1,3.96
M00752,MEM00009,1,3.74
M00752,MEM00009,1,3.74
M00752,MEM00009,1,3.96
M00753,MEM00210,1,4.43
M00753,MEM00210,1,3.41
M00753,MEM00210,1,3.96
M00753,MEM00210,1,4.18
M00753,MEM00210,1,3.54
M00753,MEM00210,1,5.0
M00753,MEM00210,1,3.69
M00753,MEM00066,1,3.8
M00753,MEM00066,1,3.61
M00753,MEM00066,1,5.0
M00753,MEM00066,1,4.53
M00753,MEM00066,1,3.64
M00753,MEM00066,1,4.86
M00753,MEM00066,1,4.32
M00753,MEM00184,1,4.35
M00753,MEM00184,1,3.99
M00753,MEM00184,1,3.75
M00753,MEM00184,1,4.4
M00753,MEM00184,1,3.87
M00753,MEM00184,1,5.0
M00753,MEM00184,1,3.44
M00753,MEM00367,1,5.0
M00753,MEM00367,1,4.13
M00753,MEM00367,1,4.38
M00753,MEM00367,1,4.7
M00753,MEM00367,1,3.82
M00753,MEM00367,1,4.72
M00753,MEM00367,1,2.58
M00754,MEM00479,1,3.77
M00754,MEM00479,1,3.65
M00754,MEM00479,1,3.45
M00754,MEM00479,1,4.07
M00754,MEM00479,1,4.43
M00754,MEM00479,1,4.62
M00754,MEM00479,1,4.34
M00754,MEM00587,1,3.8
M00754,MEM00587,1,4.42
M00754,MEM00587,1,4.27
M00754,MEM00587,1,4.76
M00754,MEM00587,1,4.67
M00754,MEM00587,1,4.22
M00754,MEM00587,1,3.66
M00754,EXT00272,0,3.81
M00754,EXT00272,0,3.87
M00754,EXT00272,0,4.01
M00754,EXT00272,0,4.36
M00754,EXT00272,0,4.63
M00754,EXT00272,0,4.17
M00754,EXT00272,0,4.21
M00754,EXT00035,0,4.29
M00754,EXT00035,0,3.89
M00754,EXT00035,0,3.64
M00754,EXT00035,0,3.15
M00754,EXT00035,0,3.78
M00754,EXT00035,0,4.48
M00754,EXT00035,0,3.78
M00755,MEM00763,1,0.0
M00755,MEM00763,1,0.0
M00755,MEM00763,1,0.0
M00755,MEM00763,1,0.0
M00755,MEM00763,1,0.0
M00755,MEM00763,1,0.0
M00755,MEM00763,1,0.0
M00756,MEM00655,1,4.06
M00756,MEM00655,1,4.48
M00756,MEM00655,1,4.51
M00756,MEM00655,1,3.55
M00756,MEM00655,1,4.8
M00756,MEM00655,1,4.88
M00756,MEM00655,1,3.52
M00756,MEM00756,1,3.71
M00756,MEM00756,1,4.91
M00756,MEM00756,1,4.11
M00756,MEM00756,1,2.87
M00756,MEM00756,1,3.36
M00756,MEM00756,1,4.05
M00756,MEM00756,1,3.5
M00756,MEM00667,1,3.95
M00756,MEM00667,1,4.22
M00756,MEM00667,1,5.0
M00756,MEM00667,1,4.03
M00756,MEM00667,1,4.84
M00756,MEM00667,1,5.0
M00756,MEM00667,1,5.0
M00756,MEM00642,1,4.37
M00756,MEM00642,1,3.02
M00756,MEM00642,1,4.48
M00756,MEM00642,1,4.83
M00756,MEM00642,1,4.15
M00756,MEM00642,1,5.0
M00756,MEM00642,1,4.72
M00757,MEM00424,1,0.0
M00757,MEM00424,1,0.0
M00757,MEM00424,1,0.0
M00757,MEM00424,1,0.0
M00757,MEM00424,1,0.0
M00757,MEM00424,1,0.0
M00757,MEM00424,1,0.0
M00757,MEM00180,1,0.0
M00757,MEM00180,1,0.0
M00757,MEM00180,1,0.0
M00757,MEM00180,1,0.0
M00757,MEM00180,1,0.0
M00757,MEM00180,1,0.0
M00757,MEM00180,1,0.0
M00757,MEM00479,1,0.0
M00757,MEM00479,1,0.0
M00757,MEM00479,1,0.0
M00757,MEM00479,1,0.0
M00757,MEM00479,1,0.0
M00757,MEM00479,1,0.0
M00757,MEM00479,1,0.0
M00757,MEM00599,1,0.0
M00757,MEM00599,1,0.0
M00757,MEM00599,1,0.0
M00757,MEM00599,1,0.0
M00757,MEM00599,1,0.0
M00757,MEM00599,1,0.0
M00757,MEM00599,1,0.0
M00758,MEM00594,1,0.0
M00758,MEM00594,1,0.0
M00758,MEM00594,1,0.0
M00758,MEM00594,1,0.0
M00758,MEM00594,1,0.0
M00758,MEM00594,1,0.0
M00758,MEM00594,1,0.0
M00759,MEM00414,1,0.0
M00759,MEM00414,1,0.0
M00759,MEM00414,1,0.0
M00759,MEM00414,1,0.0
M00759,MEM00414,1,0.0
M00759,MEM00414,1,0.0
M00759,MEM00414,1,0.0
M00759,MEM00071,1,0.0
M00759,MEM00071,1,0.0
M00759,MEM00071,1,0.0
M00759,MEM00071,1,0.0
M00759,MEM00071,1,0.0
M00759,MEM00071,1,0.0
M00759,MEM00071,1,0.0
M00760,MEM00285,1,0.0
M00760,MEM00285,1,0.0
M00760,MEM00285,1,0.0
M00760,MEM00285,1,0.0
M00760,MEM00285,1,0.0
M00760,MEM00285,1,0.0
M00760,MEM00285,1,0.0
M00761,MEM00740,1,4.54
M00761,MEM00740,1,4.85
M00761,MEM00740,1,4.4
M00761,MEM00740,1,2.7
M00761,MEM00740,1,3.9
M00761,MEM00740,1,4.92
M00761,MEM00740,1,3.72
M00761,EXT00233,0,4.07
M00761,EXT00233,0,3.57
M00761,EXT00233,0,5.0
M00761,EXT00233,0,5.0
M00761,EXT00233,0,3.67
M00761,EXT00233,0,4.29
M00761,EXT00233,0,3.79
M00762,MEM00285,1,0.0
M00762,MEM00285,1,0.0
M00762,MEM00285,1,0.0
M00762,MEM00285,1,0.0
M00762,MEM00285,1,0.0
M00762,MEM00285,1,0.0
M00762,MEM00285,1,0.0
M00762,MEM00210,1,0.0
M00762,MEM00210,1,0.0
M00762,MEM00210,1,0.0
M00762,MEM00210,1,0.0
M00762,MEM00210,1,0.0
M00762,MEM00210,1,0.0
M00762,MEM00210,1,0.0
M00762,MEM00421,1,0.0
M00762,MEM00421,1,0.0
M00762,MEM00421,1,0.0
M00762,MEM00421,1,0.0
M00762,MEM00421,1,0.0
M00762,MEM00421,1,0.0
M00762,MEM00421,1,0.0
M00763,MEM00624,1,0.0
M00763,MEM00624,1,0.0
M00763,MEM00624,1,0.0
M00763,MEM00624,1,0.0
M00763,MEM00624,1,0.0
M00763,MEM00624,1,0.0
M00763,MEM00624,1,0.0
M00763,MEM00716,1,0.0
M00763,MEM00716,1,0.0
M00763,MEM00716,1,0.0
M00763,MEM00716,1,0.0
M00763,MEM00716,1,0.0
M00763,MEM00716,1,0.0
M00763,MEM00716,1,0.0
M00763,MEM00529,1,0.0
M00763,MEM00529,1,0.0
M00763,MEM00529,1,0.0
M00763,MEM00529,1,0.0
M00763,MEM00529,1,0.0
M00763,MEM00529,1,0.0
M00763,MEM00529,1,0.0
M00764,MEM00362,1,0.0
M00764,MEM00362,1,0.0
M00764,MEM00362,1,0.0
M00764,MEM00362,1,0.0
M00764,MEM00362,1,0.0
M00764,MEM00362,1,0.0
M00764,MEM00362,1,0.0
M00765,MEM00210,1,0.0
M00765,MEM00210,1,0.0
M00765,MEM00210,1,0.0
M00765,MEM00210,1,0.0
M00765,MEM00210,1,0.0
M00765,MEM00210,1,0.0
M00765,MEM00210,1,0.0
M00765,MEM00491,1,0.0
M00765,MEM00491,1,0.0
M00765,MEM00491,1,0.0
M00765,MEM00491,1,0.0
M00765,MEM00491,1,0.0
M00765,MEM00491,1,0.0
M00765,MEM00491,1,0.0
M00766,MEM00352,1,4.57
M00766,MEM00352,1,4.51
M00766,MEM00352,1,4.69
M00766,MEM00352,1,4.4
M00766,MEM00352,1,5.0
M00766,MEM00352,1,3.58
M00766,MEM00352,1,3.17
M00766,MEM00566,1,3.96
M00766,MEM00566,1,3.26
M00766,MEM00566,1,3.3
M00766,MEM00566,1,3.6
M00766,MEM00566,1,3.65
M00766,MEM00566,1,3.63
M00766,MEM00566,1,4.51
M00766,MEM00504,1,3.9
M00766,MEM00504,1,4.09
M00766,MEM00504,1,4.74
M00766,MEM00504,1,3.74
M00766,MEM00504,1,4.04
M00766,MEM00504,1,4.42
M00766,MEM00504,1,3.04
M00766,MEM00331,1,2.77
M00766,MEM00331,1,4.41
M00766,MEM00331,1,4.5
M00766,MEM00331,1,5.0
M00766,MEM00331,1,4.29
M00766,MEM00331,1,4.69
M00766,MEM00331,1,4.08
M00768,EXT00367,0,0.0
M00768,EXT00367,0,0.0
M00768,EXT00367,0,0.0
M00768,EXT00367,0,0.0
M00768,EXT00367,0,0.0
M00768,EXT00367,0,0.0
M00768,EXT00367,0,0.0
M00770,EXT00026,0,0.0
M00770,EXT00026,0,0.0
M00770,EXT00026,0,0.0
M00770,EXT00026,0,0.0
M00770,EXT00026,0,0.0
M00770,EXT00026,0,0.0
M00770,EXT00026,0,0.0
M00771,MEM00655,1,0.0
M00771,MEM00655,1,0.0
M00771,MEM00655,1,0.0
M00771,MEM00655,1,0.0
M00771,MEM00655,1,0.0
M00771,MEM00655,1,0.0
M00771,MEM00655,1,0.0
M00772,MEM00352,1,4.38
M00772,MEM00352,1,5.0
M00772,MEM00352,1,2.93
M00772,MEM00352,1,4.45
M00772,MEM00352,1,5.0
M00772,MEM00352,1,4.37
M00772,MEM00352,1,5.0
M00772,MEM00221,1,3.82
M00772,MEM00221,1,4.18
M00772,MEM00221,1,4.22
M00772,MEM00221,1,2.87
M00772,MEM00221,1,3.5
M00772,MEM00221,1,3.54
M00772,MEM00221,1,4.69
M00772,MEM00021,1,4.72
M00772,MEM00021,1,4.39
M00772,MEM00021,1,4.69
M00772,MEM00021,1,4.1
M00772,MEM00021,1,4.92
M00772,MEM00021,1,4.21
M00772,MEM00021,1,4.23
M00772,MEM00232,1,4.04
M00772,MEM00232,1,4.61
M00772,MEM00232,1,3.95
M00772,MEM00232,1,4.79
M00772,MEM00232,1,3.52
M00772,MEM00232,1,3.54
M00772,MEM00232,1,4.61
M00773,MEM00394,1,0.0
M00773,MEM00394,1,0.0
M00773,MEM00394,1,0.0
M00773,MEM00394,1,0.0
M00773,MEM00394,1,0.0
M00773,MEM00394,1,0.0
M00773,MEM00394,1,0.0
M00774,MEM00060,1,4.15
M00774,MEM00060,1,3.93
M00774,MEM00060,1,4.73
M00774,MEM00060,1,3.84
M00774,MEM00060,1,4.08
M00774,MEM00060,1,5.0
M00774,MEM00060,1,5.0
M00774,MEM00388,1,5.0
M00774,MEM00388,1,4.03
M00774,MEM00388,1,4.94
M00774,MEM00388,1,3.63
M00774,MEM00388,1,3.66
M00774,MEM00388,1,2.79
M00774,MEM00388,1,5.0
M00775,MEM00750,1,3.68
M00775,MEM00750,1,4.12
M00775,MEM00750,1,3.65
M00775,MEM00750,1,4.62
M00775,MEM00750,1,3.97
M00775,MEM00750,1,3.42
M00775,MEM00750,1,4.46
M00775,MEM00107,1,3.34
M00775,MEM00107,1,3.7
M00775,MEM00107,1,2.94
M00775,MEM00107,1,3.35
M00775,MEM00107,1,4.31
M00775,MEM00107,1,3.02
M00775,MEM00107,1,3.31
M00776,MEM00615,1,4.2
M00776,MEM00615,1,3.87
M00776,MEM00615,1,5.0
M00776,MEM00615,1,5.0
M00776,MEM00615,1,3.68
M00776,MEM00615,1,4.53
M00776,MEM00615,1,4.65
M00776,MEM00319,1,3.84
M00776,MEM00319,1,3.3
M00776,MEM00319,1,4.19
M00776,MEM00319,1,4.1
M00776,MEM00319,1,3.94
M00776,MEM00319,1,4.47
M00776,MEM00319,1,3.75
M00777,MEM00210,1,0.0
M00777,MEM00210,1,0.0
M00777,MEM00210,1,0.0
M00777,MEM00210,1,0.0
M00777,MEM00210,1,0.0
M00777,MEM00210,1,0.0
M00777,MEM00210,1,0.0
M00777,MEM00146,1,0.0
M00777,MEM00146,1,0.0
M00777,MEM00146,1,0.0
M00777,MEM00146,1,0.0
M00777,MEM00146,1,0.0
M00777,MEM00146,1,0.0
M00777,MEM00146,1,0.0
M00777,MEM00514,1,0.0
M00777,MEM00514,1,0.0
M00777,MEM00514,1,0.0
M00777,MEM00514,1,0.0
M00777,MEM00514,1,0.0
M00777,MEM00514,1,0.0
M00777,MEM00514,1,0.0
M00778,MEM00149,1,0.0
M00778,MEM00149,1,0.0
M00778,MEM00149,1,0.0
M00778,MEM00149,1,0.0
M00778,MEM00149,1,0.0
M00778,MEM00149,1,0.0
M00778,MEM00149,1,0.0
M00779,MEM00168,1,3.51
M00779,MEM00168,1,4.27
M00779,MEM00168,1,4.43
M00779,MEM00168,1,3.49
M00779,MEM00168,1,4.76
M00779,MEM00168,1,3.14
M00779,MEM00168,1,3.85
M00779,MEM00072,1,4.05
M00779,MEM00072,1,3.82
M00779,MEM00072,1,3.86
M00779,MEM00072,1,5.0
M00779,MEM00072,1,3.69
M00779,MEM00072,1,5.0
M00779,MEM00072,1,4.46
M00779,EXT00268,0,4.26
M00779,EXT00268,0,4.49
M00779,EXT00268,0,5.0
M00779,EXT00268,0,3.6
M00779,EXT00268,0,3.53
M00779,EXT00268,0,3.75
M00779,EXT00268,0,4.22
M00779,EXT00355,0,3.16
M00779,EXT00355,0,4.21
M00779,EXT00355,0,5.0
M00779,EXT00355,0,4.29
M00779,EXT00355,0,4.02
M00779,EXT00355,0,3.83
M00779,EXT00355,0,4.74
M00780,MEM00651,1,0.0
M00780,MEM00651,1,0.0
M00780,MEM00651,1,0.0
M00780,MEM00651,1,0.0
M00780,MEM00651,1,0.0
M00780,MEM00651,1,0.0
M00780,MEM00651,1,0.0
M00780,EXT00279,0,0.0
M00780,EXT00279,0,0.0
M00780,EXT00279,0,0.0
M00780,EXT00279,0,0.0
M00780,EXT00279,0,0.0
M00780,EXT00279,0,0.0
M00780,EXT00279,0,0.0
M00781,MEM00221,1,0.0
M00781,MEM00221,1,0.0
M00781,MEM00221,1,0.0
M00781,MEM00221,1,0.0
M00781,MEM00221,1,0.0
M00781,MEM00221,1,0.0
M00781,MEM00221,1,0.0
M00781,MEM00110,1,0.0
M00781,MEM00110,1,0.0
M00781,MEM00110,1,0.0
M00781,MEM00110,1,0.0
M00781,MEM00110,1,0.0
M00781,MEM00110,1,0.0
M00781,MEM00110,1,0.0
M00781,EXT00114,0,0.0
M00781,EXT00114,0,0.0
M00781,EXT00114,0,0.0
M00781,EXT00114,0,0.0
M00781,EXT00114,0,0.0
M00781,EXT00114,0,0.0
M00781,EXT00114,0,0.0
M00782,MEM00210,1,0.0
M00782,MEM00210,1,0.0
M00782,MEM00210,1,0.0
M00782,MEM00210,1,0.0
M00782,MEM00210,1,0.0
M00782,MEM00210,1,0.0
M00782,MEM00210,1,0.0
M00783,MEM00406,1,0.0
M00783,MEM00406,1,0.0
M00783,MEM00406,1,0.0
M00783,MEM00406,1,0.0
M00783,MEM00406,1,0.0
M00783,MEM00406,1,0.0
M00783,MEM00406,1,0.0
M00784,MEM00273,1,0.0
M00784,MEM00273,1,0.0
M00784,MEM00273,1,0.0
M00784,MEM00273,1,0.0
M00784,MEM00273,1,0.0
M00784,MEM00273,1,0.0
M00784,MEM00273,1,0.0
M00784,MEM00276,1,0.0
M00784,MEM00276,1,0.0
M00784,MEM00276,1,0.0
M00784,MEM00276,1,0.0
M00784,MEM00276,1,0.0
M00784,MEM00276,1,0.0
M00784,MEM00276,1,0.0
M00784,MEM00421,1,0.0
M00784,MEM00421,1,0.0
M00784,MEM00421,1,0.0
M00784,MEM00421,1,0.0
M00784,MEM00421,1,0.0
M00784,MEM00421,1,0.0
M00784,MEM00421,1,0.0
M00784,EXT00332,0,0.0
M00784,EXT00332,0,0.0
M00784,EXT00332,0,0.0
M00784,EXT00332,0,0.0
M00784,EXT00332,0,0.0
M00784,EXT00332,0,0.0
M00784,EXT00332,0,0.0
M00785,MEM00625,1,0.0
M00785,MEM00625,1,0.0
M00785,MEM00625,1,0.0
M00785,MEM00625,1,0.0
M00785,MEM00625,1,0.0
M00785,MEM00625,1,0.0
M00785,MEM00625,1,0.0
M00785,MEM00763,1,0.0
M00785,MEM00763,1,0.0
M00785,MEM00763,1,0.0
M00785,MEM00763,1,0.0
M00785,MEM00763,1,0.0
M00785,MEM00763,1,0.0
M00785,MEM00763,1,0.0
M00785,MEM00737,1,0.0
M00785,MEM00737,1,0.0
M00785,MEM00737,1,0.0
M00785,MEM00737,1,0.0
M00785,MEM00737,1,0.0
M00785,MEM00737,1,0.0
M00785,MEM00737,1,0.0
M00785,MEM00235,1,0.0
M00785,MEM00235,1,0.0
M00785,MEM00235,1,0.0
M00785,MEM00235,1,0.0
M00785,MEM00235,1,0.0
M00785,MEM00235,1,0.0
M00785,MEM00235,1,0.0
M00787,MEM00273,1,3.7
M00787,MEM00273,1,5.0
M00787,MEM00273,1,5.0
M00787,MEM00273,1,4.35
M00787,MEM00273,1,4.19
M00787,MEM00273,1,4.82
M00787,MEM00273,1,4.86
M00787,MEM00252,1,3.72
M00787,MEM00252,1,3.88
M00787,MEM00252,1,3.41
M00787,MEM00252,1,4.45
M00787,MEM00252,1,4.6
M00787,MEM00252,1,3.39
M00787,MEM00252,1,3.93
M00787,MEM00396,1,3.39
M00787,MEM00396,1,3.66
M00787,MEM00396,1,4.53
M00787,MEM00396,1,3.76
M00787,MEM00396,1,4.02
M00787,MEM00396,1,3.22
M00787,MEM00396,1,4.31
M00787,EXT00368,0,4.17
M00787,EXT00368,0,3.76
M00787,EXT00368,0,4.09
M00787,EXT00368,0,4.31
M00787,EXT00368,0,3.71
M00787,EXT00368,0,3.31
M00787,EXT00368,0,5.0
M00788,MEM00106,1,3.82
M00788,MEM00106,1,4.14
M00788,MEM00106,1,4.81
M00788,MEM00106,1,5.0
M00788,MEM00106,1,3.45
M00788,MEM00106,1,4.47
M00788,MEM00106,1,3.78
M00788,MEM00699,1,3.88
M00788,MEM00699,1,3.77
M00788,MEM00699,1,3.52
M00788,MEM00699,1,4.18
M00788,MEM00699,1,3.32
M00788,MEM00699,1,4.77
M00788,MEM00699,1,4.23
M00788,EXT00154,0,4.45
M00788,EXT00154,0,3.92
M00788,EXT00154,0,3.98
M00788,EXT00154,0,4.37
M00788,EXT00154,0,3.5
M00788,EXT00154,0,3.99
M00788,EXT00154,0,3.68
M00788,EXT00222,0,3.67
M00788,EXT00222,0,2.93
M00788,EXT00222,0,5.0
M00788,EXT00222,0,3.79
M00788,EXT00222,0,4.9
M00788,EXT00222,0,4.84
M00788,EXT00222,0,3.43
M00789,MEM00176,1,3.55
M00789,MEM00176,1,5.0
M00789,MEM00176,1,5.0
M00789,MEM00176,1,4.18
M00789,MEM00176,1,4.35
M00789,MEM00176,1,3.82
M00789,MEM00176,1,4.46
M00789,MEM00395,1,3.77
M00789,MEM00395,1,2.98
M00789,MEM00395,1,3.41
M00789,MEM00395,1,4.21
M00789,MEM00395,1,3.52
M00789,MEM00395,1,4.16
M00789,MEM00395,1,3.56
M00790,MEM00604,1,3.73
M00790,MEM00604,1,4.71
M00790,MEM00604,1,4.35
M00790,MEM00604,1,4.19
M00790,MEM00604,1,4.73
M00790,MEM00604,1,4.49
M00790,MEM00604,1,5.0
M00790,MEM00543,1,3.92
M00790,MEM00543,1,3.94
M00790,MEM00543,1,3.42
M00790,MEM00543,1,3.94
M00790,MEM00543,1,4.78
M00790,MEM00543,1,4.98
M00790,MEM00543,1,4.78
M00790,MEM00681,1,3.12
M00790,MEM00681,1,4.85
M00790,MEM00681,1,3.1
M00790,MEM00681,1,4.74
M00790,MEM00681,1,3.98
M00790,MEM00681,1,4.62
M00790,MEM00681,1,3.4
M00790,MEM00666,1,4.9
M00790,MEM00666,1,3.32
M00790,MEM00666,1,3.8
M00790,MEM00666,1,3.6
M00790,MEM00666,1,3.15
M00790,MEM00666,1,4.26
M00790,MEM00666,1,5.0
M00791,MEM00349,1,0.0
M00791,MEM00349,1,0.0
M00791,MEM00349,1,0.0
M00791,MEM00349,1,0.0
M00791,MEM00349,1,0.0
M00791,MEM00349,1,0.0
M00791,MEM00349,1,0.0
M00792,MEM00479,1,0.0
M00792,MEM00479,1,0.0
M00792,MEM00479,1,0.0
M00792,MEM00479,1,0.0
M00792,MEM00479,1,0.0
M00792,MEM00479,1,0.0
M00792,MEM00479,1,0.0
M00795,MEM00149,1,0.0
M00795,MEM00149,1,0.0
M00795,MEM00149,1,0.0
M00795,MEM00149,1,0.0
M00795,MEM00149,1,0.0
M00795,MEM00149,1,0.0
M00795,MEM00149,1,0.0
M00796,MEM00539,1,0.0
M00796,MEM00539,1,0.0
M00796,MEM00539,1,0.0
M00796,MEM00539,1,0.0
M00796,MEM00539,1,0.0
M00796,MEM00539,1,0.0
M00796,MEM00539,1,0.0
M00797,MEM00164,1,5.0
M00797,MEM00164,1,4.26
M00797,MEM00164,1,4.87
M00797,MEM00164,1,4.34
M00797,MEM00164,1,4.5
M00797,MEM00164,1,3.99
M00797,MEM00164,1,4.32
M00797,MEM00561,1,4.52
M00797,MEM00561,1,3.85
M00797,MEM00561,1,4.15
M00797,MEM00561,1,4.16
M00797,MEM00561,1,4.7
M00797,MEM00561,1,3.56
M00797,MEM00561,1,4.17
M00798,EXT00086,0,0.0
M00798,EXT00086,0,0.0
M00798,EXT00086,0,0.0
M00798,EXT00086,0,0.0
M00798,EXT00086,0,0.0
M00798,EXT00086,0,0.0
M00798,EXT00086,0,0.0
M00799,MEM00154,1,5.0
M00799,MEM00154,1,4.9
M00799,MEM00154,1,5.0
M00799,MEM00154,1,4.21
M00799,MEM00154,1,4.39
M00799,MEM00154,1,4.8
M00799,MEM00154,1,5.0
M00799,MEM00003,1,3.03
M00799,MEM00003,1,3.41
M00799,MEM00003,1,4.99
M00799,MEM00003,1,4.03
M00799,MEM00003,1,3.8
M00799,MEM00003,1,3.45
M00799,MEM00003,1,3.87
M00799,MEM00114,1,3.36
M00799,MEM00114,1,5.0
M00799,MEM00114,1,4.19
M00799,MEM00114,1,4.17
M00799,MEM00114,1,4.55
M00799,MEM00114,1,4.78
M00799,MEM00114,1,4.77
M00799,MEM00580,1,4.84
M00799,MEM00580,1,3.82
M00799,MEM00580,1,4.02
M00799,MEM00580,1,4.66
M00799,MEM00580,1,3.88
M00799,MEM00580,1,4.2
M00799,MEM00580,1,4.44
M00800,EXT00299,0,0.0
M00800,EXT00299,0,0.0
M00800,EXT00299,0,0.0
M00800,EXT00299,0,0.0
M00800,EXT00299,0,0.0
M00800,EXT00299,0,0.0
M00800,EXT00299,0,0.0
M00801,MEM00406,1,4.67
M00801,MEM00406,1,3.13
M00801,MEM00406,1,4.63
M00801,MEM00406,1,4.06
M00801,MEM00406,1,4.62
M00801,MEM00406,1,4.67
M00801,MEM00406,1,5.0
M00801,MEM00150,1,5.0
M00801,MEM00150,1,5.0
M00801,MEM00150,1,5.0
M00801,MEM00150,1,4.37
M00801,MEM00150,1,4.22
M00801,MEM00150,1,4.72
M00801,MEM00150,1,4.64
M00802,MEM00083,1,4.01
M00802,MEM00083,1,4.44
M00802,MEM00083,1,4.18
M00802,MEM00083,1,3.69
M00802,MEM00083,1,4.97
M00802,MEM00083,1,4.23
M00802,MEM00083,1,5.0
M00802,MEM00019,1,3.22
M00802,MEM00019,1,3.87
M00802,MEM00019,1,4.22
M00802,MEM00019,1,4.88
M00802,MEM00019,1,4.44
M00802,MEM00019,1,4.39
M00802,MEM00019,1,3.52
M00802,EXT00068,0,3.51
M00802,EXT00068,0,4.39
M00802,EXT00068,0,3.38
M00802,EXT00068,0,3.88
M00802,EXT00068,0,4.5
M00802,EXT00068,0,3.61
M00802,EXT00068,0,5.0
M00802,EXT00358,0,4.93
M00802,EXT00358,0,3.26
M00802,EXT00358,0,3.64
M00802,EXT00358,0,2.83
M00802,EXT00358,0,3.73
M00802,EXT00358,0,4.66
M00802,EXT00358,0,3.95
M00803,MEM00273,1,0.0
M00803,MEM00273,1,0.0
M00803,MEM00273,1,0.0
M00803,MEM00273,1,0.0
M00803,MEM00273,1,0.0
M00803,MEM00273,1,0.0
M00803,MEM00273,1,0.0
M00803,MEM00210,1,0.0
M00803,MEM00210,1,0.0
M00803,MEM00210,1,0.0
M00803,MEM00210,1,0.0
M00803,MEM00210,1,0.0
M00803,MEM00210,1,0.0
M00803,MEM00210,1,0.0
M00803,MEM00107,1,0.0
M00803,MEM00107,1,0.0
M00803,MEM00107,1,0.0
M00803,MEM00107,1,0.0
M00803,MEM00107,1,0.0
M00803,MEM00107,1,0.0
M00803,MEM00107,1,0.0
M00804,MEM00479,1,4.48
M00804,MEM00479,1,3.29
M00804,MEM00479,1,4.68
M00804,MEM00479,1,3.87
M00804,MEM00479,1,4.21
M00804,MEM00479,1,4.14
M00804,MEM00479,1,3.44
M00804,MEM00410,1,3.51
M00804,MEM00410,1,4.78
M00804,MEM00410,1,4.44
M00804,MEM00410,1,4.83
M00804,MEM00410,1,4.39
M00804,MEM00410,1,4.29
M00804,MEM00410,1,3.16
M00804,MEM00193,1,4.04
M00804,MEM00193,1,4.18
M00804,MEM00193,1,5.0
M00804,MEM00193,1,4.61
M00804,MEM00193,1,5.0
M00804,MEM00193,1,4.56
M00804,MEM00193,1,3.77
M00804,EXT00092,0,4.27
M00804,EXT00092,0,4.34
M00804,EXT00092,0,3.64
M00804,EXT00092,0,3.97
M00804,EXT00092,0,4.08
M00804,EXT00092,0,5.0
M00804,EXT00092,0,2.95
M00805,EXT00023,0,0.0
M00805,EXT00023,0,0.0
M00805,EXT00023,0,0.0
M00805,EXT00023,0,0.0
M00805,EXT00023,0,0.0
M00805,EXT00023,0,0.0
M00805,EXT00023,0,0.0
M00806,MEM00305,1,0.0
M00806,MEM00305,1,0.0
M00806,MEM00305,1,0.0
M00806,MEM00305,1,0.0
M00806,MEM00305,1,0.0
M00806,MEM00305,1,0.0
M00806,MEM00305,1,0.0
M00807,MEM00206,1,4.92
M00807,MEM00206,1,3.64
M00807,MEM00206,1,3.38
M00807,MEM00206,1,4.91
M00807,MEM00206,1,4.64
M00807,MEM00206,1,4.95
M00807,MEM00206,1,4.68
M00807,MEM00191,1,5.0
M00807,MEM00191,1,4.54
M00807,MEM00191,1,4.11
M00807,MEM00191,1,4.41
M00807,MEM00191,1,4.95
M00807,MEM00191,1,3.73
M00807,MEM00191,1,3.81
M00807,MEM00767,1,4.01
M00807,MEM00767,1,2.94
M00807,MEM00767,1,4.28
M00807,MEM00767,1,3.07
M00807,MEM00767,1,4.23
M00807,MEM00767,1,4.72
M00807,MEM00767,1,3.91
M00807,EXT00245,0,5.0
M00807,EXT00245,0,3.32
M00807,EXT00245,0,4.91
M00807,EXT00245,0,4.61
M00807,EXT00245,0,3.17
M00807,EXT00245,0,5.0
M00807,EXT00245,0,4.16
M00808,MEM00434,1,0.0
M00808,MEM00434,1,0.0
M00808,MEM00434,1,0.0
M00808,MEM00434,1,0.0
M00808,MEM00434,1,0.0
M00808,MEM00434,1,0.0
M00808,MEM00434,1,0.0
M00809,MEM00324,1,0.0
M00809,MEM00324,1,0.0
M00809,MEM00324,1,0.0
M00809,MEM00324,1,0.0
M00809,MEM00324,1,0.0
M00809,MEM00324,1,0.0
M00809,MEM00324,1,0.0
M00809,MEM00334,1,0.0
M00809,MEM00334,1,0.0
M00809,MEM00334,1,0.0
M00809,MEM00334,1,0.0
M00809,MEM00334,1,0.0
M00809,MEM00334,1,0.0
M00809,MEM00334,1,0.0
M00810,MEM00422,1,3.67
M00810,MEM00422,1,3.36
M00810,MEM00422,1,4.07
M00810,MEM00422,1,4.12
M00810,MEM00422,1,4.26
M00810,MEM00422,1,4.02
M00810,MEM00422,1,4.58
M00810,MEM00562,1,3.97
M00810,MEM00562,1,3.04
M00810,MEM00562,1,4.11
M00810,MEM00562,1,2.78
M00810,MEM00562,1,4.41
M00810,MEM00562,1,3.61
M00810,MEM00562,1,4.3
M00810,MEM00563,1,4.99
M00810,MEM00563,1,3.63
M00810,MEM00563,1,4.84
M00810,MEM00563,1,3.94
M00810,MEM00563,1,5.0
M00810,MEM00563,1,3.98
M00810,MEM00563,1,3.7
M00810,EXT00070,0,4.61
M00810,EXT00070,0,3.94
M00810,EXT00070,0,3.7
M00810,EXT00070,0,3.91
M00810,EXT00070,0,4.17
M00810,EXT00070,0,5.0
M00810,EXT00070,0,3.04
M00812,MEM00394,1,0.0
M00812,MEM00394,1,0.0
M00812,MEM00394,1,0.0
M00812,MEM00394,1,0.0
M00812,MEM00394,1,0.0
M00812,MEM00394,1,0.0
M00812,MEM00394,1,0.0
M00813,MEM00694,1,4.21
M00813,MEM00694,1,4.57
M00813,MEM00694,1,4.32
M00813,MEM00694,1,4.99
M00813,MEM00694,1,4.16
M00813,MEM00694,1,4.09
M00813,MEM00694,1,4.56
M00813,MEM00322,1,4.26
M00813,MEM00322,1,3.97
M00813,MEM00322,1,4.51
M00813,MEM00322,1,3.81
M00813,MEM00322,1,3.83
M00813,MEM00322,1,3.88
M00813,MEM00322,1,5.0
M00814,MEM00492,1,2.27
M00814,MEM00492,1,4.44
M00814,MEM00492,1,4.22
M00814,MEM00492,1,3.19
M00814,MEM00492,1,4.39
M00814,MEM00492,1,4.49
M00814,MEM00492,1,4.55
M00814,MEM00114,1,2.61
M00814,MEM00114,1,5.0
M00814,MEM00114,1,3.76
M00814,MEM00114,1,4.61
M00814,MEM00114,1,4.64
M00814,MEM00114,1,3.67
M00814,MEM00114,1,4.6
M00814,MEM00420,1,3.97
M00814,MEM00420,1,2.96
M00814,MEM00420,1,4.9
M00814,MEM00420,1,3.73
M00814,MEM00420,1,3.69
M00814,MEM00420,1,3.96
M00814,MEM00420,1,4.36
M00814,EXT00241,0,4.17
M00814,EXT00241,0,4.53
M00814,EXT00241,0,3.4
M00814,EXT00241,0,3.75
M00814,EXT00241,0,4.13
M00814,EXT00241,0,5.0
M00814,EXT00241,0,4.13
M00815,MEM00114,1,0.0
M00815,MEM00114,1,0.0
M00815,MEM00114,1,0.0
M00815,MEM00114,1,0.0
M00815,MEM00114,1,0.0
M00815,MEM00114,1,0.0
M00815,MEM00114,1,0.0
M00816,MEM00257,1,4.85
M00816,MEM00257,1,4.22
M00816,MEM00257,1,3.91
M00816,MEM00257,1,4.05
M00816,MEM00257,1,4.1
M00816,MEM00257,1,4.56
M00816,MEM00257,1,5.0
M00816,MEM00180,1,4.42
M00816,MEM00180,1,4.91
M00816,MEM00180,1,3.62
M00816,MEM00180,1,3.95
M00816,MEM00180,1,3.77
M00816,MEM00180,1,4.39
M00816,MEM00180,1,3.98
M00816,MEM00130,1,4.64
M00816,MEM00130,1,3.64
M00816,MEM00130,1,4.23
M00816,MEM00130,1,4.61
M00816,MEM00130,1,2.96
M00816,MEM00130,1,5.0
M00816,MEM00130,1,4.03
M00816,MEM00559,1,2.98
M00816,MEM00559,1,4.29
M00816,MEM00559,1,4.22
M00816,MEM00559,1,4.15
M00816,MEM00559,1,4.79
M00816,MEM00559,1,4.65
M00816,MEM00559,1,4.38
M00817,MEM00306,1,0.0
M00817,MEM00306,1,0.0
M00817,MEM00306,1,0.0
M00817,MEM00306,1,0.0
M00817,MEM00306,1,0.0
M00817,MEM00306,1,0.0
M00817,MEM00306,1,0.0
M00818,EXT00358,0,0.0
M00818,EXT00358,0,0.0
M00818,EXT00358,0,0.0
M00818,EXT00358,0,0.0
M00818,EXT00358,0,0.0
M00818,EXT00358,0,0.0
M00818,EXT00358,0,0.0
M00819,MEM00180,1,4.47
M00819,MEM00180,1,4.14
M00819,MEM00180,1,5.0
M00819,MEM00180,1,3.31
M00819,MEM00180,1,4.28
M00819,MEM00180,1,4.24
M00819,MEM00180,1,4.69
M00819,MEM00398,1,3.69
M00819,MEM00398,1,3.15
M00819,MEM00398,1,4.29
M00819,MEM00398,1,4.37
M00819,MEM00398,1,5.0
M00819,MEM00398,1,3.44
M00819,MEM00398,1,4.89
M00821,MEM00324,1,5.0
M00821,MEM00324,1,3.97
M00821,MEM00324,1,3.43
M00821,MEM00324,1,3.96
M00821,MEM00324,1,4.21
M00821,MEM00324,1,4.54
M00821,MEM00324,1,3.85
M00821,MEM00628,1,5.0
M00821,MEM00628,1,3.53
M00821,MEM00628,1,3.16
M00821,MEM00628,1,4.86
M00821,MEM00628,1,2.84
M00821,MEM00628,1,4.08
M00821,MEM00628,1,5.0
M00821,MEM00018,1,4.19
M00821,MEM00018,1,3.53
M00821,MEM00018,1,4.17
M00821,MEM00018,1,4.17
M00821,MEM00018,1,4.3
M00821,MEM00018,1,4.6
M00821,MEM00018,1,3.58
M00821,EXT00027,0,5.0
M00821,EXT00027,0,4.35
M00821,EXT00027,0,4.64
M00821,EXT00027,0,3.82
M00821,EXT00027,0,4.97
M00821,EXT00027,0,4.05
M00821,EXT00027,0,4.37
M00822,MEM00375,1,3.64
M00822,MEM00375,1,3.6
M00822,MEM00375,1,4.61
M00822,MEM00375,1,3.93
M00822,MEM00375,1,3.69
M00822,MEM00375,1,3.81
M00822,MEM00375,1,4.62
M00822,MEM00436,1,3.82
M00822,MEM00436,1,4.13
M00822,MEM00436,1,4.21
M00822,MEM00436,1,3.05
M00822,MEM00436,1,3.32
M00822,MEM00436,1,4.4
M00822,MEM00436,1,3.76
M00823,MEM00490,1,0.0
M00823,MEM00490,1,0.0
M00823,MEM00490,1,0.0
M00823,MEM00490,1,0.0
M00823,MEM00490,1,0.0
M00823,MEM00490,1,0.0
M00823,MEM00490,1,0.0
M00824,MEM00210,1,4.83
M00824,MEM00210,1,4.78
M00824,MEM00210,1,4.63
M00824,MEM00210,1,5.0
M00824,MEM00210,1,4.15
M00824,MEM00210,1,4.59
M00824,MEM00210,1,3.85
M00824,MEM00554,1,5.0
M00824,MEM00554,1,5.0
M00824,MEM00554,1,4.21
M00824,MEM00554,1,4.43
M00824,MEM00554,1,5.0
M00824,MEM00554,1,4.11
M00824,MEM00554,1,3.81
M00824,MEM00007,1,4.72
M00824,MEM00007,1,4.25
M00824,MEM00007,1,4.31
M00824,MEM00007,1,3.7
M00824,MEM00007,1,3.17
M00824,MEM00007,1,4.34
M00824,MEM00007,1,4.74
M00824,MEM00584,1,4.06
M00824,MEM00584,1,5.0
M00824,MEM00584,1,3.78
M00824,MEM00584,1,3.57
M00824,MEM00584,1,4.16
M00824,MEM00584,1,4.15
M00824,MEM00584,1,4.66
M00825,MEM00421,1,0.0
M00825,MEM00421,1,0.0
M00825,MEM00421,1,0.0
M00825,MEM00421,1,0.0
M00825,MEM00421,1,0.0
M00825,MEM00421,1,0.0
M00825,MEM00421,1,0.0
M00826,MEM00655,1,0.0
M00826,MEM00655,1,0.0
M00826,MEM00655,1,0.0
M00826,MEM00655,1,0.0
M00826,MEM00655,1,0.0
M00826,MEM00655,1,0.0
M00826,MEM00655,1,0.0
M00826,MEM00663,1,0.0
M00826,MEM00663,1,0.0
M00826,MEM00663,1,0.0
M00826,MEM00663,1,0.0
M00826,MEM00663,1,0.0
M00826,MEM00663,1,0.0
M00826,MEM00663,1,0.0
M00827,MEM00379,1,3.74
M00827,MEM00379,1,5.0
M00827,MEM00379,1,5.0
M00827,MEM00379,1,4.18
M00827,MEM00379,1,4.95
M00827,MEM00379,1,3.57
M00827,MEM00379,1,4.85
M00827,MEM00670,1,4.83
M00827,MEM00670,1,4.72
M00827,MEM00670,1,4.19
M00827,MEM00670,1,2.43
M00827,MEM00670,1,3.81
M00827,MEM00670,1,3.82
M00827,MEM00670,1,3.61
M00828,MEM00626,1,4.27
M00828,MEM00626,1,3.95
M00828,MEM00626,1,3.71
M00828,MEM00626,1,3.56
M00828,MEM00626,1,3.77
M00828,MEM00626,1,4.87
M00828,MEM00626,1,3.8
M00828,MEM00254,1,3.89
M00828,MEM00254,1,3.93
M00828,MEM00254,1,4.4
M00828,MEM00254,1,4.47
M00828,MEM00254,1,2.37
M00828,MEM00254,1,4.81
M00828,MEM00254,1,5.0
M00829,MEM00361,1,0.0
M00829,MEM00361,1,0.0
M00829,MEM00361,1,0.0
M00829,MEM00361,1,0.0
M00829,MEM00361,1,0.0
M00829,MEM00361,1,0.0
M00829,MEM00361,1,0.0
M00829,MEM00167,1,0.0
M00829,MEM00167,1,0.0
M00829,MEM00167,1,0.0
M00829,MEM00167,1,0.0
M00829,MEM00167,1,0.0
M00829,MEM00167,1,0.0
M00829,MEM00167,1,0.0
M00830,EXT00341,0,0.0
M00830,EXT00341,0,0.0
M00830,EXT00341,0,0.0
M00830,EXT00341,0,0.0
M00830,EXT00341,0,0.0
M00830,EXT00341,0,0.0
M00830,EXT00341,0,0.0
M00831,MEM00708,1,3.57
M00831,MEM00708,1,3.62
M00831,MEM00708,1,3.93
M00831,MEM00708,1,3.75
M00831,MEM00708,1,4.33
M00831,MEM00708,1,3.03
M00831,MEM00708,1,3.53
M00831,EXT00188,0,5.0
M00831,EXT00188,0,3.64
M00831,EXT00188,0,4.95
M00831,EXT00188,0,4.41
M00831,EXT00188,0,3.11
M00831,EXT00188,0,4.58
M00831,EXT00188,0,4.13
M00832,MEM00303,1,0.0
M00832,MEM00303,1,0.0
M00832,MEM00303,1,0.0
M00832,MEM00303,1,0.0
M00832,MEM00303,1,0.0
M00832,MEM00303,1,0.0
M00832,MEM00303,1,0.0
M00832,MEM00074,1,0.0
M00832,MEM00074,1,0.0
M00832,MEM00074,1,0.0
M00832,MEM00074,1,0.0
M00832,MEM00074,1,0.0
M00832,MEM00074,1,0.0
M00832,MEM00074,1,0.0
M00833,MEM00638,1,0.0
M00833,MEM00638,1,0.0
M00833,MEM00638,1,0.0
M00833,MEM00638,1,0.0
M00833,MEM00638,1,0.0
M00833,MEM00638,1,0.0
M00833,MEM00638,1,0.0
M00834,MEM00180,1,3.93
M00834,MEM00180,1,4.35
M00834,MEM00180,1,4.48
M00834,MEM00180,1,4.62
M00834,MEM00180,1,4.91
M00834,MEM00180,1,4.44
M00834,MEM00180,1,3.37
M00834,MEM00724,1,3.92
M00834,MEM00724,1,5.0
M00834,MEM00724,1,4.63
M00834,MEM00724,1,5.0
M00834,MEM00724,1,5.0
M00834,MEM00724,1,4.35
M00834,MEM00724,1,4.38
M00835,MEM00304,1,4.18
M00835,MEM00304,1,3.16
M00835,MEM00304,1,4.21
M00835,MEM00304,1,4.93
M00835,MEM00304,1,3.84
M00835,MEM00304,1,4.45
M00835,MEM00304,1,4.71
M00835,MEM00700,1,3.65
M00835,MEM00700,1,3.93
M00835,MEM00700,1,3.59
M00835,MEM00700,1,3.71
M00835,MEM00700,1,3.43
M00835,MEM00700,1,3.66
M00835,MEM00700,1,5.0
M00835,MEM00069,1,3.65
M00835,MEM00069,1,4.28
M00835,MEM00069,1,3.9
M00835,MEM00069,1,4.91
M00835,MEM00069,1,4.99
M00835,MEM00069,1,4.72
M00835,MEM00069,1,4.38
M00835,EXT00215,0,4.06
M00835,EXT00215,0,3.48
M00835,EXT00215,0,5.0
M00835,EXT00215,0,3.74
M00835,EXT00215,0,4.6
M00835,EXT00215,0,4.84
M00835,EXT00215,0,3.87
M00836,MEM00068,1,4.82
M00836,MEM00068,1,4.66
M00836,MEM00068,1,5.0
M00836,MEM00068,1,3.92
M00836,MEM00068,1,3.43
M00836,MEM00068,1,3.9
M00836,MEM00068,1,4.33
M00836,MEM00502,1,4.23
M00836,MEM00502,1,3.96
M00836,MEM00502,1,3.05
M00836,MEM00502,1,4.48
M00836,MEM00502,1,5.0
M00836,MEM00502,1,4.48
M00836,MEM00502,1,4.57
M00836,MEM00074,1,4.54
M00836,MEM00074,1,4.44
M00836,MEM00074,1,4.76
M00836,MEM00074,1,4.44
M00836,MEM00074,1,4.01
M00836,MEM00074,1,3.72
M00836,MEM00074,1,4.05
M00836,MEM00770,1,4.39
M00836,MEM00770,1,4.01
M00836,MEM00770,1,4.39
M00836,MEM00770,1,4.46
M00836,MEM00770,1,4.7
M00836,MEM00770,1,4.97
M00836,MEM00770,1,4.25
M00837,EXT00321,0,3.42
M00837,EXT00321,0,3.99
M00837,EXT00321,0,4.23
M00837,EXT00321,0,3.1
M00837,EXT00321,0,5.0
M00837,EXT00321,0,4.29
M00837,EXT00321,0,4.43
M00837,EXT00145,0,5.0
M00837,EXT00145,0,3.82
M00837,EXT00145,0,4.54
M00837,EXT00145,0,4.13
M00837,EXT00145,0,4.09
M00837,EXT00145,0,3.74
M00837,EXT00145,0,5.0
M00838,MEM00339,1,3.97
M00838,MEM00339,1,4.62
M00838,MEM00339,1,3.07
M00838,MEM00339,1,4.91
M00838,MEM00339,1,4.83
M00838,MEM00339,1,4.26
M00838,MEM00339,1,4.06
M00838,EXT00400,0,4.44
M00838,EXT00400,0,5.0
M00838,EXT00400,0,3.14
M00838,EXT00400,0,4.67
M00838,EXT00400,0,3.65
M00838,EXT00400,0,4.19
M00838,EXT00400,0,4.05
M00839,MEM00192,1,3.94
M00839,MEM00192,1,4.19
M00839,MEM00192,1,3.52
M00839,MEM00192,1,4.82
M00839,MEM00192,1,3.12
M00839,MEM00192,1,4.52
M00839,MEM00192,1,4.0
M00839,MEM00271,1,3.5
M00839,MEM00271,1,4.32
M00839,MEM00271,1,3.27
M00839,MEM00271,1,4.22
M00839,MEM00271,1,3.35
M00839,MEM00271,1,4.48
M00839,MEM00271,1,3.65
M00839,MEM00249,1,3.93
M00839,MEM00249,1,4.38
M00839,MEM00249,1,3.74
M00839,MEM00249,1,4.17
M00839,MEM00249,1,3.29
M00839,MEM00249,1,4.58
M00839,MEM00249,1,5.0
M00839,MEM00435,1,5.0
M00839,MEM00435,1,4.25
M00839,MEM00435,1,4.67
M00839,MEM00435,1,3.13
M00839,MEM00435,1,5.0
M00839,MEM00435,1,4.67
M00839,MEM00435,1,3.91
M00840,EXT00145,0,0.0
M00840,EXT00145,0,0.0
M00840,EXT00145,0,0.0
M00840,EXT00145,0,0.0
M00840,EXT00145,0,0.0
M00840,EXT00145,0,0.0
M00840,EXT00145,0,0.0
M00841,MEM00373,1,0.0
M00841,MEM00373,1,0.0
M00841,MEM00373,1,0.0
M00841,MEM00373,1,0.0
M00841,MEM00373,1,0.0
M00841,MEM00373,1,0.0
M00841,MEM00373,1,0.0
M00841,MEM00285,1,0.0
M00841,MEM00285,1,0.0
M00841,MEM00285,1,0.0
M00841,MEM00285,1,0.0
M00841,MEM00285,1,0.0
M00841,MEM00285,1,0.0
M00841,MEM00285,1,0.0
M00841,MEM00583,1,0.0
M00841,MEM00583,1,0.0
M00841,MEM00583,1,0.0
M00841,MEM00583,1,0.0
M00841,MEM00583,1,0.0
M00841,MEM00583,1,0.0
M00841,MEM00583,1,0.0
M00841,MEM00071,1,0.0
M00841,MEM00071,1,0.0
M00841,MEM00071,1,0.0
M00841,MEM00071,1,0.0
M00841,MEM00071,1,0.0
M00841,MEM00071,1,0.0
M00841,MEM00071,1,0.0
M00842,MEM00516,1,4.94
M00842,MEM00516,1,4.05
M00842,MEM00516,1,3.93
M00842,MEM00516,1,4.49
M00842,MEM00516,1,3.56
M00842,MEM00516,1,4.81
M00842,MEM00516,1,3.57
M00842,MEM00572,1,3.57
M00842,MEM00572,1,3.65
M00842,MEM00572,1,4.66
M00842,MEM00572,1,3.83
M00842,MEM00572,1,3.39
M00842,MEM00572,1,3.84
M00842,MEM00572,1,4.18
M00843,MEM00187,1,3.49
M00843,MEM00187,1,3.51
M00843,MEM00187,1,5.0
M00843,MEM00187,1,3.68
M00843,MEM00187,1,4.01
M00843,MEM00187,1,3.98
M00843,MEM00187,1,3.95
M00843,MEM00007,1,4.57
M00843,MEM00007,1,4.77
M00843,MEM00007,1,4.02
M00843,MEM00007,1,3.46
M00843,MEM00007,1,4.96
M00843,MEM00007,1,4.14
M00843,MEM00007,1,5.0
M00844,MEM00522,1,2.85
M00844,MEM00522,1,4.32
M00844,MEM00522,1,5.0
M00844,MEM00522,1,3.99
M00844,MEM00522,1,4.06
M00844,MEM00522,1,4.38
M00844,MEM00522,1,3.86
M00844,EXT00197,0,4.01
M00844,EXT00197,0,4.0
M00844,EXT00197,0,3.82
M00844,EXT00197,0,4.94
M00844,EXT00197,0,4.48
M00844,EXT00197,0,4.35
M00844,EXT00197,0,4.69
M00845,MEM00004,1,4.04
M00845,MEM00004,1,3.74
M00845,MEM00004,1,3.84
M00845,MEM00004,1,4.2
M00845,MEM00004,1,3.56
M00845,MEM00004,1,3.9
M00845,MEM00004,1,3.89
M00845,EXT00321,0,5.0
M00845,EXT00321,0,2.54
M00845,EXT00321,0,4.09
M00845,EXT00321,0,5.0
M00845,EXT00321,0,4.27
M00845,EXT00321,0,4.65
M00845,EXT00321,0,4.26
M00846,MEM00426,1,3.8
M00846,MEM00426,1,2.85
M00846,MEM00426,1,4.32
M00846,MEM00426,1,3.73
M00846,MEM00426,1,3.72
M00846,MEM00426,1,3.9
M00846,MEM00426,1,5.0
M00846,MEM00615,1,5.0
M00846,MEM00615,1,4.33
M00846,MEM00615,1,3.92
M00846,MEM00615,1,3.49
M00846,MEM00615,1,4.48
M00846,MEM00615,1,5.0
M00846,MEM00615,1,4.05
M00847,MEM00068,1,2.77
M00847,MEM00068,1,4.6
M00847,MEM00068,1,4.79
M00847,MEM00068,1,3.25
M00847,MEM00068,1,4.31
M00847,MEM00068,1,4.47
M00847,MEM00068,1,4.16
M00847,MEM00615,1,3.73
M00847,MEM00615,1,4.81
M00847,MEM00615,1,3.96
M00847,MEM00615,1,3.31
M00847,MEM00615,1,2.97
M00847,MEM00615,1,4.96
M00847,MEM00615,1,4.57
M00848,MEM00461,1,4.25
M00848,MEM00461,1,3.94
M00848,MEM00461,1,3.88
M00848,MEM00461,1,3.55
M00848,MEM00461,1,3.94
M00848,MEM00461,1,2.93
M00848,MEM00461,1,3.76
M00848,MEM00623,1,4.01
M00848,MEM00623,1,4.57
M00848,MEM00623,1,4.18
M00848,MEM00623,1,4.68
M00848,MEM00623,1,5.0
M00848,MEM00623,1,4.83
M00848,MEM00623,1,4.48
M00849,MEM00605,1,0.0
M00849,MEM00605,1,0.0
M00849,MEM00605,1,0.0
M00849,MEM00605,1,0.0
M00849,MEM00605,1,0.0
M00849,MEM00605,1,0.0
M00849,MEM00605,1,0.0
M00849,MEM00638,1,0.0
M00849,MEM00638,1,0.0
M00849,MEM00638,1,0.0
M00849,MEM00638,1,0.0
M00849,MEM00638,1,0.0
M00849,MEM00638,1,0.0
M00849,MEM00638,1,0.0
M00849,EXT00209,0,0.0
M00849,EXT00209,0,0.0
M00849,EXT00209,0,0.0
M00849,EXT00209,0,0.0
M00849,EXT00209,0,0.0
M00849,EXT00209,0,0.0
M00849,EXT00209,0,0.0
M00850,MEM00537,1,0.0
M00850,MEM00537,1,0.0
M00850,MEM00537,1,0.0
M00850,MEM00537,1,0.0
M00850,MEM00537,1,0.0
M00850,MEM00537,1,0.0
M00850,MEM00537,1,0.0
M00850,MEM00126,1,0.0
M00850,MEM00126,1,0.0
M00850,MEM00126,1,0.0
M00850,MEM00126,1,0.0
M00850,MEM00126,1,0.0
M00850,MEM00126,1,0.0
M00850,MEM00126,1,0.0
M00850,EXT00247,0,0.0
M00850,EXT00247,0,0.0
M00850,EXT00247,0,0.0
M00850,EXT00247,0,0.0
M00850,EXT00247,0,0.0
M00850,EXT00247,0,0.0
M00850,EXT00247,0,0.0
M00851,MEM00598,1,4.21
M00851,MEM00598,1,3.61
M00851,MEM00598,1,4.64
M00851,MEM00598,1,5.0
M00851,MEM00598,1,4.41
M00851,MEM00598,1,5.0
M00851,MEM00598,1,3.28
M00851,MEM00157,1,3.51
M00851,MEM00157,1,4.71
M00851,MEM00157,1,4.36
M00851,MEM00157,1,4.99
M00851,MEM00157,1,4.19
M00851,MEM00157,1,3.68
M00851,MEM00157,1,4.07
M00852,MEM00176,1,0.0
M00852,MEM00176,1,0.0
M00852,MEM00176,1,0.0
M00852,MEM00176,1,0.0
M00852,MEM00176,1,0.0
M00852,MEM00176,1,0.0
M00852,MEM00176,1,0.0
M00852,MEM00710,1,0.0
M00852,MEM00710,1,0.0
M00852,MEM00710,1,0.0
M00852,MEM00710,1,0.0
M00852,MEM00710,1,0.0
M00852,MEM00710,1,0.0
M00852,MEM00710,1,0.0
M00852,EXT00304,0,0.0
M00852,EXT00304,0,0.0
M00852,EXT00304,0,0.0
M00852,EXT00304,0,0.0
M00852,EXT00304,0,0.0
M00852,EXT00304,0,0.0
M00852,EXT00304,0,0.0
M00854,MEM00732,1,3.28
M00854,MEM00732,1,3.52
M00854,MEM00732,1,4.78
M00854,MEM00732,1,4.72
M00854,MEM00732,1,4.42
M00854,MEM00732,1,3.17
M00854,MEM00732,1,3.98
M00854,MEM00610,1,3.47
M00854,MEM00610,1,4.91
M00854,MEM00610,1,3.85
M00854,MEM00610,1,3.55
M00854,MEM00610,1,4.22
M00854,MEM00610,1,3.82
M00854,MEM00610,1,5.0
M00854,MEM00475,1,3.76
M00854,MEM00475,1,3.36
M00854,MEM00475,1,2.91
M00854,MEM00475,1,4.18
M00854,MEM00475,1,3.86
M00854,MEM00475,1,3.34
M00854,MEM00475,1,4.91
M00854,EXT00261,0,4.6
M00854,EXT00261,0,4.18
M00854,EXT00261,0,5.0
M00854,EXT00261,0,4.6
M00854,EXT00261,0,3.71
M00854,EXT00261,0,3.58
M00854,EXT00261,0,4.69
M00855,MEM00460,1,0.0
M00855,MEM00460,1,0.0
M00855,MEM00460,1,0.0
M00855,MEM00460,1,0.0
M00855,MEM00460,1,0.0
M00855,MEM00460,1,0.0
M00855,MEM00460,1,0.0
M00855,MEM00710,1,0.0
M00855,MEM00710,1,0.0
M00855,MEM00710,1,0.0
M00855,MEM00710,1,0.0
M00855,MEM00710,1,0.0
M00855,MEM00710,1,0.0
M00855,MEM00710,1,0.0
M00857,EXT00250,0,0.0
M00857,EXT00250,0,0.0
M00857,EXT00250,0,0.0
M00857,EXT00250,0,0.0
M00857,EXT00250,0,0.0
M00857,EXT00250,0,0.0
M00857,EXT00250,0,0.0
M00858,MEM00375,1,0.0
M00858,MEM00375,1,0.0
M00858,MEM00375,1,0.0
M00858,MEM00375,1,0.0
M00858,MEM00375,1,0.0
M00858,MEM00375,1,0.0
M00858,MEM00375,1,0.0
M00858,MEM00144,1,0.0
M00858,MEM00144,1,0.0
M00858,MEM00144,1,0.0
M00858,MEM00144,1,0.0
M00858,MEM00144,1,0.0
M00858,MEM00144,1,0.0
M00858,MEM00144,1,0.0
M00859,MEM00210,1,0.0
M00859,MEM00210,1,0.0
M00859,MEM00210,1,0.0
M00859,MEM00210,1,0.0
M00859,MEM00210,1,0.0
M00859,MEM00210,1,0.0
M00859,MEM00210,1,0.0
M00859,MEM00578,1,0.0
M00859,MEM00578,1,0.0
M00859,MEM00578,1,0.0
M00859,MEM00578,1,0.0
M00859,MEM00578,1,0.0
M00859,MEM00578,1,0.0
M00859,MEM00578,1,0.0
M00859,EXT00081,0,0.0
M00859,EXT00081,0,0.0
M00859,EXT00081,0,0.0
M00859,EXT00081,0,0.0
M00859,EXT00081,0,0.0
M00859,EXT00081,0,0.0
M00859,EXT00081,0,0.0
M00860,MEM00241,1,4.44
M00860,MEM00241,1,4.3
M00860,MEM00241,1,3.69
M00860,MEM00241,1,4.56
M00860,MEM00241,1,3.75
M00860,MEM00241,1,4.14
M00860,MEM00241,1,5.0
M00860,EXT00091,0,3.8
M00860,EXT00091,0,3.26
M00860,EXT00091,0,3.57
M00860,EXT00091,0,4.8
M00860,EXT00091,0,4.35
M00860,EXT00091,0,4.12
M00860,EXT00091,0,3.89
M00861,MEM00185,1,4.49
M00861,MEM00185,1,3.69
M00861,MEM00185,1,4.38
M00861,MEM00185,1,3.76
M00861,MEM00185,1,3.66
M00861,MEM00185,1,3.82
M00861,MEM00185,1,3.97
M00861,EXT00166,0,4.17
M00861,EXT00166,0,4.34
M00861,EXT00166,0,1.99
M00861,EXT00166,0,3.72
M00861,EXT00166,0,3.97
M00861,EXT00166,0,5.0
M00861,EXT00166,0,3.55
M00862,MEM00731,1,4.3
M00862,MEM00731,1,5.0
M00862,MEM00731,1,3.41
M00862,MEM00731,1,4.44
M00862,MEM00731,1,3.72
M00862,MEM00731,1,3.9
M00862,MEM00731,1,3.72
M00862,EXT00206,0,3.76
M00862,EXT00206,0,5.0
M00862,EXT00206,0,4.71
M00862,EXT00206,0,4.86
M00862,EXT00206,0,4.5
M00862,EXT00206,0,3.24
M00862,EXT00206,0,4.44
M00863,MEM00168,1,4.84
M00863,MEM00168,1,3.69
M00863,MEM00168,1,4.78
M00863,MEM00168,1,4.62
M00863,MEM00168,1,5.0
M00863,MEM00168,1,3.95
M00863,MEM00168,1,3.54
M00863,MEM00074,1,3.98
M00863,MEM00074,1,5.0
M00863,MEM00074,1,3.1
M00863,MEM00074,1,2.96
M00863,MEM00074,1,4.25
M00863,MEM00074,1,3.93
M00863,MEM00074,1,4.2
M00863,EXT00284,0,4.77
M00863,EXT00284,0,3.87
M00863,EXT00284,0,3.08
M00863,EXT00284,0,5.0
M00863,EXT00284,0,3.6
M00863,EXT00284,0,3.56
M00863,EXT00284,0,4.86
M00863,EXT00149,0,3.97
M00863,EXT00149,0,4.16
M00863,EXT00149,0,4.49
M00863,EXT00149,0,4.85
M00863,EXT00149,0,4.0
M00863,EXT00149,0,5.0
M00863,EXT00149,0,2.92
M00864,MEM00655,1,0.0
M00864,MEM00655,1,0.0
M00864,MEM00655,1,0.0
M00864,MEM00655,1,0.0
M00864,MEM00655,1,0.0
M00864,MEM00655,1,0.0
M00864,MEM00655,1,0.0
M00864,MEM00519,1,0.0
M00864,MEM00519,1,0.0
M00864,MEM00519,1,0.0
M00864,MEM00519,1,0.0
M00864,MEM00519,1,0.0
M00864,MEM00519,1,0.0
M00864,MEM00519,1,0.0
M00864,MEM00632,1,0.0
M00864,MEM00632,1,0.0
M00864,MEM00632,1,0.0
M00864,MEM00632,1,0.0
M00864,MEM00632,1,0.0
M00864,MEM00632,1,0.0
M00864,MEM00632,1,0.0
M00864,EXT00101,0,0.0
M00864,EXT00101,0,0.0
M00864,EXT00101,0,0.0
M00864,EXT00101,0,0.0
M00864,EXT00101,0,0.0
M00864,EXT00101,0,0.0
M00864,EXT00101,0,0.0
M00865,MEM00210,1,0.0
M00865,MEM00210,1,0.0
M00865,MEM00210,1,0.0
M00865,MEM00210,1,0.0
M00865,MEM00210,1,0.0
M00865,MEM00210,1,0.0
M00865,MEM00210,1,0.0
M00865,MEM00756,1,0.0
M00865,MEM00756,1,0.0
M00865,MEM00756,1,0.0
M00865,MEM00756,1,0.0
M00865,MEM00756,1,0.0
M00865,MEM00756,1,0.0
M00865,MEM00756,1,0.0
M00865,MEM00559,1,0.0
M00865,MEM00559,1,0.0
M00865,MEM00559,1,0.0
M00865,MEM00559,1,0.0
M00865,MEM00559,1,0.0
M00865,MEM00559,1,0.0
M00865,MEM00559,1,0.0
M00866,MEM00250,1,0.0
M00866,MEM00250,1,0.0
M00866,MEM00250,1,0.0
M00866,MEM00250,1,0.0
M00866,MEM00250,1,0.0
M00866,MEM00250,1,0.0
M00866,MEM00250,1,0.0
M00866,MEM00495,1,0.0
M00866,MEM00495,1,0.0
M00866,MEM00495,1,0.0
M00866,MEM00495,1,0.0
M00866,MEM00495,1,0.0
M00866,MEM00495,1,0.0
M00866,MEM00495,1,0.0
M00867,MEM00210,1,4.66
M00867,MEM00210,1,3.7
M00867,MEM00210,1,5.0
M00867,MEM00210,1,4.29
M00867,MEM00210,1,3.8
M00867,MEM00210,1,4.6
M00867,MEM00210,1,4.74
M00867,MEM00172,1,4.59
M00867,MEM00172,1,3.58
M00867,MEM00172,1,3.91
M00867,MEM00172,1,4.2
M00867,MEM00172,1,4.18
M00867,MEM00172,1,4.65
M00867,MEM00172,1,2.99
M00868,EXT00284,0,4.4
M00868,EXT00284,0,4.03
M00868,EXT00284,0,3.7
M00868,EXT00284,0,3.75
M00868,EXT00284,0,4.07
M00868,EXT00284,0,2.04
M00868,EXT00284,0,3.78
M00868,EXT00084,0,3.67
M00868,EXT00084,0,4.52
M00868,EXT00084,0,3.72
M00868,EXT00084,0,4.07
M00868,EXT00084,0,5.0
M00868,EXT00084,0,4.8
M00868,EXT00084,0,4.74
M00869,MEM00474,1,3.9
M00869,MEM00474,1,4.53
M00869,MEM00474,1,4.06
M00869,MEM00474,1,4.08
M00869,MEM00474,1,4.45
M00869,MEM00474,1,3.84
M00869,MEM00474,1,5.0
M00869,MEM00210,1,4.1
M00869,MEM00210,1,4.57
M00869,MEM00210,1,5.0
M00869,MEM00210,1,4.82
M00869,MEM00210,1,3.35
M00869,MEM00210,1,4.47
M00869,MEM00210,1,4.71
M00870,MEM00620,1,4.74
M00870,MEM00620,1,3.53
M00870,MEM00620,1,3.81
M00870,MEM00620,1,4.8
M00870,MEM00620,1,3.74
M00870,MEM00620,1,4.02
M00870,MEM00620,1,5.0
M00870,MEM00651,1,4.17
M00870,MEM00651,1,3.76
M00870,MEM00651,1,3.67
M00870,MEM00651,1,4.4
M00870,MEM00651,1,3.4
M00870,MEM00651,1,4.05
M00870,MEM00651,1,4.4
M00870,EXT00076,0,4.98
M00870,EXT00076,0,4.6
M00870,EXT00076,0,3.77
M00870,EXT00076,0,4.91
M00870,EXT00076,0,4.02
M00870,EXT00076,0,3.46
M00870,EXT00076,0,4.1
M00870,EXT00310,0,5.0
M00870,EXT00310,0,4.3
M00870,EXT00310,0,4.21
M00870,EXT00310,0,5.0
M00870,EXT00310,0,3.34
M00870,EXT00310,0,3.43
M00870,EXT00310,0,3.23
M00871,MEM00087,1,4.42
M00871,MEM00087,1,4.3
M00871,MEM00087,1,5.0
M00871,MEM00087,1,4.35
M00871,MEM00087,1,3.96
M00871,MEM00087,1,4.2
M00871,MEM00087,1,4.27
M00871,EXT00284,0,3.2
M00871,EXT00284,0,5.0
M00871,EXT00284,0,4.51
M00871,EXT00284,0,4.33
M00871,EXT00284,0,4.57
M00871,EXT00284,0,4.63
M00871,EXT00284,0,4.12
M00872,MEM00285,1,0.0
M00872,MEM00285,1,0.0
M00872,MEM00285,1,0.0
M00872,MEM00285,1,0.0
M00872,MEM00285,1,0.0
M00872,MEM00285,1,0.0
M00872,MEM00285,1,0.0
M00872,EXT00168,0,0.0
M00872,EXT00168,0,0.0
M00872,EXT00168,0,0.0
M00872,EXT00168,0,0.0
M00872,EXT00168,0,0.0
M00872,EXT00168,0,0.0
M00872,EXT00168,0,0.0
M00873,EXT00095,0,3.82
M00873,EXT00095,0,4.56
M00873,EXT00095,0,4.43
M00873,EXT00095,0,3.71
M00873,EXT00095,0,5.0
M00873,EXT00095,0,4.38
M00873,EXT00095,0,4.64
M00873,EXT00016,0,5.0
M00873,EXT00016,0,4.21
M00873,EXT00016,0,4.39
M00873,EXT00016,0,4.69
M00873,EXT00016,0,3.77
M00873,EXT00016,0,4.23
M00873,EXT00016,0,4.28
M00874,MEM00210,1,3.63
M00874,MEM00210,1,5.0
M00874,MEM00210,1,3.36
M00874,MEM00210,1,3.42
M00874,MEM00210,1,4.99
M00874,MEM00210,1,4.63
M00874,MEM00210,1,3.58
M00874,MEM00702,1,4.56
M00874,MEM00702,1,5.0
M00874,MEM00702,1,4.18
M00874,MEM00702,1,5.0
M00874,MEM00702,1,3.17
M00874,MEM00702,1,4.62
M00874,MEM00702,1,4.9
M00874,MEM00033,1,4.73
M00874,MEM00033,1,4.08
M00874,MEM00033,1,4.03
M00874,MEM00033,1,4.47
M00874,MEM00033,1,4.69
M00874,MEM00033,1,4.56
M00874,MEM00033,1,4.82
M00874,MEM00435,1,3.59
M00874,MEM00435,1,4.06
M00874,MEM00435,1,3.64
M00874,MEM00435,1,3.97
M00874,MEM00435,1,4.81
M00874,MEM00435,1,4.26
M00874,MEM00435,1,5.0
M00875,MEM00041,1,0.0
M00875,MEM00041,1,0.0
M00875,MEM00041,1,0.0
M00875,MEM00041,1,0.0
M00875,MEM00041,1,0.0
M00875,MEM00041,1,0.0
M00875,MEM00041,1,0.0
M00876,MEM00529,1,4.32
M00876,MEM00529,1,4.24
M00876,MEM00529,1,4.26
M00876,MEM00529,1,3.82
M00876,MEM00529,1,4.17
M00876,MEM00529,1,4.88
M00876,MEM00529,1,4.27
M00876,MEM00249,1,3.72
M00876,MEM00249,1,3.64
M00876,MEM00249,1,3.93
M00876,MEM00249,1,4.24
M00876,MEM00249,1,4.92
M00876,MEM00249,1,3.4
M00876,MEM00249,1,4.01
M00876,EXT00358,0,4.29
M00876,EXT00358,0,3.1
M00876,EXT00358,0,3.7
M00876,EXT00358,0,3.79
M00876,EXT00358,0,3.72
M00876,EXT00358,0,4.32
M00876,EXT00358,0,4.1
M00876,EXT00357,0,3.87
M00876,EXT00357,0,4.46
M00876,EXT00357,0,5.0
M00876,EXT00357,0,5.0
M00876,EXT00357,0,3.05
M00876,EXT00357,0,4.55
M00876,EXT00357,0,4.09
M00877,MEM00796,1,4.29
M00877,MEM00796,1,3.96
M00877,MEM00796,1,4.27
M00877,MEM00796,1,4.29
M00877,MEM00796,1,3.85
M00877,MEM00796,1,3.66
M00877,MEM00796,1,3.93
M00877,MEM00252,1,4.34
M00877,MEM00252,1,4.56
M00877,MEM00252,1,4.71
M00877,MEM00252,1,3.9
M00877,MEM00252,1,4.37
M00877,MEM00252,1,4.78
M00877,MEM00252,1,4.9
M00877,MEM00655,1,4.16
M00877,MEM00655,1,4.07
M00877,MEM00655,1,4.31
M00877,MEM00655,1,3.51
M00877,MEM00655,1,4.08
M00877,MEM00655,1,4.65
M00877,MEM00655,1,4.59
M00877,MEM00721,1,4.04
M00877,MEM00721,1,4.33
M00877,MEM00721,1,3.71
M00877,MEM00721,1,4.62
M00877,MEM00721,1,4.15
M00877,MEM00721,1,4.03
M00877,MEM00721,1,3.98
M00878,MEM00455,1,4.16
M00878,MEM00455,1,3.93
M00878,MEM00455,1,4.59
M00878,MEM00455,1,3.96
M00878,MEM00455,1,5.0
M00878,MEM00455,1,5.0
M00878,MEM00455,1,3.67
M00878,MEM00210,1,4.24
M00878,MEM00210,1,3.81
M00878,MEM00210,1,4.0
M00878,MEM00210,1,5.0
M00878,MEM00210,1,4.02
M00878,MEM00210,1,4.42
M00878,MEM00210,1,4.52
M00878,MEM00069,1,3.6
M00878,MEM00069,1,3.69
M00878,MEM00069,1,3.48
M00878,MEM00069,1,3.67
M00878,MEM00069,1,2.49
M00878,MEM00069,1,4.53
M00878,MEM00069,1,5.0
M00878,MEM00671,1,4.29
M00878,MEM00671,1,3.35
M00878,MEM00671,1,3.81
M00878,MEM00671,1,3.92
M00878,MEM00671,1,3.59
M00878,MEM00671,1,4.72
M00878,MEM00671,1,4.69
M00879,MEM00093,1,0.0
M00879,MEM00093,1,0.0
M00879,MEM00093,1,0.0
M00879,MEM00093,1,0.0
M00879,MEM00093,1,0.0
M00879,MEM00093,1,0.0
M00879,MEM00093,1,0.0
M00880,MEM00252,1,3.51
M00880,MEM00252,1,4.64
M00880,MEM00252,1,5.0
M00880,MEM00252,1,5.0
M00880,MEM00252,1,5.0
M00880,MEM00252,1,3.66
M00880,MEM00252,1,5.0
M00880,MEM00799,1,3.99
M00880,MEM00799,1,3.84
M00880,MEM00799,1,4.4
M00880,MEM00799,1,3.85
M00880,MEM00799,1,4.44
M00880,MEM00799,1,3.41
M00880,MEM00799,1,4.06
M00880,MEM00604,1,4.97
M00880,MEM00604,1,4.17
M00880,MEM00604,1,4.28
M00880,MEM00604,1,4.49
M00880,MEM00604,1,4.9
M00880,MEM00604,1,3.21
M00880,MEM00604,1,4.55
M00880,EXT00322,0,4.04
M00880,EXT00322,0,4.3
M00880,EXT00322,0,4.84
M00880,EXT00322,0,3.48
M00880,EXT00322,0,3.59
M00880,EXT00322,0,3.04
M00880,EXT00322,0,3.87
M00881,EXT00342,0,0.0
M00881,EXT00342,0,0.0
M00881,EXT00342,0,0.0
M00881,EXT00342,0,0.0
M00881,EXT00342,0,0.0
M00881,EXT00342,0,0.0
M00881,EXT00342,0,0.0
M00882,MEM00798,1,0.0
M00882,MEM00798,1,0.0
M00882,MEM00798,1,0.0
M00882,MEM00798,1,0.0
M00882,MEM00798,1,0.0
M00882,MEM00798,1,0.0
M00882,MEM00798,1,0.0
M00883,MEM00210,1,5.0
M00883,MEM00210,1,4.13
M00883,MEM00210,1,3.4
M00883,MEM00210,1,3.91
M00883,MEM00210,1,3.31
M00883,MEM00210,1,3.52
M00883,MEM00210,1,4.43
M00883,MEM00042,1,3.5
M00883,MEM00042,1,4.87
M00883,MEM00042,1,4.16
M00883,MEM00042,1,4.25
M00883,MEM00042,1,4.03
M00883,MEM00042,1,4.66
M00883,MEM00042,1,4.67
M00884,MEM00321,1,0.0
M00884,MEM00321,1,0.0
M00884,MEM00321,1,0.0
M00884,MEM00321,1,0.0
M00884,MEM00321,1,0.0
M00884,MEM00321,1,0.0
M00884,MEM00321,1,0.0
M00885,EXT00054,0,0.0
M00885,EXT00054,0,0.0
M00885,EXT00054,0,0.0
M00885,EXT00054,0,0.0
M00885,EXT00054,0,0.0
M00885,EXT00054,0,0.0
M00885,EXT00054,0,0.0
M00887,MEM00021,1,0.0
M00887,MEM00021,1,0.0
M00887,MEM00021,1,0.0
M00887,MEM00021,1,0.0
M00887,MEM00021,1,0.0
M00887,MEM00021,1,0.0
M00887,MEM00021,1,0.0
M00888,MEM00281,1,0.0
M00888,MEM00281,1,0.0
M00888,MEM00281,1,0.0
M00888,MEM00281,1,0.0
M00888,MEM00281,1,0.0
M00888,MEM00281,1,0.0
M00888,MEM00281,1,0.0
M00888,MEM00623,1,0.0
M00888,MEM00623,1,0.0
M00888,MEM00623,1,0.0
M00888,MEM00623,1,0.0
M00888,MEM00623,1,0.0
M00888,MEM00623,1,0.0
M00888,MEM00623,1,0.0
M00888,EXT00225,0,0.0
M00888,EXT00225,0,0.0
M00888,EXT00225,0,0.0
M00888,EXT00225,0,0.0
M00888,EXT00225,0,0.0
M00888,EXT00225,0,0.0
M00888,EXT00225,0,0.0
M00889,EXT00116,0,0.0
M00889,EXT00116,0,0.0
M00889,EXT00116,0,0.0
M00889,EXT00116,0,0.0
M00889,EXT00116,0,0.0
M00889,EXT00116,0,0.0
M00889,EXT00116,0,0.0
M00890,MEM00010,1,4.4
M00890,MEM00010,1,4.54
M00890,MEM00010,1,4.07
M00890,MEM00010,1,4.53
M00890,MEM00010,1,4.0
M00890,MEM00010,1,4.2
M00890,MEM00010,1,4.04
M00890,MEM00512,1,3.93
M00890,MEM00512,1,3.79
M00890,MEM00512,1,4.48
M00890,MEM00512,1,4.99
M00890,MEM00512,1,4.9
M00890,MEM00512,1,3.45
M00890,MEM00512,1,4.97
M00890,MEM00204,1,4.01
M00890,MEM00204,1,4.56
M00890,MEM00204,1,3.66
M00890,MEM00204,1,4.29
M00890,MEM00204,1,4.39
M00890,MEM00204,1,3.31
M00890,MEM00204,1,4.56
M00890,EXT00310,0,5.0
M00890,EXT00310,0,4.1
M00890,EXT00310,0,5.0
M00890,EXT00310,0,4.09
M00890,EXT00310,0,4.71
M00890,EXT00310,0,2.87
M00890,EXT00310,0,5.0
M00891,MEM00487,1,5.0
M00891,MEM00487,1,4.03
M00891,MEM00487,1,3.02
M00891,MEM00487,1,4.37
M00891,MEM00487,1,3.33
M00891,MEM00487,1,4.47
M00891,MEM00487,1,4.45
M00891,MEM00612,1,3.64
M00891,MEM00612,1,4.87
M00891,MEM00612,1,4.68
M00891,MEM00612,1,4.79
M00891,MEM00612,1,4.21
M00891,MEM00612,1,3.35
M00891,MEM00612,1,4.79
M00891,EXT00334,0,4.04
M00891,EXT00334,0,3.37
M00891,EXT00334,0,5.0
M00891,EXT00334,0,5.0
M00891,EXT00334,0,4.18
M00891,EXT00334,0,5.0
M00891,EXT00334,0,4.25
M00891,EXT00020,0,3.97
M00891,EXT00020,0,3.82
M00891,EXT00020,0,5.0
M00891,EXT00020,0,3.73
M00891,EXT00020,0,4.64
M00891,EXT00020,0,3.86
M00891,EXT00020,0,3.92
M00892,MEM00480,1,0.0
M00892,MEM00480,1,0.0
M00892,MEM00480,1,0.0
M00892,MEM00480,1,0.0
M00892,MEM00480,1,0.0
M00892,MEM00480,1,0.0
M00892,MEM00480,1,0.0
M00893,MEM00489,1,4.82
M00893,MEM00489,1,3.97
M00893,MEM00489,1,3.96
M00893,MEM00489,1,4.88
M00893,MEM00489,1,5.0
M00893,MEM00489,1,4.59
M00893,MEM00489,1,3.81
M00893,MEM00437,1,3.89
M00893,MEM00437,1,4.25
M00893,MEM00437,1,4.39
M00893,MEM00437,1,3.61
M00893,MEM00437,1,4.63
M00893,MEM00437,1,4.25
M00893,MEM00437,1,3.17
M00894,MEM00688,1,3.64
M00894,MEM00688,1,3.9
M00894,MEM00688,1,4.16
M00894,MEM00688,1,5.0
M00894,MEM00688,1,4.34
M00894,MEM00688,1,3.7
M00894,MEM00688,1,4.33
M00894,MEM00465,1,3.99
M00894,MEM00465,1,4.39
M00894,MEM00465,1,4.55
M00894,MEM00465,1,4.93
M00894,MEM00465,1,4.19
M00894,MEM00465,1,5.0
M00894,MEM00465,1,4.74
M00895,MEM00461,1,3.78
M00895,MEM00461,1,5.0
M00895,MEM00461,1,4.4
M00895,MEM00461,1,3.7
M00895,MEM00461,1,5.0
M00895,MEM00461,1,5.0
M00895,MEM00461,1,4.18
M00895,EXT00398,0,3.9
M00895,EXT00398,0,4.1
M00895,EXT00398,0,4.63
M00895,EXT00398,0,4.97
M00895,EXT00398,0,4.54
M00895,EXT00398,0,4.26
M00895,EXT00398,0,5.0
M00897,MEM00352,1,4.01
M00897,MEM00352,1,4.82
M00897,MEM00352,1,4.03
M00897,MEM00352,1,4.46
M00897,MEM00352,1,4.13
M00897,MEM00352,1,4.17
M00897,MEM00352,1,3.97
M00897,MEM00607,1,5.0
M00897,MEM00607,1,3.76
M00897,MEM00607,1,3.76
M00897,MEM00607,1,5.0
M00897,MEM00607,1,4.79
M00897,MEM00607,1,2.77
M00897,MEM00607,1,3.86
M00898,MEM00571,1,3.11
M00898,MEM00571,1,3.63
M00898,MEM00571,1,2.32
M00898,MEM00571,1,4.12
M00898,MEM00571,1,3.51
M00898,MEM00571,1,4.24
M00898,MEM00571,1,3.22
M00898,MEM00303,1,4.25
M00898,MEM00303,1,3.95
M00898,MEM00303,1,5.0
M00898,MEM00303,1,5.0
M00898,MEM00303,1,4.67
M00898,MEM00303,1,4.0
M00898,MEM00303,1,5.0
M00899,MEM00202,1,3.27
M00899,MEM00202,1,3.36
M00899,MEM00202,1,4.15
M00899,MEM00202,1,5.0
M00899,MEM00202,1,4.08
M00899,MEM00202,1,4.09
M00899,MEM00202,1,3.33
M00899,MEM00475,1,4.77
M00899,MEM00475,1,4.77
M00899,MEM00475,1,4.67
M00899,MEM00475,1,3.82
M00899,MEM00475,1,3.78
M00899,MEM00475,1,3.42
M00899,MEM00475,1,4.25
M00900,MEM00754,1,3.55
M00900,MEM00754,1,3.49
M00900,MEM00754,1,3.95
M00900,MEM00754,1,3.91
M00900,MEM00754,1,3.88
M00900,MEM00754,1,4.48
M00900,MEM00754,1,4.25
M00900,MEM00260,1,4.03
M00900,MEM00260,1,4.31
M00900,MEM00260,1,3.61
M00900,MEM00260,1,4.26
M00900,MEM00260,1,4.29
M00900,MEM00260,1,3.3
M00900,MEM00260,1,4.8
M00900,EXT00081,0,3.67
M00900,EXT00081,0,4.25
M00900,EXT00081,0,4.9
M00900,EXT00081,0,4.76
M00900,EXT00081,0,4.22
M00900,EXT00081,0,3.98
M00900,EXT00081,0,4.77
M00900,EXT00213,0,4.6
M00900,EXT00213,0,3.83
M00900,EXT00213,0,3.72
M00900,EXT00213,0,2.96
M00900,EXT00213,0,4.29
M00900,EXT00213,0,4.15
M00900,EXT00213,0,4.88
M00901,MEM00796,1,0.0
M00901,MEM00796,1,0.0
M00901,MEM00796,1,0.0
M00901,MEM00796,1,0.0
M00901,MEM00796,1,0.0
M00901,MEM00796,1,0.0
M00901,MEM00796,1,0.0
M00901,EXT00390,0,0.0
M00901,EXT00390,0,0.0
M00901,EXT00390,0,0.0
M00901,EXT00390,0,0.0
M00901,EXT00390,0,0.0
M00901,EXT00390,0,0.0
M00901,EXT00390,0,0.0
M00901,EXT00259,0,0.0
M00901,EXT00259,0,0.0
M00901,EXT00259,0,0.0
M00901,EXT00259,0,0.0
M00901,EXT00259,0,0.0
M00901,EXT00259,0,0.0
M00901,EXT00259,0,0.0
M00902,MEM00641,1,4.42
M00902,MEM00641,1,5.0
M00902,MEM00641,1,3.78
M00902,MEM00641,1,4.88
M00902,MEM00641,1,3.88
M00902,MEM00641,1,4.67
M00902,MEM00641,1,3.32
M00902,MEM00575,1,4.34
M00902,MEM00575,1,3.01
M00902,MEM00575,1,4.04
M00902,MEM00575,1,4.46
M00902,MEM00575,1,3.89
M00902,MEM00575,1,3.57
M00902,MEM00575,1,4.71
M00903,MEM00474,1,0.0
M00903,MEM00474,1,0.0
M00903,MEM00474,1,0.0
M00903,MEM00474,1,0.0
M00903,MEM00474,1,0.0
M00903,MEM00474,1,0.0
M00903,MEM00474,1,0.0
M00905,MEM00056,1,0.0
M00905,MEM00056,1,0.0
M00905,MEM00056,1,0.0
M00905,MEM00056,1,0.0
M00905,MEM00056,1,0.0
M00905,MEM00056,1,0.0
M00905,MEM00056,1,0.0
M00906,MEM00362,1,0.0
M00906,MEM00362,1,0.0
M00906,MEM00362,1,0.0
M00906,MEM00362,1,0.0
M00906,MEM00362,1,0.0
M00906,MEM00362,1,0.0
M00906,MEM00362,1,0.0
M00907,EXT00275,0,4.14
M00907,EXT00275,0,3.91
M00907,EXT00275,0,4.23
M00907,EXT00275,0,5.0
M00907,EXT00275,0,4.89
M00907,EXT00275,0,4.9
M00907,EXT00275,0,4.46
M00907,EXT00368,0,4.3
M00907,EXT00368,0,2.76
M00907,EXT00368,0,3.79
M00907,EXT00368,0,3.91
M00907,EXT00368,0,3.08
M00907,EXT00368,0,3.51
M00907,EXT00368,0,3.01
M00907,EXT00273,0,4.18
M00907,EXT00273,0,4.69
M00907,EXT00273,0,4.86
M00907,EXT00273,0,4.45
M00907,EXT00273,0,3.62
M00907,EXT00273,0,3.04
M00907,EXT00273,0,3.15
M00907,EXT00145,0,3.44
M00907,EXT00145,0,3.67
M00907,EXT00145,0,4.1
M00907,EXT00145,0,3.59
M00907,EXT00145,0,4.4
M00907,EXT00145,0,4.06
M00907,EXT00145,0,4.21
M00908,MEM00157,1,0.0
M00908,MEM00157,1,0.0
M00908,MEM00157,1,0.0
M00908,MEM00157,1,0.0
M00908,MEM00157,1,0.0
M00908,MEM00157,1,0.0
M00908,MEM00157,1,0.0
M00908,EXT00202,0,0.0
M00908,EXT00202,0,0.0
M00908,EXT00202,0,0.0
M00908,EXT00202,0,0.0
M00908,EXT00202,0,0.0
M00908,EXT00202,0,0.0
M00908,EXT00202,0,0.0
M00909,MEM00212,1,4.88
M00909,MEM00212,1,3.49
M00909,MEM00212,1,4.45
M00909,MEM00212,1,4.19
M00909,MEM00212,1,4.0
M00909,MEM00212,1,4.73
M00909,MEM00212,1,4.73
M00909,MEM00503,1,3.63
M00909,MEM00503,1,4.09
M00909,MEM00503,1,4.37
M00909,MEM00503,1,4.04
M00909,MEM00503,1,4.55
M00909,MEM00503,1,4.37
M00909,MEM00503,1,5.0
M00909,MEM00562,1,3.28
M00909,MEM00562,1,4.13
M00909,MEM00562,1,3.65
M00909,MEM00562,1,4.56
M00909,MEM00562,1,3.23
M00909,MEM00562,1,4.41
M00909,MEM00562,1,3.82
M00909,MEM00556,1,3.76
M00909,MEM00556,1,3.33
M00909,MEM00556,1,3.92
M00909,MEM00556,1,4.85
M00909,MEM00556,1,4.18
M00909,MEM00556,1,4.58
M00909,MEM00556,1,5.0
M00911,MEM00495,1,0.0
M00911,MEM00495,1,0.0
M00911,MEM00495,1,0.0
M00911,MEM00495,1,0.0
M00911,MEM00495,1,0.0
M00911,MEM00495,1,0.0
M00911,MEM00495,1,0.0
M00911,MEM00144,1,0.0
M00911,MEM00144,1,0.0
M00911,MEM00144,1,0.0
M00911,MEM00144,1,0.0
M00911,MEM00144,1,0.0
M00911,MEM00144,1,0.0
M00911,MEM00144,1,0.0
M00911,MEM00475,1,0.0
M00911,MEM00475,1,0.0
M00911,MEM00475,1,0.0
M00911,MEM00475,1,0.0
M00911,MEM00475,1,0.0
M00911,MEM00475,1,0.0
M00911,MEM00475,1,0.0
M00911,EXT00072,0,0.0
M00911,EXT00072,0,0.0
M00911,EXT00072,0,0.0
M00911,EXT00072,0,0.0
M00911,EXT00072,0,0.0
M00911,EXT00072,0,0.0
M00911,EXT00072,0,0.0
M00912,MEM00565,1,0.0
M00912,MEM00565,1,0.0
M00912,MEM00565,1,0.0
M00912,MEM00565,1,0.0
M00912,MEM00565,1,0.0
M00912,MEM00565,1,0.0
M00912,MEM00565,1,0.0
M00912,MEM00363,1,0.0
M00912,MEM00363,1,0.0
M00912,MEM00363,1,0.0
M00912,MEM00363,1,0.0
M00912,MEM00363,1,0.0
M00912,MEM00363,1,0.0
M00912,MEM00363,1,0.0
M00912,EXT00269,0,0.0
M00912,EXT00269,0,0.0
M00912,EXT00269,0,0.0
M00912,EXT00269,0,0.0
M00912,EXT00269,0,0.0
M00912,EXT00269,0,0.0
M00912,EXT00269,0,0.0
M00914,MEM00665,1,4.36
M00914,MEM00665,1,3.86
M00914,MEM00665,1,4.48
M00914,MEM00665,1,3.87
M00914,MEM00665,1,3.9
M00914,MEM00665,1,3.29
M00914,MEM00665,1,4.76
M00914,MEM00019,1,3.97
M00914,MEM00019,1,4.31
M00914,MEM00019,1,3.58
M00914,MEM00019,1,4.46
M00914,MEM00019,1,3.74
M00914,MEM00019,1,4.11
M00914,MEM00019,1,4.73
M00914,MEM00157,1,4.67
M00914,MEM00157,1,4.19
M00914,MEM00157,1,3.14
M00914,MEM00157,1,5.0
M00914,MEM00157,1,5.0
M00914,MEM00157,1,4.63
M00914,MEM00157,1,3.75
M00914,MEM00622,1,4.13
M00914,MEM00622,1,3.87
M00914,MEM00622,1,4.96
M00914,MEM00622,1,4.36
M00914,MEM00622,1,3.73
M00914,MEM00622,1,3.92
M00914,MEM00622,1,4.87
M00915,MEM00479,1,0.0
M00915,MEM00479,1,0.0
M00915,MEM00479,1,0.0
M00915,MEM00479,1,0.0
M00915,MEM00479,1,0.0
M00915,MEM00479,1,0.0
M00915,MEM00479,1,0.0
M00916,MEM00562,1,0.0
M00916,MEM00562,1,0.0
M00916,MEM00562,1,0.0
M00916,MEM00562,1,0.0
M00916,MEM00562,1,0.0
M00916,MEM00562,1,0.0
M00916,MEM00562,1,0.0
M00917,MEM00768,1,5.0
M00917,MEM00768,1,5.0
M00917,MEM00768,1,4.65
M00917,MEM00768,1,4.05
M00917,MEM00768,1,2.26
M00917,MEM00768,1,4.38
M00917,MEM00768,1,4.2
M00917,MEM00666,1,4.28
M00917,MEM00666,1,4.23
M00917,MEM00666,1,3.4
M00917,MEM00666,1,4.53
M00917,MEM00666,1,4.58
M00917,MEM00666,1,4.61
M00917,MEM00666,1,4.77
M00917,MEM00637,1,4.56
M00917,MEM00637,1,3.95
M00917,MEM00637,1,4.16
M00917,MEM00637,1,4.25
M00917,MEM00637,1,4.26
M00917,MEM00637,1,4.8
M00917,MEM00637,1,4.59
M00917,EXT00214,0,5.0
M00917,EXT00214,0,5.0
M00917,EXT00214,0,4.25
M00917,EXT00214,0,1.9
M00917,EXT00214,0,4.94
M00917,EXT00214,0,3.88
M00917,EXT00214,0,3.72
M00918,MEM00313,1,3.96
M00918,MEM00313,1,3.93
M00918,MEM00313,1,4.57
M00918,MEM00313,1,3.26
M00918,MEM00313,1,3.55
M00918,MEM00313,1,4.41
M00918,MEM00313,1,4.57
M00918,MEM00387,1,4.58
M00918,MEM00387,1,3.73
M00918,MEM00387,1,3.61
M00918,MEM00387,1,3.9
M00918,MEM00387,1,4.34
M00918,MEM00387,1,5.0
M00918,MEM00387,1,2.97
M00919,MEM00142,1,4.07
M00919,MEM00142,1,3.4
M00919,MEM00142,1,3.21
M00919,MEM00142,1,4.78
M00919,MEM00142,1,4.53
M00919,MEM00142,1,4.47
M00919,MEM00142,1,4.75
M00919,MEM00451,1,3.91
M00919,MEM00451,1,3.94
M00919,MEM00451,1,5.0
M00919,MEM00451,1,4.05
M00919,MEM00451,1,4.64
M00919,MEM00451,1,4.2
M00919,MEM00451,1,3.09
M00920,MEM00212,1,0.0
M00920,MEM00212,1,0.0
M00920,MEM00212,1,0.0
M00920,MEM00212,1,0.0
M00920,MEM00212,1,0.0
M00920,MEM00212,1,0.0
M00920,MEM00212,1,0.0
M00921,MEM00740,1,0.0
M00921,MEM00740,1,0.0
M00921,MEM00740,1,0.0
M00921,MEM00740,1,0.0
M00921,MEM00740,1,0.0
M00921,MEM00740,1,0.0
M00921,MEM00740,1,0.0
M00922,MEM00461,1,0.0
M00922,MEM00461,1,0.0
M00922,MEM00461,1,0.0
M00922,MEM00461,1,0.0
M00922,MEM00461,1,0.0
M00922,MEM00461,1,0.0
M00922,MEM00461,1,0.0
M00923,MEM00474,1,0.0
M00923,MEM00474,1,0.0
M00923,MEM00474,1,0.0
M00923,MEM00474,1,0.0
M00923,MEM00474,1,0.0
M00923,MEM00474,1,0.0
M00923,MEM00474,1,0.0
M00924,MEM00273,1,0.0
M00924,MEM00273,1,0.0
M00924,MEM00273,1,0.0
M00924,MEM00273,1,0.0
M00924,MEM00273,1,0.0
M00924,MEM00273,1,0.0
M00924,MEM00273,1,0.0
M00925,MEM00056,1,2.97
M00925,MEM00056,1,3.85
M00925,MEM00056,1,4.83
M00925,MEM00056,1,4.67
M00925,MEM00056,1,4.75
M00925,MEM00056,1,3.61
M00925,MEM00056,1,5.0
M00925,EXT00017,0,3.62
M00925,EXT00017,0,4.33
M00925,EXT00017,0,4.19
M00925,EXT00017,0,4.1
M00925,EXT00017,0,5.0
M00925,EXT00017,0,3.78
M00925,EXT00017,0,3.39
M00926,MEM00083,1,4.21
M00926,MEM00083,1,3.96
M00926,MEM00083,1,5.0
M00926,MEM00083,1,4.61
M00926,MEM00083,1,3.95
M00926,MEM00083,1,3.57
M00926,MEM00083,1,3.07
M00926,MEM00328,1,3.58
M00926,MEM00328,1,4.27
M00926,MEM00328,1,5.0
M00926,MEM00328,1,4.87
M00926,MEM00328,1,4.34
M00926,MEM00328,1,4.01
M00926,MEM00328,1,4.36
M00926,MEM00479,1,3.89
M00926,MEM00479,1,5.0
M00926,MEM00479,1,4.09
M00926,MEM00479,1,4.15
M00926,MEM00479,1,2.87
M00926,MEM00479,1,4.08
M00926,MEM00479,1,4.7
M00926,EXT00355,0,3.56
M00926,EXT00355,0,3.75
M00926,EXT00355,0,4.68
M00926,EXT00355,0,3.31
M00926,EXT00355,0,4.83
M00926,EXT00355,0,3.88
M00926,EXT00355,0,3.97
M00927,MEM00708,1,0.0
M00927,MEM00708,1,0.0
M00927,MEM00708,1,0.0
M00927,MEM00708,1,0.0
M00927,MEM00708,1,0.0
M00927,MEM00708,1,0.0
M00927,MEM00708,1,0.0
M00928,MEM00519,1,0.0
M00928,MEM00519,1,0.0
M00928,MEM00519,1,0.0
M00928,MEM00519,1,0.0
M00928,MEM00519,1,0.0
M00928,MEM00519,1,0.0
M00928,MEM00519,1,0.0
M00929,MEM00180,1,3.53
M00929,MEM00180,1,4.43
M00929,MEM00180,1,5.0
M00929,MEM00180,1,4.67
M00929,MEM00180,1,3.68
M00929,MEM00180,1,4.88
M00929,MEM00180,1,4.01
M00929,MEM00686,1,5.0
M00929,MEM00686,1,4.68
M00929,MEM00686,1,2.43
M00929,MEM00686,1,3.6
M00929,MEM00686,1,4.77
M00929,MEM00686,1,4.29
M00929,MEM00686,1,3.59
M00930,MEM00708,1,0.0
M00930,MEM00708,1,0.0
M00930,MEM00708,1,0.0
M00930,MEM00708,1,0.0
M00930,MEM00708,1,0.0
M00930,MEM00708,1,0.0
M00930,MEM00708,1,0.0
M00931,MEM00178,1,0.0
M00931,MEM00178,1,0.0
M00931,MEM00178,1,0.0
M00931,MEM00178,1,0.0
M00931,MEM00178,1,0.0
M00931,MEM00178,1,0.0
M00931,MEM00178,1,0.0
M00931,MEM00593,1,0.0
M00931,MEM00593,1,0.0
M00931,MEM00593,1,0.0
M00931,MEM00593,1,0.0
M00931,MEM00593,1,0.0
M00931,MEM00593,1,0.0
M00931,MEM00593,1,0.0
M00932,MEM00221,1,3.82
M00932,MEM00221,1,3.06
M00932,MEM00221,1,4.15
M00932,MEM00221,1,5.0
M00932,MEM00221,1,4.68
M00932,MEM00221,1,5.0
M00932,MEM00221,1,4.73
M00932,MEM00798,1,4.82
M00932,MEM00798,1,5.0
M00932,MEM00798,1,4.43
M00932,MEM00798,1,4.09
M00932,MEM00798,1,4.82
M00932,MEM00798,1,5.0
M00932,MEM00798,1,3.91
M00932,MEM00637,1,3.77
M00932,MEM00637,1,4.28
M00932,MEM00637,1,4.7
M00932,MEM00637,1,4.68
M00932,MEM00637,1,3.35
M00932,MEM00637,1,5.0
M00932,MEM00637,1,3.82
M00932,MEM00032,1,4.04
M00932,MEM00032,1,3.66
M00932,MEM00032,1,5.0
M00932,MEM00032,1,4.35
M00932,MEM00032,1,3.69
M00932,MEM00032,1,4.72
M00932,MEM00032,1,4.66
M00933,MEM00717,1,0.0
M00933,MEM00717,1,0.0
M00933,MEM00717,1,0.0
M00933,MEM00717,1,0.0
M00933,MEM00717,1,0.0
M00933,MEM00717,1,0.0
M00933,MEM00717,1,0.0
M00934,MEM00774,1,4.09
M00934,MEM00774,1,4.7
M00934,MEM00774,1,3.7
M00934,MEM00774,1,3.9
M00934,MEM00774,1,2.99
M00934,MEM00774,1,3.41
M00934,MEM00774,1,5.0
M00934,MEM00484,1,5.0
M00934,MEM00484,1,4.24
M00934,MEM00484,1,5.0
M00934,MEM00484,1,4.1
M00934,MEM00484,1,4.05
M00934,MEM00484,1,4.23
M00934,MEM00484,1,4.13
M00935,EXT00187,0,0.0
M00935,EXT00187,0,0.0
M00935,EXT00187,0,0.0
M00935,EXT00187,0,0.0
M00935,EXT00187,0,0.0
M00935,EXT00187,0,0.0
M00935,EXT00187,0,0.0
M00936,MEM00673,1,4.07
M00936,MEM00673,1,4.89
M00936,MEM00673,1,4.29
M00936,MEM00673,1,4.63
M00936,MEM00673,1,4.82
M00936,MEM00673,1,4.43
M00936,MEM00673,1,3.62
M00936,MEM00069,1,3.39
M00936,MEM00069,1,4.29
M00936,MEM00069,1,4.1
M00936,MEM00069,1,4.25
M00936,MEM00069,1,4.19
M00936,MEM00069,1,5.0
M00936,MEM00069,1,3.4
M00936,MEM00254,1,3.01
M00936,MEM00254,1,4.4
M00936,MEM00254,1,3.97
M00936,MEM00254,1,4.39
M00936,MEM00254,1,4.55
M00936,MEM00254,1,4.97
M00936,MEM00254,1,3.3
M00936,MEM00066,1,3.87
M00936,MEM00066,1,4.46
M00936,MEM00066,1,4.66
M00936,MEM00066,1,5.0
M00936,MEM00066,1,4.77
M00936,MEM00066,1,4.17
M00936,MEM00066,1,3.67
M00937,MEM00651,1,0.0
M00937,MEM00651,1,0.0
M00937,MEM00651,1,0.0
M00937,MEM00651,1,0.0
M00937,MEM00651,1,0.0
M00937,MEM00651,1,0.0
M00937,MEM00651,1,0.0
M00937,MEM00775,1,0.0
M00937,MEM00775,1,0.0
M00937,MEM00775,1,0.0
M00937,MEM00775,1,0.0
M00937,MEM00775,1,0.0
M00937,MEM00775,1,0.0
M00937,MEM00775,1,0.0
M00937,EXT00340,0,0.0
M00937,EXT00340,0,0.0
M00937,EXT00340,0,0.0
M00937,EXT00340,0,0.0
M00937,EXT00340,0,0.0
M00937,EXT00340,0,0.0
M00937,EXT00340,0,0.0
M00938,MEM00083,1,3.86
M00938,MEM00083,1,3.84
M00938,MEM00083,1,4.59
M00938,MEM00083,1,4.35
M00938,MEM00083,1,3.41
M00938,MEM00083,1,3.94
M00938,MEM00083,1,4.73
M00938,MEM00756,1,4.41
M00938,MEM00756,1,4.54
M00938,MEM00756,1,4.43
M00938,MEM00756,1,5.0
M00938,MEM00756,1,4.34
M00938,MEM00756,1,3.97
M00938,MEM00756,1,3.65
M00938,MEM00300,1,4.35
M00938,MEM00300,1,2.74
M00938,MEM00300,1,4.09
M00938,MEM00300,1,4.08
M00938,MEM00300,1,3.38
M00938,MEM00300,1,3.64
M00938,MEM00300,1,4.69
M00938,EXT00027,0,4.34
M00938,EXT00027,0,4.26
M00938,EXT00027,0,4.38
M00938,EXT00027,0,4.26
M00938,EXT00027,0,4.95
M00938,EXT00027,0,4.27
M00938,EXT00027,0,3.33
M00939,MEM00180,1,0.0
M00939,MEM00180,1,0.0
M00939,MEM00180,1,0.0
M00939,MEM00180,1,0.0
M00939,MEM00180,1,0.0
M00939,MEM00180,1,0.0
M00939,MEM00180,1,0.0
M00940,MEM00375,1,0.0
M00940,MEM00375,1,0.0
M00940,MEM00375,1,0.0
M00940,MEM00375,1,0.0
M00940,MEM00375,1,0.0
M00940,MEM00375,1,0.0
M00940,MEM00375,1,0.0
M00940,MEM00202,1,0.0
M00940,MEM00202,1,0.0
M00940,MEM00202,1,0.0
M00940,MEM00202,1,0.0
M00940,MEM00202,1,0.0
M00940,MEM00202,1,0.0
M00940,MEM00202,1,0.0
M00940,EXT00099,0,0.0
M00940,EXT00099,0,0.0
M00940,EXT00099,0,0.0
M00940,EXT00099,0,0.0
M00940,EXT00099,0,0.0
M00940,EXT00099,0,0.0
M00940,EXT00099,0,0.0
M00940,EXT00044,0,0.0
M00940,EXT00044,0,0.0
M00940,EXT00044,0,0.0
M00940,EXT00044,0,0.0
M00940,EXT00044,0,0.0
M00940,EXT00044,0,0.0
M00940,EXT00044,0,0.0
M00941,MEM00157,1,5.0
M00941,MEM00157,1,4.42
M00941,MEM00157,1,3.85
M00941,MEM00157,1,3.45
M00941,MEM00157,1,4.44
M00941,MEM00157,1,4.13
M00941,MEM00157,1,5.0
M00941,MEM00136,1,3.99
M00941,MEM00136,1,3.7
M00941,MEM00136,1,4.74
M00941,MEM00136,1,4.76
M00941,MEM00136,1,4.3
M00941,MEM00136,1,4.61
M00941,MEM00136,1,4.18
M00943,MEM00774,1,4.34
M00943,MEM00774,1,4.9
M00943,MEM00774,1,4.58
M00943,MEM00774,1,4.1
M00943,MEM00774,1,5.0
M00943,MEM00774,1,2.78
M00943,MEM00774,1,5.0
M00943,MEM00610,1,3.18
M00943,MEM00610,1,3.82
M00943,MEM00610,1,4.18
M00943,MEM00610,1,4.11
M00943,MEM00610,1,4.8
M00943,MEM00610,1,3.57
M00943,MEM00610,1,4.36
M00944,MEM00350,1,0.0
M00944,MEM00350,1,0.0
M00944,MEM00350,1,0.0
M00944,MEM00350,1,0.0
M00944,MEM00350,1,0.0
M00944,MEM00350,1,0.0
M00944,MEM00350,1,0.0
M00944,MEM00213,1,0.0
M00944,MEM00213,1,0.0
M00944,MEM00213,1,0.0
M00944,MEM00213,1,0.0
M00944,MEM00213,1,0.0
M00944,MEM00213,1,0.0
M00944,MEM00213,1,0.0
M00944,MEM00770,1,0.0
M00944,MEM00770,1,0.0
M00944,MEM00770,1,0.0
M00944,MEM00770,1,0.0
M00944,MEM00770,1,0.0
M00944,MEM00770,1,0.0
M00944,MEM00770,1,0.0
M00945,MEM00632,1,0.0
M00945,MEM00632,1,0.0
M00945,MEM00632,1,0.0
M00945,MEM00632,1,0.0
M00945,MEM00632,1,0.0
M00945,MEM00632,1,0.0
M00945,MEM00632,1,0.0
M00946,MEM00252,1,0.0
M00946,MEM00252,1,0.0
M00946,MEM00252,1,0.0
M00946,MEM00252,1,0.0
M00946,MEM00252,1,0.0
M00946,MEM00252,1,0.0
M00946,MEM00252,1,0.0
M00947,MEM00230,1,0.0
M00947,MEM00230,1,0.0
M00947,MEM00230,1,0.0
M00947,MEM00230,1,0.0
M00947,MEM00230,1,0.0
M00947,MEM00230,1,0.0
M00947,MEM00230,1,0.0
M00948,MEM00122,1,3.85
M00948,MEM00122,1,4.38
M00948,MEM00122,1,4.16
M00948,MEM00122,1,4.26
M00948,MEM00122,1,3.87
M00948,MEM00122,1,3.89
M00948,MEM00122,1,4.37
M00948,MEM00204,1,4.77
M00948,MEM00204,1,3.84
M00948,MEM00204,1,3.68
M00948,MEM00204,1,4.57
M00948,MEM00204,1,4.18
M00948,MEM00204,1,4.7
M00948,MEM00204,1,3.66
M00948,EXT00095,0,3.13
M00948,EXT00095,0,3.88
M00948,EXT00095,0,3.74
M00948,EXT00095,0,4.15
M00948,EXT00095,0,3.82
M00948,EXT00095,0,4.64
M00948,EXT00095,0,4.03
M00948,EXT00135,0,4.29
M00948,EXT00135,0,4.29
M00948,EXT00135,0,4.32
M00948,EXT00135,0,4.19
M00948,EXT00135,0,4.51
M00948,EXT00135,0,3.72
M00948,EXT00135,0,5.0
M00949,MEM00540,1,0.0
M00949,MEM00540,1,0.0
M00949,MEM00540,1,0.0
M00949,MEM00540,1,0.0
M00949,MEM00540,1,0.0
M00949,MEM00540,1,0.0
M00949,MEM00540,1,0.0
M00950,MEM00066,1,0.0
M00950,MEM00066,1,0.0
M00950,MEM00066,1,0.0
M00950,MEM00066,1,0.0
M00950,MEM00066,1,0.0
M00950,MEM00066,1,0.0
M00950,MEM00066,1,0.0
M00951,MEM00262,1,4.06
M00951,MEM00262,1,3.41
M00951,MEM00262,1,4.31
M00951,MEM00262,1,3.69
M00951,MEM00262,1,4.6
M00951,MEM00262,1,5.0
M00951,MEM00262,1,3.73
M00951,MEM00180,1,4.4
M00951,MEM00180,1,3.15
M00951,MEM00180,1,4.47
M00951,MEM00180,1,3.67
M00951,MEM00180,1,3.83
M00951,MEM00180,1,3.54
M00951,MEM00180,1,4.64
M00951,MEM00136,1,4.8
M00951,MEM00136,1,4.21
M00951,MEM00136,1,3.68
M00951,MEM00136,1,5.0
M00951,MEM00136,1,3.75
M00951,MEM00136,1,2.9
M00951,MEM00136,1,4.48
M00951,MEM00643,1,3.54
M00951,MEM00643,1,4.79
M00951,MEM00643,1,3.97
M00951,MEM00643,1,4.56
M00951,MEM00643,1,5.0
M00951,MEM00643,1,3.47
M00951,MEM00643,1,3.86
M00952,MEM00689,1,0.0
M00952,MEM00689,1,0.0
M00952,MEM00689,1,0.0
M00952,MEM00689,1,0.0
M00952,MEM00689,1,0.0
M00952,MEM00689,1,0.0
M00952,MEM00689,1,0.0
M00953,MEM00142,1,4.15
M00953,MEM00142,1,5.0
M00953,MEM00142,1,3.8
M00953,MEM00142,1,3.84
M00953,MEM00142,1,4.49
M00953,MEM00142,1,3.85
M00953,MEM00142,1,4.29
M00953,MEM00082,1,3.27
M00953,MEM00082,1,5.0
M00953,MEM00082,1,3.39
M00953,MEM00082,1,4.01
M00953,MEM00082,1,4.18
M00953,MEM00082,1,5.0
M00953,MEM00082,1,3.41
M00954,MEM00379,1,0.0
M00954,MEM00379,1,0.0
M00954,MEM00379,1,0.0
M00954,MEM00379,1,0.0
M00954,MEM00379,1,0.0
M00954,MEM00379,1,0.0
M00954,MEM00379,1,0.0
M00955,MEM00234,1,0.0
M00955,MEM00234,1,0.0
M00955,MEM00234,1,0.0
M00955,MEM00234,1,0.0
M00955,MEM00234,1,0.0
M00955,MEM00234,1,0.0
M00955,MEM00234,1,0.0
M00956,EXT00224,0,0.0
M00956,EXT00224,0,0.0
M00956,EXT00224,0,0.0
M00956,EXT00224,0,0.0
M00956,EXT00224,0,0.0
M00956,EXT00224,0,0.0
M00956,EXT00224,0,0.0
M00956,EXT00321,0,0.0
M00956,EXT00321,0,0.0
M00956,EXT00321,0,0.0
M00956,EXT00321,0,0.0
M00956,EXT00321,0,0.0
M00956,EXT00321,0,0.0
M00956,EXT00321,0,0.0
M00957,MEM00126,1,0.0
M00957,MEM00126,1,0.0
M00957,MEM00126,1,0.0
M00957,MEM00126,1,0.0
M00957,MEM00126,1,0.0
M00957,MEM00126,1,0.0
M00957,MEM00126,1,0.0
M00958,MEM00396,1,5.0
M00958,MEM00396,1,4.65
M00958,MEM00396,1,4.45
M00958,MEM00396,1,3.61
M00958,MEM00396,1,4.54
M00958,MEM00396,1,3.77
M00958,MEM00396,1,4.96
M00958,MEM00461,1,3.62
M00958,MEM00461,1,4.13
M00958,MEM00461,1,3.87
M00958,MEM00461,1,3.61
M00958,MEM00461,1,4.64
M00958,MEM00461,1,4.52
M00958,MEM00461,1,4.93
M00959,MEM00488,1,3.13
M00959,MEM00488,1,4.84
M00959,MEM00488,1,5.0
M00959,MEM00488,1,3.93
M00959,MEM00488,1,5.0
M00959,MEM00488,1,4.04
M00959,MEM00488,1,3.38
M00959,MEM00133,1,4.02
M00959,MEM00133,1,4.83
M00959,MEM00133,1,3.7
M00959,MEM00133,1,3.84
M00959,MEM00133,1,4.56
M00959,MEM00133,1,4.2
M00959,MEM00133,1,4.55
M00960,MEM00210,1,4.34
M00960,MEM00210,1,4.49
M00960,MEM00210,1,3.94
M00960,MEM00210,1,4.34
M00960,MEM00210,1,3.64
M00960,MEM00210,1,4.97
M00960,MEM00210,1,3.82
M00960,MEM00386,1,4.88
M00960,MEM00386,1,4.06
M00960,MEM00386,1,4.32
M00960,MEM00386,1,3.9
M00960,MEM00386,1,3.59
M00960,MEM00386,1,3.15
M00960,MEM00386,1,3.57
M00961,MEM00082,1,0.0
M00961,MEM00082,1,0.0
M00961,MEM00082,1,0.0
M00961,MEM00082,1,0.0
M00961,MEM00082,1,0.0
M00961,MEM00082,1,0.0
M00961,MEM00082,1,0.0
M00961,MEM00367,1,0.0
M00961,MEM00367,1,0.0
M00961,MEM00367,1,0.0
M00961,MEM00367,1,0.0
M00961,MEM00367,1,0.0
M00961,MEM00367,1,0.0
M00961,MEM00367,1,0.0
M00962,MEM00235,1,0.0
M00962,MEM00235,1,0.0
M00962,MEM00235,1,0.0
M00962,MEM00235,1,0.0
M00962,MEM00235,1,0.0
M00962,MEM00235,1,0.0
M00962,MEM00235,1,0.0
M00964,MEM00655,1,0.0
M00964,MEM00655,1,0.0
M00964,MEM00655,1,0.0
M00964,MEM00655,1,0.0
M00964,MEM00655,1,0.0
M00964,MEM00655,1,0.0
M00964,MEM00655,1,0.0
M00964,MEM00060,1,0.0
M00964,MEM00060,1,0.0
M00964,MEM00060,1,0.0
M00964,MEM00060,1,0.0
M00964,MEM00060,1,0.0
M00964,MEM00060,1,0.0
M00964,MEM00060,1,0.0
M00965,MEM00324,1,4.01
M00965,MEM00324,1,4.33
M00965,MEM00324,1,4.81
M00965,MEM00324,1,3.93
M00965,MEM00324,1,3.67
M00965,MEM00324,1,3.33
M00965,MEM00324,1,4.49
M00965,MEM00366,1,5.0
M00965,MEM00366,1,4.96
M00965,MEM00366,1,4.63
M00965,MEM00366,1,4.58
M00965,MEM00366,1,5.0
M00965,MEM00366,1,4.4
M00965,MEM00366,1,4.59
M00965,MEM00584,1,4.01
M00965,MEM00584,1,3.38
M00965,MEM00584,1,3.79
M00965,MEM00584,1,4.19
M00965,MEM00584,1,4.24
M00965,MEM00584,1,5.0
M00965,MEM00584,1,4.25
M00965,EXT00226,0,4.91
M00965,EXT00226,0,3.94
M00965,EXT00226,0,4.01
M00965,EXT00226,0,3.4
M00965,EXT00226,0,3.75
M00965,EXT00226,0,4.52
M00965,EXT00226,0,4.2
M00966,MEM00530,1,0.0
M00966,MEM00530,1,0.0
M00966,MEM00530,1,0.0
M00966,MEM00530,1,0.0
M00966,MEM00530,1,0.0
M00966,MEM00530,1,0.0
M00966,MEM00530,1,0.0
M00967,MEM00619,1,4.77
M00967,MEM00619,1,4.31
M00967,MEM00619,1,3.99
M00967,MEM00619,1,5.0
M00967,MEM00619,1,4.14
M00967,MEM00619,1,4.9
M00967,MEM00619,1,3.96
M00967,MEM00686,1,4.63
M00967,MEM00686,1,4.76
M00967,MEM00686,1,4.33
M00967,MEM00686,1,2.79
M00967,MEM00686,1,4.21
M00967,MEM00686,1,4.94
M00967,MEM00686,1,4.52
M00967,MEM00421,1,4.47
M00967,MEM00421,1,3.17
M00967,MEM00421,1,3.77
M00967,MEM00421,1,4.45
M00967,MEM00421,1,4.45
M00967,MEM00421,1,4.93
M00967,MEM00421,1,4.11
M00967,MEM00241,1,4.44
M00967,MEM00241,1,4.21
M00967,MEM00241,1,3.61
M00967,MEM00241,1,2.85
M00967,MEM00241,1,4.46
M00967,MEM00241,1,4.3
M00967,MEM00241,1,3.83
M00968,MEM00788,1,0.0
M00968,MEM00788,1,0.0
M00968,MEM00788,1,0.0
M00968,MEM00788,1,0.0
M00968,MEM00788,1,0.0
M00968,MEM00788,1,0.0
M00968,MEM00788,1,0.0
M00968,MEM00668,1,0.0
M00968,MEM00668,1,0.0
M00968,MEM00668,1,0.0
M00968,MEM00668,1,0.0
M00968,MEM00668,1,0.0
M00968,MEM00668,1,0.0
M00968,MEM00668,1,0.0
M00969,MEM00285,1,3.23
M00969,MEM00285,1,4.58
M00969,MEM00285,1,4.04
M00969,MEM00285,1,4.53
M00969,MEM00285,1,5.0
M00969,MEM00285,1,2.92
M00969,MEM00285,1,3.78
M00969,MEM00710,1,4.07
M00969,MEM00710,1,5.0
M00969,MEM00710,1,3.22
M00969,MEM00710,1,5.0
M00969,MEM00710,1,4.28
M00969,MEM00710,1,4.14
M00969,MEM00710,1,4.08
M00970,MEM00176,1,0.0
M00970,MEM00176,1,0.0
M00970,MEM00176,1,0.0
M00970,MEM00176,1,0.0
M00970,MEM00176,1,0.0
M00970,MEM00176,1,0.0
M00970,MEM00176,1,0.0
M00970,MEM00388,1,0.0
M00970,MEM00388,1,0.0
M00970,MEM00388,1,0.0
M00970,MEM00388,1,0.0
M00970,MEM00388,1,0.0
M00970,MEM00388,1,0.0
M00970,MEM00388,1,0.0
M00971,MEM00597,1,0.0
M00971,MEM00597,1,0.0
M00971,MEM00597,1,0.0
M00971,MEM00597,1,0.0
M00971,MEM00597,1,0.0
M00971,MEM00597,1,0.0
M00971,MEM00597,1,0.0
M00972,EXT00201,0,0.0
M00972,EXT00201,0,0.0
M00972,EXT00201,0,0.0
M00972,EXT00201,0,0.0
M00972,EXT00201,0,0.0
M00972,EXT00201,0,0.0
M00972,EXT00201,0,0.0
M00973,MEM00282,1,3.94
M00973,MEM00282,1,4.83
M00973,MEM00282,1,3.56
M00973,MEM00282,1,4.41
M00973,MEM00282,1,3.97
M00973,MEM00282,1,3.74
M00973,MEM00282,1,5.0
M00973,MEM00379,1,4.45
M00973,MEM00379,1,4.57
M00973,MEM00379,1,4.88
M00973,MEM00379,1,3.35
M00973,MEM00379,1,5.0
M00973,MEM00379,1,2.69
M00973,MEM00379,1,3.74
M00973,MEM00666,1,3.92
M00973,MEM00666,1,4.55
M00973,MEM00666,1,4.33
M00973,MEM00666,1,4.1
M00973,MEM00666,1,4.19
M00973,MEM00666,1,3.61
M00973,MEM00666,1,3.3
M00973,EXT00342,0,4.64
M00973,EXT00342,0,4.62
M00973,EXT00342,0,5.0
M00973,EXT00342,0,3.73
M00973,EXT00342,0,4.62
M00973,EXT00342,0,4.03
M00973,EXT00342,0,4.91
M00974,MEM00253,1,0.0
M00974,MEM00253,1,0.0
M00974,MEM00253,1,0.0
M00974,MEM00253,1,0.0
M00974,MEM00253,1,0.0
M00974,MEM00253,1,0.0
M00974,MEM00253,1,0.0
M00974,MEM00362,1,0.0
M00974,MEM00362,1,0.0
M00974,MEM00362,1,0.0
M00974,MEM00362,1,0.0
M00974,MEM00362,1,0.0
M00974,MEM00362,1,0.0
M00974,MEM00362,1,0.0
M00974,MEM00316,1,0.0
M00974,MEM00316,1,0.0
M00974,MEM00316,1,0.0
M00974,MEM00316,1,0.0
M00974,MEM00316,1,0.0
M00974,MEM00316,1,0.0
M00974,MEM00316,1,0.0
M00975,MEM00612,1,4.81
M00975,MEM00612,1,4.33
M00975,MEM00612,1,4.0
M00975,MEM00612,1,4.78
M00975,MEM00612,1,4.59
M00975,MEM00612,1,3.79
M00975,MEM00612,1,3.4
M00975,EXT00053,0,4.03
M00975,EXT00053,0,5.0
M00975,EXT00053,0,4.89
M00975,EXT00053,0,3.53
M00975,EXT00053,0,3.5
M00975,EXT00053,0,4.96
M00975,EXT00053,0,3.52
M00977,MEM00178,1,4.51
M00977,MEM00178,1,3.83
M00977,MEM00178,1,5.0
M00977,MEM00178,1,3.74
M00977,MEM00178,1,4.89
M00977,MEM00178,1,4.31
M00977,MEM00178,1,4.35
M00977,MEM00162,1,3.02
M00977,MEM00162,1,2.88
M00977,MEM00162,1,4.07
M00977,MEM00162,1,4.35
M00977,MEM00162,1,3.52
M00977,MEM00162,1,3.55
M00977,MEM00162,1,4.54
M00977,MEM00763,1,4.54
M00977,MEM00763,1,4.12
M00977,MEM00763,1,4.67
M00977,MEM00763,1,3.5
M00977,MEM00763,1,3.99
M00977,MEM00763,1,5.0
M00977,MEM00763,1,4.24
M00977,MEM00442,1,4.28
M00977,MEM00442,1,5.0
M00977,MEM00442,1,3.36
M00977,MEM00442,1,4.68
M00977,MEM00442,1,5.0
M00977,MEM00442,1,4.01
M00977,MEM00442,1,4.72
M00978,MEM00461,1,0.0
M00978,MEM00461,1,0.0
M00978,MEM00461,1,0.0
M00978,MEM00461,1,0.0
M00978,MEM00461,1,0.0
M00978,MEM00461,1,0.0
M00978,MEM00461,1,0.0
M00978,MEM00502,1,0.0
M00978,MEM00502,1,0.0
M00978,MEM00502,1,0.0
M00978,MEM00502,1,0.0
M00978,MEM00502,1,0.0
M00978,MEM00502,1,0.0
M00978,MEM00502,1,0.0
M00978,MEM00388,1,0.0
M00978,MEM00388,1,0.0
M00978,MEM00388,1,0.0
M00978,MEM00388,1,0.0
M00978,MEM00388,1,0.0
M00978,MEM00388,1,0.0
M00978,MEM00388,1,0.0
M00978,EXT00086,0,0.0
M00978,EXT00086,0,0.0
M00978,EXT00086,0,0.0
M00978,EXT00086,0,0.0
M00978,EXT00086,0,0.0
M00978,EXT00086,0,0.0
M00978,EXT00086,0,0.0
M00979,MEM00285,1,3.61
M00979,MEM00285,1,3.79
M00979,MEM00285,1,4.43
M00979,MEM00285,1,4.68
M00979,MEM00285,1,4.87
M00979,MEM00285,1,5.0
M00979,MEM00285,1,4.16
M00979,MEM00522,1,4.92
M00979,MEM00522,1,3.99
M00979,MEM00522,1,4.74
M00979,MEM00522,1,4.32
M00979,MEM00522,1,4.47
M00979,MEM00522,1,4.45
M00979,MEM00522,1,3.24
M00979,MEM00429,1,3.53
M00979,MEM00429,1,4.26
M00979,MEM00429,1,3.19
M00979,MEM00429,1,4.7
M00979,MEM00429,1,4.72
M00979,MEM00429,1,4.4
M00979,MEM00429,1,3.53
M00979,EXT00059,0,5.0
M00979,EXT00059,0,5.0
M00979,EXT00059,0,4.29
M00979,EXT00059,0,4.51
M00979,EXT00059,0,4.32
M00979,EXT00059,0,4.52
M00979,EXT00059,0,4.13
M00980,MEM00168,1,4.18
M00980,MEM00168,1,4.74
M00980,MEM00168,1,5.0
M00980,MEM00168,1,3.36
M00980,MEM00168,1,4.14
M00980,MEM00168,1,3.49
M00980,MEM00168,1,5.0
M00980,MEM00447,1,3.85
M00980,MEM00447,1,3.33
M00980,MEM00447,1,4.58
M00980,MEM00447,1,5.0
M00980,MEM00447,1,4.6
M00980,MEM00447,1,4.32
M00980,MEM00447,1,4.45
M00981,MEM00655,1,5.0
M00981,MEM00655,1,3.68
M00981,MEM00655,1,4.13
M00981,MEM00655,1,3.93
M00981,MEM00655,1,3.5
M00981,MEM00655,1,4.0
M00981,MEM00655,1,4.86
M00981,MEM00188,1,4.54
M00981,MEM00188,1,4.59
M00981,MEM00188,1,4.29
M00981,MEM00188,1,4.51
M00981,MEM00188,1,3.72
M00981,MEM00188,1,4.01
M00981,MEM00188,1,4.32
M00981,MEM00213,1,4.37
M00981,MEM00213,1,4.39
M00981,MEM00213,1,4.12
M00981,MEM00213,1,3.97
M00981,MEM00213,1,5.0
M00981,MEM00213,1,4.74
M00981,MEM00213,1,4.45
M00981,MEM00167,1,4.06
M00981,MEM00167,1,3.93
M00981,MEM00167,1,4.12
M00981,MEM00167,1,4.38
M00981,MEM00167,1,3.07
M00981,MEM00167,1,3.26
M00981,MEM00167,1,3.82
M00982,EXT00108,0,0.0
M00982,EXT00108,0,0.0
M00982,EXT00108,0,0.0
M00982,EXT00108,0,0.0
M00982,EXT00108,0,0.0
M00982,EXT00108,0,0.0
M00982,EXT00108,0,0.0
M00983,MEM00750,1,0.0
M00983,MEM00750,1,0.0
M00983,MEM00750,1,0.0
M00983,MEM00750,1,0.0
M00983,MEM00750,1,0.0
M00983,MEM00750,1,0.0
M00983,MEM00750,1,0.0
M00984,MEM00771,1,0.0
M00984,MEM00771,1,0.0
M00984,MEM00771,1,0.0
M00984,MEM00771,1,0.0
M00984,MEM00771,1,0.0
M00984,MEM00771,1,0.0
M00984,MEM00771,1,0.0
M00985,MEM00288,1,4.32
M00985,MEM00288,1,4.06
M00985,MEM00288,1,5.0
M00985,MEM00288,1,3.31
M00985,MEM00288,1,3.75
M00985,MEM00288,1,5.0
M00985,MEM00288,1,4.28
M00985,MEM00447,1,4.73
M00985,MEM00447,1,5.0
M00985,MEM00447,1,3.78
M00985,MEM00447,1,4.14
M00985,MEM00447,1,4.04
M00985,MEM00447,1,3.03
M00985,MEM00447,1,4.01
M00985,MEM00632,1,4.73
M00985,MEM00632,1,4.52
M00985,MEM00632,1,4.57
M00985,MEM00632,1,3.97
M00985,MEM00632,1,3.81
M00985,MEM00632,1,4.96
M00985,MEM00632,1,3.9
M00985,MEM00130,1,4.38
M00985,MEM00130,1,4.3
M00985,MEM00130,1,5.0
M00985,MEM00130,1,4.78
M00985,MEM00130,1,3.42
M00985,MEM00130,1,3.49
M00985,MEM00130,1,4.55
M00986,MEM00285,1,4.16
M00986,MEM00285,1,3.93
M00986,MEM00285,1,4.81
M00986,MEM00285,1,4.31
M00986,MEM00285,1,4.23
M00986,MEM00285,1,4.67
M00986,MEM00285,1,3.97
M00986,MEM00086,1,5.0
M00986,MEM00086,1,3.73
M00986,MEM00086,1,4.59
M00986,MEM00086,1,5.0
M00986,MEM00086,1,3.37
M00986,MEM00086,1,3.99
M00986,MEM00086,1,4.89
M00987,MEM00671,1,4.89
M00987,MEM00671,1,4.1
M00987,MEM00671,1,3.76
M00987,MEM00671,1,4.77
M00987,MEM00671,1,4.91
M00987,MEM00671,1,3.5
M00987,MEM00671,1,3.48
M00987,MEM00434,1,4.34
M00987,MEM00434,1,4.58
M00987,MEM00434,1,4.02
M00987,MEM00434,1,4.61
M00987,MEM00434,1,3.77
M00987,MEM00434,1,2.93
M00987,MEM00434,1,3.95
M00988,MEM00631,1,0.0
M00988,MEM00631,1,0.0
M00988,MEM00631,1,0.0
M00988,MEM00631,1,0.0
M00988,MEM00631,1,0.0
M00988,MEM00631,1,0.0
M00988,MEM00631,1,0.0
M00989,MEM00539,1,4.24
M00989,MEM00539,1,4.03
M00989,MEM00539,1,3.5
M00989,MEM00539,1,3.11
M00989,MEM00539,1,3.89
M00989,MEM00539,1,4.74
M00989,MEM00539,1,4.95
M00989,MEM00161,1,4.91
M00989,MEM00161,1,3.71
M00989,MEM00161,1,3.51
M00989,MEM00161,1,4.5
M00989,MEM00161,1,4.58
M00989,MEM00161,1,4.44
M00989,MEM00161,1,2.99
M00989,EXT00084,0,3.68
M00989,EXT00084,0,4.18
M00989,EXT00084,0,4.49
M00989,EXT00084,0,4.66
M00989,EXT00084,0,4.29
M00989,EXT00084,0,4.4
M00989,EXT00084,0,4.25
M00989,EXT00085,0,4.61
M00989,EXT00085,0,4.39
M00989,EXT00085,0,4.24
M00989,EXT00085,0,4.04
M00989,EXT00085,0,4.25
M00989,EXT00085,0,4.49
M00989,EXT00085,0,4.36
M00990,MEM00697,1,4.43
M00990,MEM00697,1,5.0
M00990,MEM00697,1,4.36
M00990,MEM00697,1,3.81
M00990,MEM00697,1,4.73
M00990,MEM00697,1,3.38
M00990,MEM00697,1,3.55
M00990,MEM00210,1,4.4
M00990,MEM00210,1,4.51
M00990,MEM00210,1,3.45
M00990,MEM00210,1,3.97
M00990,MEM00210,1,3.84
M00990,MEM00210,1,3.91
M00990,MEM00210,1,4.77
M00990,EXT00097,0,4.62
M00990,EXT00097,0,4.19
M00990,EXT00097,0,3.87
M00990,EXT00097,0,3.39
M00990,EXT00097,0,5.0
M00990,EXT00097,0,4.56
M00990,EXT00097,0,3.78
M00990,EXT00001,0,4.63
M00990,EXT00001,0,4.16
M00990,EXT00001,0,4.03
M00990,EXT00001,0,4.46
M00990,EXT00001,0,3.76
M00990,EXT00001,0,3.99
M00990,EXT00001,0,4.27
M00991,MEM00694,1,3.9
M00991,MEM00694,1,4.6
M00991,MEM00694,1,5.0
M00991,MEM00694,1,3.75
M00991,MEM00694,1,3.2
M00991,MEM00694,1,3.0
M00991,MEM00694,1,4.11
M00991,MEM00628,1,3.8
M00991,MEM00628,1,4.32
M00991,MEM00628,1,4.28
M00991,MEM00628,1,3.24
M00991,MEM00628,1,3.11
M00991,MEM00628,1,4.38
M00991,MEM00628,1,4.28
M00991,MEM00489,1,3.94
M00991,MEM00489,1,3.21
M00991,MEM00489,1,4.48
M00991,MEM00489,1,4.96
M00991,MEM00489,1,4.37
M00991,MEM00489,1,3.69
M00991,MEM00489,1,4.23
M00991,EXT00304,0,3.38
M00991,EXT00304,0,4.83
M00991,EXT00304,0,4.25
M00991,EXT00304,0,3.14
M00991,EXT00304,0,4.02
M00991,EXT00304,0,4.48
M00991,EXT00304,0,4.0
M00992,MEM00140,1,4.03
M00992,MEM00140,1,3.47
M00992,MEM00140,1,4.54
M00992,MEM00140,1,3.81
M00992,MEM00140,1,2.91
M00992,MEM00140,1,3.98
M00992,MEM00140,1,4.79
M00992,MEM00365,1,3.97
M00992,MEM00365,1,5.0
M00992,MEM00365,1,4.46
M00992,MEM00365,1,4.4
M00992,MEM00365,1,4.12
M00992,MEM00365,1,4.16
M00992,MEM00365,1,4.04
M00994,MEM00092,1,4.02
M00994,MEM00092,1,4.52
M00994,MEM00092,1,3.64
M00994,MEM00092,1,3.55
M00994,MEM00092,1,3.53
M00994,MEM00092,1,5.0
M00994,MEM00092,1,4.52
M00994,MEM00271,1,4.38
M00994,MEM00271,1,3.57
M00994,MEM00271,1,4.57
M00994,MEM00271,1,4.13
M00994,MEM00271,1,4.33
M00994,MEM00271,1,3.61
M00994,MEM00271,1,4.3
M00994,MEM00382,1,3.95
M00994,MEM00382,1,3.74
M00994,MEM00382,1,4.64
M00994,MEM00382,1,3.28
M00994,MEM00382,1,4.54
M00994,MEM00382,1,4.61
M00994,MEM00382,1,3.67
M00994,MEM00740,1,3.71
M00994,MEM00740,1,4.07
M00994,MEM00740,1,4.37
M00994,MEM00740,1,4.11
M00994,MEM00740,1,4.46
M00994,MEM00740,1,5.0
M00994,MEM00740,1,3.9
M00995,EXT00020,0,0.0
M00995,EXT00020,0,0.0
M00995,EXT00020,0,0.0
M00995,EXT00020,0,0.0
M00995,EXT00020,0,0.0
M00995,EXT00020,0,0.0
M00995,EXT00020,0,0.0
M00996,EXT00110,0,0.0
M00996,EXT00110,0,0.0
M00996,EXT00110,0,0.0
M00996,EXT00110,0,0.0
M00996,EXT00110,0,0.0
M00996,EXT00110,0,0.0
M00996,EXT00110,0,0.0
M00997,MEM00180,1,0.0
M00997,MEM00180,1,0.0
M00997,MEM00180,1,0.0
M00997,MEM00180,1,0.0
M00997,MEM00180,1,0.0
M00997,MEM00180,1,0.0
M00997,MEM00180,1,0.0
M00998,MEM00210,1,3.17
M00998,MEM00210,1,4.7
M00998,MEM00210,1,5.0
M00998,MEM00210,1,4.44
M00998,MEM00210,1,3.55
M00998,MEM00210,1,4.13
M00998,MEM00210,1,3.53
M00998,MEM00732,1,4.59
M00998,MEM00732,1,3.39
M00998,MEM00732,1,4.02
M00998,MEM00732,1,3.6
M00998,MEM00732,1,4.28
M00998,MEM00732,1,3.98
M00998,MEM00732,1,4.31
M00999,MEM00373,1,0.0
M00999,MEM00373,1,0.0
M00999,MEM00373,1,0.0
M00999,MEM00373,1,0.0
M00999,MEM00373,1,0.0
M00999,MEM00373,1,0.0
M00999,MEM00373,1,0.0
M00999,MEM00610,1,0.0
M00999,MEM00610,1,0.0
M00999,MEM00610,1,0.0
M00999,MEM00610,1,0.0
M00999,MEM00610,1,0.0
M00999,MEM00610,1,0.0
M00999,MEM00610,1,0.0
M00999,MEM00374,1,0.0
M00999,MEM00374,1,0.0
M00999,MEM00374,1,0.0
M00999,MEM00374,1,0.0
M00999,MEM00374,1,0.0
M00999,MEM00374,1,0.0
M00999,MEM00374,1,0.0
M01000,MEM00142,1,0.0
M01000,MEM00142,1,0.0
M01000,MEM00142,1,0.0
M01000,MEM00142,1,0.0
M01000,MEM00142,1,0.0
M01000,MEM00142,1,0.0
M01000,MEM00142,1,0.0
M01000,MEM00385,1,0.0
M01000,MEM00385,1,0.0
M01000,MEM00385,1,0.0
M01000,MEM00385,1,0.0
M01000,MEM00385,1,0.0
M01000,MEM00385,1,0.0
M01000,MEM00385,1,0.0
M01000,EXT00168,0,0.0
M01000,EXT00168,0,0.0
M01000,EXT00168,0,0.0
M01000,EXT00168,0,0.0
M01000,EXT00168,0,0.0
M01000,EXT00168,0,0.0
M01000,EXT00168,0,0.0
M01001,MEM00475,1,0.0
M01001,MEM00475,1,0.0
M01001,MEM00475,1,0.0
M01001,MEM00475,1,0.0
M01001,MEM00475,1,0.0
M01001,MEM00475,1,0.0
M01001,MEM00475,1,0.0
M01002,MEM00311,1,4.21
M01002,MEM00311,1,3.61
M01002,MEM00311,1,4.58
M01002,MEM00311,1,4.17
M01002,MEM00311,1,3.61
M01002,MEM00311,1,5.0
M01002,MEM00311,1,4.49
M01002,MEM00615,1,4.11
M01002,MEM00615,1,5.0
M01002,MEM00615,1,5.0
M01002,MEM00615,1,4.11
M01002,MEM00615,1,4.41
M01002,MEM00615,1,3.61
M01002,MEM00615,1,4.11
M01002,EXT00331,0,4.08
M01002,EXT00331,0,4.31
M01002,EXT00331,0,4.4
M01002,EXT00331,0,4.54
M01002,EXT00331,0,4.34
M01002,EXT00331,0,3.47
M01002,EXT00331,0,3.64
M01002,EXT00070,0,3.87
M01002,EXT00070,0,4.03
M01002,EXT00070,0,4.83
M01002,EXT00070,0,3.5
M01002,EXT00070,0,3.99
M01002,EXT00070,0,4.77
M01002,EXT00070,0,4.02
M01003,MEM00032,1,4.48
M01003,MEM00032,1,4.12
M01003,MEM00032,1,4.35
M01003,MEM00032,1,4.06
M01003,MEM00032,1,4.6
M01003,MEM00032,1,3.27
M01003,MEM00032,1,3.98
M01003,MEM00180,1,4.38
M01003,MEM00180,1,4.52
M01003,MEM00180,1,5.0
M01003,MEM00180,1,3.97
M01003,MEM00180,1,5.0
M01003,MEM00180,1,3.8
M01003,MEM00180,1,5.0
M01004,MEM00260,1,0.0
M01004,MEM00260,1,0.0
M01004,MEM00260,1,0.0
M01004,MEM00260,1,0.0
M01004,MEM00260,1,0.0
M01004,MEM00260,1,0.0
M01004,MEM00260,1,0.0
M01005,MEM00400,1,0.0
M01005,MEM00400,1,0.0
M01005,MEM00400,1,0.0
M01005,MEM00400,1,0.0
M01005,MEM00400,1,0.0
M01005,MEM00400,1,0.0
M01005,MEM00400,1,0.0
M01006,MEM00479,1,4.69
M01006,MEM00479,1,3.65
M01006,MEM00479,1,4.38
M01006,MEM00479,1,4.17
M01006,MEM00479,1,4.58
M01006,MEM00479,1,4.07
M01006,MEM00479,1,4.02
M01006,MEM00735,1,5.0
M01006,MEM00735,1,4.14
M01006,MEM00735,1,4.7
M01006,MEM00735,1,4.06
M01006,MEM00735,1,5.0
M01006,MEM00735,1,3.79
M01006,MEM00735,1,3.83
M01007,MEM00394,1,0.0
M01007,MEM00394,1,0.0
M01007,MEM00394,1,0.0
M01007,MEM00394,1,0.0
M01007,MEM00394,1,0.0
M01007,MEM00394,1,0.0
M01007,MEM00394,1,0.0
M01007,MEM00400,1,0.0
M01007,MEM00400,1,0.0
M01007,MEM00400,1,0.0
M01007,MEM00400,1,0.0
M01007,MEM00400,1,0.0
M01007,MEM00400,1,0.0
M01007,MEM00400,1,0.0
M01010,MEM00055,1,0.0
M01010,MEM00055,1,0.0
M01010,MEM00055,1,0.0
M01010,MEM00055,1,0.0
M01010,MEM00055,1,0.0
M01010,MEM00055,1,0.0
M01010,MEM00055,1,0.0
M01011,MEM00428,1,5.0
M01011,MEM00428,1,3.93
M01011,MEM00428,1,5.0
M01011,MEM00428,1,4.74
M01011,MEM00428,1,4.11
M01011,MEM00428,1,3.11
M01011,MEM00428,1,4.19
M01011,MEM00035,1,4.26
M01011,MEM00035,1,4.9
M01011,MEM00035,1,5.0
M01011,MEM00035,1,3.79
M01011,MEM00035,1,4.68
M01011,MEM00035,1,4.66
M01011,MEM00035,1,4.84
M01012,MEM00149,1,4.5
M01012,MEM00149,1,3.03
M01012,MEM00149,1,4.11
M01012,MEM00149,1,3.51
M01012,MEM00149,1,4.08
M01012,MEM00149,1,4.79
M01012,MEM00149,1,4.38
M01012,MEM00346,1,4.89
M01012,MEM00346,1,4.41
M01012,MEM00346,1,3.42
M01012,MEM00346,1,2.69
M01012,MEM00346,1,4.29
M01012,MEM00346,1,4.07
M01012,MEM00346,1,3.61
M01012,MEM00026,1,3.18
M01012,MEM00026,1,3.76
M01012,MEM00026,1,4.08
M01012,MEM00026,1,4.6
M01012,MEM00026,1,4.31
M01012,MEM00026,1,5.0
M01012,MEM00026,1,3.58
M01012,MEM00668,1,4.73
M01012,MEM00668,1,4.23
M01012,MEM00668,1,4.62
M01012,MEM00668,1,3.94
M01012,MEM00668,1,4.84
M01012,MEM00668,1,4.38
M01012,MEM00668,1,3.79
M01013,MEM00359,1,0.0
M01013,MEM00359,1,0.0
M01013,MEM00359,1,0.0
M01013,MEM00359,1,0.0
M01013,MEM00359,1,0.0
M01013,MEM00359,1,0.0
M01013,MEM00359,1,0.0
M01014,MEM00209,1,4.19
M01014,MEM00209,1,4.06
M01014,MEM00209,1,4.49
M01014,MEM00209,1,3.49
M01014,MEM00209,1,4.18
M01014,MEM00209,1,4.44
M01014,MEM00209,1,4.22
M01014,EXT00023,0,5.0
M01014,EXT00023,0,4.66
M01014,EXT00023,0,4.2
M01014,EXT00023,0,4.33
M01014,EXT00023,0,4.38
M01014,EXT00023,0,4.44
M01014,EXT00023,0,3.1
M01015,MEM00584,1,0.0
M01015,MEM00584,1,0.0
M01015,MEM00584,1,0.0
M01015,MEM00584,1,0.0
M01015,MEM00584,1,0.0
M01015,MEM00584,1,0.0
M01015,MEM00584,1,0.0
M01016,MEM00160,1,4.02
M01016,MEM00160,1,3.31
M01016,MEM00160,1,4.97
M01016,MEM00160,1,4.16
M01016,MEM00160,1,4.08
M01016,MEM00160,1,4.74
M01016,MEM00160,1,4.45
M01016,MEM00479,1,3.52
M01016,MEM00479,1,4.16
M01016,MEM00479,1,4.0
M01016,MEM00479,1,3.15
M01016,MEM00479,1,3.79
M01016,MEM00479,1,4.09
M01016,MEM00479,1,4.13
M01016,MEM00113,1,3.31
M01016,MEM00113,1,4.89
M01016,MEM00113,1,4.14
M01016,MEM00113,1,4.22
M01016,MEM00113,1,4.44
M01016,MEM00113,1,3.73
M01016,MEM00113,1,4.47
M01016,MEM00215,1,3.98
M01016,MEM00215,1,3.66
M01016,MEM00215,1,4.54
M01016,MEM00215,1,5.0
M01016,MEM00215,1,4.63
M01016,MEM00215,1,4.75
M01016,MEM00215,1,3.89
M01017,MEM00637,1,3.24
M01017,MEM00637,1,5.0
M01017,MEM00637,1,5.0
M01017,MEM00637,1,5.0
M01017,MEM00637,1,4.0
M01017,MEM00637,1,3.51
M01017,MEM00637,1,3.56
M01017,MEM00295,1,3.19
M01017,MEM00295,1,4.14
M01017,MEM00295,1,5.0
M01017,MEM00295,1,4.12
M01017,MEM00295,1,4.38
M01017,MEM00295,1,5.0
M01017,MEM00295,1,3.96
M01019,MEM00306,1,0.0
M01019,MEM00306,1,0.0
M01019,MEM00306,1,0.0
M01019,MEM00306,1,0.0
M01019,MEM00306,1,0.0
M01019,MEM00306,1,0.0
M01019,MEM00306,1,0.0
M01020,MEM00605,1,0.0
M01020,MEM00605,1,0.0
M01020,MEM00605,1,0.0
M01020,MEM00605,1,0.0
M01020,MEM00605,1,0.0
M01020,MEM00605,1,0.0
M01020,MEM00605,1,0.0
M01021,MEM00119,1,0.0
M01021,MEM00119,1,0.0
M01021,MEM00119,1,0.0
M01021,MEM00119,1,0.0
M01021,MEM00119,1,0.0
M01021,MEM00119,1,0.0
M01021,MEM00119,1,0.0
M01022,MEM00615,1,5.0
M01022,MEM00615,1,5.0
M01022,MEM00615,1,4.12
M01022,MEM00615,1,3.85
M01022,MEM00615,1,4.62
M01022,MEM00615,1,3.99
M01022,MEM00615,1,3.51
M01022,EXT00090,0,4.97
M01022,EXT00090,0,4.93
M01022,EXT00090,0,4.29
M01022,EXT00090,0,3.44
M01022,EXT00090,0,3.46
M01022,EXT00090,0,4.26
M01022,EXT00090,0,3.9
M01023,MEM00543,1,4.0
M01023,MEM00543,1,4.81
M01023,MEM00543,1,4.64
M01023,MEM00543,1,5.0
M01023,MEM00543,1,3.61
M01023,MEM00543,1,3.99
M01023,MEM00543,1,4.66
M01023,MEM00440,1,4.47
M01023,MEM00440,1,5.0
M01023,MEM00440,1,4.45
M01023,MEM00440,1,5.0
M01023,MEM00440,1,4.52
M01023,MEM00440,1,4.84
M01023,MEM00440,1,4.01
M01024,MEM00754,1,4.21
M01024,MEM00754,1,4.75
M01024,MEM00754,1,5.0
M01024,MEM00754,1,4.64
M01024,MEM00754,1,4.15
M01024,MEM00754,1,5.0
M01024,MEM00754,1,2.88
M01024,MEM00301,1,3.35
M01024,MEM00301,1,4.61
M01024,MEM00301,1,4.21
M01024,MEM00301,1,4.56
M01024,MEM00301,1,4.24
M01024,MEM00301,1,4.54
M01024,MEM00301,1,3.71
M01024,EXT00026,0,4.54
M01024,EXT00026,0,4.8
M01024,EXT00026,0,4.93
M01024,EXT00026,0,5.0
M01024,EXT00026,0,4.35
M01024,EXT00026,0,4.36
M01024,EXT00026,0,3.29
M01024,EXT00012,0,3.88
M01024,EXT00012,0,4.08
M01024,EXT00012,0,4.83
M01024,EXT00012,0,3.83
M01024,EXT00012,0,4.68
M01024,EXT00012,0,4.2
M01024,EXT00012,0,4.09
M01025,MEM00655,1,4.35
M01025,MEM00655,1,3.97
M01025,MEM00655,1,3.94
M01025,MEM00655,1,3.18
M01025,MEM00655,1,4.05
M01025,MEM00655,1,3.91
M01025,MEM00655,1,3.89
M01025,MEM00618,1,4.45
M01025,MEM00618,1,4.6
M01025,MEM00618,1,4.34
M01025,MEM00618,1,4.8
M01025,MEM00618,1,4.55
M01025,MEM00618,1,4.02
M01025,MEM00618,1,3.92
M01025,MEM00415,1,4.39
M01025,MEM00415,1,4.54
M01025,MEM00415,1,5.0
M01025,MEM00415,1,4.91
M01025,MEM00415,1,3.88
M01025,MEM00415,1,4.14
M01025,MEM00415,1,4.6
M01025,EXT00089,0,4.84
M01025,EXT00089,0,4.76
M01025,EXT00089,0,4.16
M01025,EXT00089,0,3.45
M01025,EXT00089,0,3.6
M01025,EXT00089,0,4.36
M01025,EXT00089,0,4.41
M01026,MEM00768,1,3.54
M01026,MEM00768,1,4.23
M01026,MEM00768,1,4.58
M01026,MEM00768,1,3.51
M01026,MEM00768,1,4.86
M01026,MEM00768,1,3.97
M01026,MEM00768,1,4.95
M01026,MEM00032,1,3.88
M01026,MEM00032,1,3.58
M01026,MEM00032,1,3.93
M01026,MEM00032,1,4.14
M01026,MEM00032,1,3.97
M01026,MEM00032,1,4.07
M01026,MEM00032,1,4.4
M01026,MEM00267,1,4.1
M01026,MEM00267,1,4.16
M01026,MEM00267,1,3.17
M01026,MEM00267,1,4.44
M01026,MEM00267,1,4.15
M01026,MEM00267,1,5.0
M01026,MEM00267,1,3.64
M01026,EXT00269,0,3.12
M01026,EXT00269,0,4.57
M01026,EXT00269,0,4.41
M01026,EXT00269,0,3.59
M01026,EXT00269,0,3.28
M01026,EXT00269,0,5.0
M01026,EXT00269,0,5.0
M01027,MEM00756,1,2.71
M01027,MEM00756,1,3.93
M01027,MEM00756,1,5.0
M01027,MEM00756,1,3.91
M01027,MEM00756,1,3.91
M01027,MEM00756,1,4.03
M01027,MEM00756,1,3.53
M01027,EXT00099,0,3.18
M01027,EXT00099,0,4.83
M01027,EXT00099,0,3.09
M01027,EXT00099,0,4.35
M01027,EXT00099,0,4.73
M01027,EXT00099,0,3.33
M01027,EXT00099,0,3.65
M01029,MEM00479,1,0.0
M01029,MEM00479,1,0.0
M01029,MEM00479,1,0.0
M01029,MEM00479,1,0.0
M01029,MEM00479,1,0.0
M01029,MEM00479,1,0.0
M01029,MEM00479,1,0.0
M01030,MEM00244,1,4.93
M01030,MEM00244,1,4.52
M01030,MEM00244,1,3.83
M01030,MEM00244,1,4.92
M01030,MEM00244,1,4.92
M01030,MEM00244,1,4.36
M01030,MEM00244,1,3.66
M01030,MEM00544,1,3.95
M01030,MEM00544,1,4.37
M01030,MEM00544,1,4.09
M01030,MEM00544,1,4.76
M01030,MEM00544,1,3.28
M01030,MEM00544,1,3.3
M01030,MEM00544,1,4.31
M01032,MEM00674,1,0.0
M01032,MEM00674,1,0.0
M01032,MEM00674,1,0.0
M01032,MEM00674,1,0.0
M01032,MEM00674,1,0.0
M01032,MEM00674,1,0.0
M01032,MEM00674,1,0.0
M01033,MEM00763,1,0.0
M01033,MEM00763,1,0.0
M01033,MEM00763,1,0.0
M01033,MEM00763,1,0.0
M01033,MEM00763,1,0.0
M01033,MEM00763,1,0.0
M01033,MEM00763,1,0.0
M01035,MEM00708,1,0.0
M01035,MEM00708,1,0.0
M01035,MEM00708,1,0.0
M01035,MEM00708,1,0.0
M01035,MEM00708,1,0.0
M01035,MEM00708,1,0.0
M01035,MEM00708,1,0.0
M01035,EXT00301,0,0.0
M01035,EXT00301,0,0.0
M01035,EXT00301,0,0.0
M01035,EXT00301,0,0.0
M01035,EXT00301,0,0.0
M01035,EXT00301,0,0.0
M01035,EXT00301,0,0.0
M01036,MEM00213,1,3.91
M01036,MEM00213,1,3.82
M01036,MEM00213,1,3.14
M01036,MEM00213,1,4.21
M01036,MEM00213,1,4.17
M01036,MEM00213,1,4.59
M01036,MEM00213,1,4.24
M01036,MEM00216,1,4.12
M01036,MEM00216,1,4.91
M01036,MEM00216,1,3.41
M01036,MEM00216,1,4.52
M01036,MEM00216,1,3.2
M01036,MEM00216,1,3.7
M01036,MEM00216,1,3.47
M01037,MEM00768,1,0.0
M01037,MEM00768,1,0.0
M01037,MEM00768,1,0.0
M01037,MEM00768,1,0.0
M01037,MEM00768,1,0.0
M01037,MEM00768,1,0.0
M01037,MEM00768,1,0.0
M01038,MEM00007,1,0.0
M01038,MEM00007,1,0.0
M01038,MEM00007,1,0.0
M01038,MEM00007,1,0.0
M01038,MEM00007,1,0.0
M01038,MEM00007,1,0.0
M01038,MEM00007,1,0.0
M01038,EXT00290,0,0.0
M01038,EXT00290,0,0.0
M01038,EXT00290,0,0.0
M01038,EXT00290,0,0.0
M01038,EXT00290,0,0.0
M01038,EXT00290,0,0.0
M01038,EXT00290,0,0.0
M01039,MEM00568,1,4.67
M01039,MEM00568,1,4.16
M01039,MEM00568,1,4.19
M01039,MEM00568,1,3.54
M01039,MEM00568,1,4.02
M01039,MEM00568,1,3.74
M01039,MEM00568,1,4.43
M01039,MEM00484,1,3.61
M01039,MEM00484,1,5.0
M01039,MEM00484,1,3.19
M01039,MEM00484,1,3.72
M01039,MEM00484,1,5.0
M01039,MEM00484,1,3.94
M01039,MEM00484,1,3.41
M01040,MEM00789,1,0.0
M01040,MEM00789,1,0.0
M01040,MEM00789,1,0.0
M01040,MEM00789,1,0.0
M01040,MEM00789,1,0.0
M01040,MEM00789,1,0.0
M01040,MEM00789,1,0.0
M01041,MEM00239,1,0.0
M01041,MEM00239,1,0.0
M01041,MEM00239,1,0.0
M01041,MEM00239,1,0.0
M01041,MEM00239,1,0.0
M01041,MEM00239,1,0.0
M01041,MEM00239,1,0.0
M01042,MEM00259,1,4.33
M01042,MEM00259,1,3.91
M01042,MEM00259,1,3.7
M01042,MEM00259,1,3.54
M01042,MEM00259,1,5.0
M01042,MEM00259,1,4.05
M01042,MEM00259,1,3.04
M01042,MEM00352,1,5.0
M01042,MEM00352,1,4.57
M01042,MEM00352,1,3.74
M01042,MEM00352,1,3.64
M01042,MEM00352,1,4.6
M01042,MEM00352,1,4.05
M01042,MEM00352,1,3.04
M01042,MEM00077,1,5.0
M01042,MEM00077,1,3.94
M01042,MEM00077,1,5.0
M01042,MEM00077,1,4.97
M01042,MEM00077,1,3.6
M01042,MEM00077,1,4.82
M01042,MEM00077,1,3.81
M01042,EXT00096,0,3.08
M01042,EXT00096,0,3.95
M01042,EXT00096,0,4.44
M01042,EXT00096,0,3.92
M01042,EXT00096,0,4.02
M01042,EXT00096,0,4.89
M01042,EXT00096,0,4.26
M01043,MEM00265,1,0.0
M01043,MEM00265,1,0.0
M01043,MEM00265,1,0.0
M01043,MEM00265,1,0.0
M01043,MEM00265,1,0.0
M01043,MEM00265,1,0.0
M01043,MEM00265,1,0.0
M01044,MEM00756,1,0.0
M01044,MEM00756,1,0.0
M01044,MEM00756,1,0.0
M01044,MEM00756,1,0.0
M01044,MEM00756,1,0.0
M01044,MEM00756,1,0.0
M01044,MEM00756,1,0.0
M01044,MEM00660,1,0.0
M01044,MEM00660,1,0.0
M01044,MEM00660,1,0.0
M01044,MEM00660,1,0.0
M01044,MEM00660,1,0.0
M01044,MEM00660,1,0.0
M01044,MEM00660,1,0.0
M01045,MEM00168,1,3.69
M01045,MEM00168,1,4.62
M01045,MEM00168,1,4.32
M01045,MEM00168,1,2.69
M01045,MEM00168,1,4.46
M01045,MEM00168,1,4.44
M01045,MEM00168,1,4.21
M01045,EXT00145,0,4.74
M01045,EXT00145,0,3.8
M01045,EXT00145,0,4.4
M01045,EXT00145,0,3.26
M01045,EXT00145,0,4.44
M01045,EXT00145,0,5.0
M01045,EXT00145,0,3.6
M01046,MEM00754,1,0.0
M01046,MEM00754,1,0.0
M01046,MEM00754,1,0.0
M01046,MEM00754,1,0.0
M01046,MEM00754,1,0.0
M01046,MEM00754,1,0.0
M01046,MEM00754,1,0.0
M01047,MEM00474,1,3.74
M01047,MEM00474,1,3.77
M01047,MEM00474,1,4.28
M01047,MEM00474,1,3.56
M01047,MEM00474,1,4.45
M01047,MEM00474,1,4.71
M01047,MEM00474,1,4.52
M01047,MEM00091,1,3.14
M01047,MEM00091,1,4.8
M01047,MEM00091,1,4.76
M01047,MEM00091,1,4.7
M01047,MEM00091,1,4.42
M01047,MEM00091,1,4.33
M01047,MEM00091,1,4.82
M01047,MEM00066,1,5.0
M01047,MEM00066,1,3.63
M01047,MEM00066,1,4.85
M01047,MEM00066,1,4.15
M01047,MEM00066,1,4.12
M01047,MEM00066,1,3.28
M01047,MEM00066,1,4.03
M01047,MEM00151,1,3.6
M01047,MEM00151,1,3.92
M01047,MEM00151,1,3.54
M01047,MEM00151,1,3.93
M01047,MEM00151,1,3.96
M01047,MEM00151,1,4.26
M01047,MEM00151,1,3.23
M01048,MEM00355,1,3.33
M01048,MEM00355,1,4.42
M01048,MEM00355,1,3.72
M01048,MEM00355,1,4.84
M01048,MEM00355,1,4.34
M01048,MEM00355,1,4.56
M01048,MEM00355,1,5.0
M01048,MEM00139,1,4.01
M01048,MEM00139,1,3.86
M01048,MEM00139,1,4.72
M01048,MEM00139,1,4.51
M01048,MEM00139,1,4.09
M01048,MEM00139,1,5.0
M01048,MEM00139,1,4.07
M01048,MEM00770,1,4.22
M01048,MEM00770,1,4.21
M01048,MEM00770,1,3.64
M01048,MEM00770,1,4.25
M01048,MEM00770,1,5.0
M01048,MEM00770,1,4.47
M01048,MEM00770,1,4.22
M01048,EXT00203,0,4.1
M01048,EXT00203,0,4.4
M01048,EXT00203,0,4.65
M01048,EXT00203,0,4.57
M01048,EXT00203,0,4.0
M01048,EXT00203,0,4.39
M01048,EXT00203,0,4.49
M01049,MEM00210,1,0.0
M01049,MEM00210,1,0.0
M01049,MEM00210,1,0.0
M01049,MEM00210,1,0.0
M01049,MEM00210,1,0.0
M01049,MEM00210,1,0.0
M01049,MEM00210,1,0.0
M01050,MEM00375,1,3.6
M01050,MEM00375,1,4.3
M01050,MEM00375,1,2.9
M01050,MEM00375,1,4.49
M01050,MEM00375,1,4.6
M01050,MEM00375,1,4.65
M01050,MEM00375,1,3.96
M01050,EXT00266,0,4.39
M01050,EXT00266,0,5.0
M01050,EXT00266,0,5.0
M01050,EXT00266,0,4.18
M01050,EXT00266,0,4.28
M01050,EXT00266,0,4.87
M01050,EXT00266,0,3.3
M01051,MEM00605,1,0.0
M01051,MEM00605,1,0.0
M01051,MEM00605,1,0.0
M01051,MEM00605,1,0.0
M01051,MEM00605,1,0.0
M01051,MEM00605,1,0.0
M01051,MEM00605,1,0.0
M01052,MEM00651,1,0.0
M01052,MEM00651,1,0.0
M01052,MEM00651,1,0.0
M01052,MEM00651,1,0.0
M01052,MEM00651,1,0.0
M01052,MEM00651,1,0.0
M01052,MEM00651,1,0.0
M01052,MEM00457,1,0.0
M01052,MEM00457,1,0.0
M01052,MEM00457,1,0.0
M01052,MEM00457,1,0.0
M01052,MEM00457,1,0.0
M01052,MEM00457,1,0.0
M01052,MEM00457,1,0.0
M01052,MEM00606,1,0.0
M01052,MEM00606,1,0.0
M01052,MEM00606,1,0.0
M01052,MEM00606,1,0.0
M01052,MEM00606,1,0.0
M01052,MEM00606,1,0.0
M01052,MEM00606,1,0.0
M01052,MEM00726,1,0.0
M01052,MEM00726,1,0.0
M01052,MEM00726,1,0.0
M01052,MEM00726,1,0.0
M01052,MEM00726,1,0.0
M01052,MEM00726,1,0.0
M01052,MEM00726,1,0.0
M01053,MEM00607,1,0.0
M01053,MEM00607,1,0.0
M01053,MEM00607,1,0.0
M01053,MEM00607,1,0.0
M01053,MEM00607,1,0.0
M01053,MEM00607,1,0.0
M01053,MEM00607,1,0.0
M01054,MEM00181,1,4.01
M01054,MEM00181,1,5.0
M01054,MEM00181,1,4.79
M01054,MEM00181,1,4.42
M01054,MEM00181,1,3.3
M01054,MEM00181,1,4.17
M01054,MEM00181,1,3.85
M01054,MEM00059,1,4.4
M01054,MEM00059,1,3.71
M01054,MEM00059,1,3.58
M01054,MEM00059,1,2.96
M01054,MEM00059,1,4.93
M01054,MEM00059,1,3.96
M01054,MEM00059,1,4.29
M01054,MEM00005,1,4.2
M01054,MEM00005,1,3.56
M01054,MEM00005,1,3.44
M01054,MEM00005,1,3.6
M01054,MEM00005,1,3.77
M01054,MEM00005,1,4.42
M01054,MEM00005,1,3.72
M01054,EXT00268,0,5.0
M01054,EXT00268,0,4.82
M01054,EXT00268,0,4.69
M01054,EXT00268,0,4.13
M01054,EXT00268,0,5.0
M01054,EXT00268,0,4.07
M01054,EXT00268,0,4.18
M01055,MEM00321,1,0.0
M01055,MEM00321,1,0.0
M01055,MEM00321,1,0.0
M01055,MEM00321,1,0.0
M01055,MEM00321,1,0.0
M01055,MEM00321,1,0.0
M01055,MEM00321,1,0.0
M01056,MEM00314,1,4.3
M01056,MEM00314,1,4.62
M01056,MEM00314,1,4.58
M01056,MEM00314,1,3.91
M01056,MEM00314,1,3.88
M01056,MEM00314,1,4.58
M01056,MEM00314,1,4.63
M01056,MEM00708,1,3.96
M01056,MEM00708,1,3.25
M01056,MEM00708,1,4.08
M01056,MEM00708,1,4.57
M01056,MEM00708,1,5.0
M01056,MEM00708,1,3.48
M01056,MEM00708,1,3.94
M01056,EXT00362,0,3.97
M01056,EXT00362,0,5.0
M01056,EXT00362,0,4.18
M01056,EXT00362,0,3.66
M01056,EXT00362,0,4.54
M01056,EXT00362,0,3.96
M01056,EXT00362,0,3.47
M01056,EXT00358,0,3.66
M01056,EXT00358,0,5.0
M01056,EXT00358,0,4.43
M01056,EXT00358,0,4.26
M01056,EXT00358,0,4.05
M01056,EXT00358,0,4.38
M01056,EXT00358,0,4.37
M01057,MEM00241,1,4.38
M01057,MEM00241,1,4.27
M01057,MEM00241,1,4.72
M01057,MEM00241,1,4.21
M01057,MEM00241,1,3.61
M01057,MEM00241,1,3.83
M01057,MEM00241,1,3.01
M01057,EXT00077,0,5.0
M01057,EXT00077,0,4.72
M01057,EXT00077,0,3.7
M01057,EXT00077,0,4.03
M01057,EXT00077,0,3.82
M01057,EXT00077,0,5.0
M01057,EXT00077,0,3.35
M01057,EXT00101,0,4.27
M01057,EXT00101,0,4.13
M01057,EXT00101,0,4.7
M01057,EXT00101,0,4.14
M01057,EXT00101,0,3.15
M01057,EXT00101,0,4.05
M01057,EXT00101,0,3.62
M01057,EXT00280,0,4.25
M01057,EXT00280,0,5.0
M01057,EXT00280,0,3.16
M01057,EXT00280,0,3.72
M01057,EXT00280,0,3.87
M01057,EXT00280,0,3.97
M01057,EXT00280,0,4.64
M01058,MEM00168,1,0.0
M01058,MEM00168,1,0.0
M01058,MEM00168,1,0.0
M01058,MEM00168,1,0.0
M01058,MEM00168,1,0.0
M01058,MEM00168,1,0.0
M01058,MEM00168,1,0.0
M01059,MEM00655,1,4.1
M01059,MEM00655,1,4.45
M01059,MEM00655,1,3.82
M01059,MEM00655,1,4.34
M01059,MEM00655,1,4.67
M01059,MEM00655,1,3.76
M01059,MEM00655,1,4.67
M01059,MEM00261,1,4.23
M01059,MEM00261,1,4.83
M01059,MEM00261,1,4.08
M01059,MEM00261,1,4.43
M01059,MEM00261,1,4.18
M01059,MEM00261,1,4.14
M01059,MEM00261,1,4.36
M01059,MEM00335,1,4.52
M01059,MEM00335,1,3.45
M01059,MEM00335,1,5.0
M01059,MEM00335,1,3.08
M01059,MEM00335,1,3.79
M01059,MEM00335,1,4.14
M01059,MEM00335,1,4.45
M01059,EXT00048,0,5.0
M01059,EXT00048,0,3.09
M01059,EXT00048,0,3.9
M01059,EXT00048,0,2.92
M01059,EXT00048,0,4.22
M01059,EXT00048,0,4.36
M01059,EXT00048,0,5.0
M01060,MEM00419,1,4.27
M01060,MEM00419,1,4.83
M01060,MEM00419,1,4.55
M01060,MEM00419,1,3.94
M01060,MEM00419,1,3.35
M01060,MEM00419,1,4.37
M01060,MEM00419,1,3.3
M01060,MEM00589,1,4.98
M01060,MEM00589,1,4.1
M01060,MEM00589,1,4.92
M01060,MEM00589,1,3.91
M01060,MEM00589,1,4.36
M01060,MEM00589,1,4.33
M01060,MEM00589,1,4.17
M01062,MEM00221,1,3.94
M01062,MEM00221,1,4.44
M01062,MEM00221,1,3.64
M01062,MEM00221,1,3.47
M01062,MEM00221,1,4.95
M01062,MEM00221,1,4.64
M01062,MEM00221,1,4.24
M01062,MEM00388,1,5.0
M01062,MEM00388,1,4.04
M01062,MEM00388,1,4.99
M01062,MEM00388,1,4.31
M01062,MEM00388,1,3.59
M01062,MEM00388,1,5.0
M01062,MEM00388,1,4.79
M01063,MEM00230,1,0.0
M01063,MEM00230,1,0.0
M01063,MEM00230,1,0.0
M01063,MEM00230,1,0.0
M01063,MEM00230,1,0.0
M01063,MEM00230,1,0.0
M01063,MEM00230,1,0.0
M01065,MEM00475,1,0.0
M01065,MEM00475,1,0.0
M01065,MEM00475,1,0.0
M01065,MEM00475,1,0.0
M01065,MEM00475,1,0.0
M01065,MEM00475,1,0.0
M01065,MEM00475,1,0.0
M01067,MEM00339,1,4.13
M01067,MEM00339,1,4.64
M01067,MEM00339,1,3.96
M01067,MEM00339,1,4.7
M01067,MEM00339,1,2.77
M01067,MEM00339,1,3.59
M01067,MEM00339,1,4.79
M01067,EXT00068,0,4.05
M01067,EXT00068,0,4.32
M01067,EXT00068,0,3.39
M01067,EXT00068,0,5.0
M01067,EXT00068,0,4.91
M01067,EXT00068,0,4.08
M01067,EXT00068,0,3.96
M01068,MEM00724,1,4.82
M01068,MEM00724,1,5.0
M01068,MEM00724,1,4.77
M01068,MEM00724,1,5.0
M01068,MEM00724,1,3.65
M01068,MEM00724,1,3.71
M01068,MEM00724,1,3.49
M01068,MEM00425,1,4.47
M01068,MEM00425,1,4.31
M01068,MEM00425,1,4.11
M01068,MEM00425,1,4.69
M01068,MEM00425,1,4.94
M01068,MEM00425,1,3.28
M01068,MEM00425,1,3.84
M01068,MEM00114,1,4.69
M01068,MEM00114,1,3.92
M01068,MEM00114,1,3.72
M01068,MEM00114,1,4.81
M01068,MEM00114,1,3.43
M01068,MEM00114,1,4.02
M01068,MEM00114,1,4.4
M01068,EXT00130,0,3.86
M01068,EXT00130,0,4.67
M01068,EXT00130,0,3.86
M01068,EXT00130,0,5.0
M01068,EXT00130,0,4.12
M01068,EXT00130,0,4.6
M01068,EXT00130,0,4.65
M01069,EXT00299,0,0.0
M01069,EXT00299,0,0.0
M01069,EXT00299,0,0.0
M01069,EXT00299,0,0.0
M01069,EXT00299,0,0.0
M01069,EXT00299,0,0.0
M01069,EXT00299,0,0.0
M01070,MEM00518,1,0.0
M01070,MEM00518,1,0.0
M01070,MEM00518,1,0.0
M01070,MEM00518,1,0.0
M01070,MEM00518,1,0.0
M01070,MEM00518,1,0.0
M01070,MEM00518,1,0.0
M01070,MEM00756,1,0.0
M01070,MEM00756,1,0.0
M01070,MEM00756,1,0.0
M01070,MEM00756,1,0.0
M01070,MEM00756,1,0.0
M01070,MEM00756,1,0.0
M01070,MEM00756,1,0.0
M01071,MEM00653,1,0.0
M01071,MEM00653,1,0.0
M01071,MEM00653,1,0.0
M01071,MEM00653,1,0.0
M01071,MEM00653,1,0.0
M01071,MEM00653,1,0.0
M01071,MEM00653,1,0.0
M01072,MEM00441,1,3.82
M01072,MEM00441,1,2.97
M01072,MEM00441,1,4.42
M01072,MEM00441,1,4.24
M01072,MEM00441,1,4.53
M01072,MEM00441,1,4.06
M01072,MEM00441,1,3.94
M01072,MEM00516,1,5.0
M01072,MEM00516,1,3.32
M01072,MEM00516,1,4.64
M01072,MEM00516,1,3.86
M01072,MEM00516,1,4.0
M01072,MEM00516,1,4.01
M01072,MEM00516,1,3.72
M01073,MEM00312,1,4.54
M01073,MEM00312,1,5.0
M01073,MEM00312,1,4.48
M01073,MEM00312,1,4.26
M01073,MEM00312,1,3.61
M01073,MEM00312,1,4.51
M01073,MEM00312,1,5.0
M01073,MEM00718,1,3.97
M01073,MEM00718,1,3.97
M01073,MEM00718,1,3.86
M01073,MEM00718,1,3.91
M01073,MEM00718,1,2.55
M01073,MEM00718,1,4.44
M01073,MEM00718,1,3.69
M01074,MEM00252,1,0.0
M01074,MEM00252,1,0.0
M01074,MEM00252,1,0.0
M01074,MEM00252,1,0.0
M01074,MEM00252,1,0.0
M01074,MEM00252,1,0.0
M01074,MEM00252,1,0.0
M01075,MEM00655,1,3.23
M01075,MEM00655,1,4.65
M01075,MEM00655,1,3.55
M01075,MEM00655,1,4.0
M01075,MEM00655,1,5.0
M01075,MEM00655,1,3.35
M01075,MEM00655,1,3.28
M01075,MEM00007,1,4.36
M01075,MEM00007,1,4.89
M01075,MEM00007,1,3.26
M01075,MEM00007,1,4.44
M01075,MEM00007,1,4.55
M01075,MEM00007,1,2.96
M01075,MEM00007,1,4.68
M01077,MEM00636,1,0.0
M01077,MEM00636,1,0.0
M01077,MEM00636,1,0.0
M01077,MEM00636,1,0.0
M01077,MEM00636,1,0.0
M01077,MEM00636,1,0.0
M01077,MEM00636,1,0.0
M01078,MEM00455,1,4.73
M01078,MEM00455,1,4.01
M01078,MEM00455,1,4.95
M01078,MEM00455,1,4.88
M01078,MEM00455,1,4.26
M01078,MEM00455,1,3.93
M01078,MEM00455,1,3.62
M01078,MEM00107,1,4.18
M01078,MEM00107,1,4.54
M01078,MEM00107,1,4.01
M01078,MEM00107,1,2.88
M01078,MEM00107,1,4.96
M01078,MEM00107,1,4.31
M01078,MEM00107,1,3.97
M01079,EXT00187,0,0.0
M01079,EXT00187,0,0.0
M01079,EXT00187,0,0.0
M01079,EXT00187,0,0.0
M01079,EXT00187,0,0.0
M01079,EXT00187,0,0.0
M01079,EXT00187,0,0.0
M01079,EXT00048,0,0.0
M01079,EXT00048,0,0.0
M01079,EXT00048,0,0.0
M01079,EXT00048,0,0.0
M01079,EXT00048,0,0.0
M01079,EXT00048,0,0.0
M01079,EXT00048,0,0.0
M01080,MEM00184,1,4.71
M01080,MEM00184,1,5.0
M01080,MEM00184,1,2.52
M01080,MEM00184,1,4.46
M01080,MEM00184,1,3.34
M01080,MEM00184,1,4.5
M01080,MEM00184,1,4.28
M01080,MEM00782,1,4.58
M01080,MEM00782,1,3.9
M01080,MEM00782,1,3.08
M01080,MEM00782,1,3.93
M01080,MEM00782,1,4.44
M01080,MEM00782,1,4.81
M01080,MEM00782,1,3.5
M01082,MEM00474,1,0.0
M01082,MEM00474,1,0.0
M01082,MEM00474,1,0.0
M01082,MEM00474,1,0.0
M01082,MEM00474,1,0.0
M01082,MEM00474,1,0.0
M01082,MEM00474,1,0.0
M01082,MEM00069,1,0.0
M01082,MEM00069,1,0.0
M01082,MEM00069,1,0.0
M01082,MEM00069,1,0.0
M01082,MEM00069,1,0.0
M01082,MEM00069,1,0.0
M01082,MEM00069,1,0.0
M01083,MEM00420,1,4.82
M01083,MEM00420,1,3.81
M01083,MEM00420,1,4.42
M01083,MEM00420,1,3.89
M01083,MEM00420,1,4.31
M01083,MEM00420,1,4.74
M01083,MEM00420,1,3.46
M01083,MEM00032,1,3.79
M01083,MEM00032,1,4.31
M01083,MEM00032,1,5.0
M01083,MEM00032,1,3.68
M01083,MEM00032,1,5.0
M01083,MEM00032,1,5.0
M01083,MEM00032,1,4.14
M01083,MEM00518,1,4.02
M01083,MEM00518,1,3.78
M01083,MEM00518,1,4.16
M01083,MEM00518,1,3.36
M01083,MEM00518,1,4.15
M01083,MEM00518,1,5.0
M01083,MEM00518,1,3.83
M01083,MEM00594,1,4.06
M01083,MEM00594,1,3.18
M01083,MEM00594,1,4.42
M01083,MEM00594,1,4.36
M01083,MEM00594,1,4.24
M01083,MEM00594,1,4.07
M01083,MEM00594,1,4.02
M01084,MEM00107,1,0.0
M01084,MEM00107,1,0.0
M01084,MEM00107,1,0.0
M01084,MEM00107,1,0.0
M01084,MEM00107,1,0.0
M01084,MEM00107,1,0.0
M01084,MEM00107,1,0.0
M01085,MEM00158,1,4.5
M01085,MEM00158,1,4.18
M01085,MEM00158,1,4.39
M01085,MEM00158,1,4.33
M01085,MEM00158,1,4.87
M01085,MEM00158,1,4.61
M01085,MEM00158,1,4.32
M01085,MEM00444,1,5.0
M01085,MEM00444,1,4.45
M01085,MEM00444,1,4.98
M01085,MEM00444,1,4.56
M01085,MEM00444,1,3.09
M01085,MEM00444,1,4.98
M01085,MEM00444,1,4.28
M01086,MEM00226,1,4.17
M01086,MEM00226,1,4.37
M01086,MEM00226,1,3.99
M01086,MEM00226,1,4.34
M01086,MEM00226,1,3.84
M01086,MEM00226,1,4.96
M01086,MEM00226,1,4.13
M01086,EXT00367,0,3.97
M01086,EXT00367,0,3.65
M01086,EXT00367,0,4.36
M01086,EXT00367,0,4.31
M01086,EXT00367,0,4.43
M01086,EXT00367,0,3.58
M01086,EXT00367,0,3.24
M01087,MEM00785,1,4.58
M01087,MEM00785,1,5.0
M01087,MEM00785,1,3.58
M01087,MEM00785,1,5.0
M01087,MEM00785,1,4.37
M01087,MEM00785,1,4.2
M01087,MEM00785,1,3.96
M01087,MEM00652,1,3.37
M01087,MEM00652,1,4.79
M01087,MEM00652,1,3.73
M01087,MEM00652,1,3.73
M01087,MEM00652,1,4.8
M01087,MEM00652,1,3.07
M01087,MEM00652,1,3.29
M01088,MEM00210,1,0.0
M01088,MEM00210,1,0.0
M01088,MEM00210,1,0.0
M01088,MEM00210,1,0.0
M01088,MEM00210,1,0.0
M01088,MEM00210,1,0.0
M01088,MEM00210,1,0.0
M01088,MEM00771,1,0.0
M01088,MEM00771,1,0.0
M01088,MEM00771,1,0.0
M01088,MEM00771,1,0.0
M01088,MEM00771,1,0.0
M01088,MEM00771,1,0.0
M01088,MEM00771,1,0.0
M01088,EXT00168,0,0.0
M01088,EXT00168,0,0.0
M01088,EXT00168,0,0.0
M01088,EXT00168,0,0.0
M01088,EXT00168,0,0.0
M01088,EXT00168,0,0.0
M01088,EXT00168,0,0.0
M01088,EXT00132,0,0.0
M01088,EXT00132,0,0.0
M01088,EXT00132,0,0.0
M01088,EXT00132,0,0.0
M01088,EXT00132,0,0.0
M01088,EXT00132,0,0.0
M01088,EXT00132,0,0.0
M01089,MEM00055,1,4.19
M01089,MEM00055,1,4.38
M01089,MEM00055,1,4.49
M01089,MEM00055,1,4.02
M01089,MEM00055,1,5.0
M01089,MEM00055,1,4.06
M01089,MEM00055,1,4.06
M01089,MEM00056,1,3.72
M01089,MEM00056,1,4.27
M01089,MEM00056,1,4.57
M01089,MEM00056,1,4.92
M01089,MEM00056,1,3.31
M01089,MEM00056,1,4.05
M01089,MEM00056,1,4.47
M01089,MEM00559,1,4.55
M01089,MEM00559,1,4.2
M01089,MEM00559,1,4.53
M01089,MEM00559,1,3.71
M01089,MEM00559,1,5.0
M01089,MEM00559,1,4.8
M01089,MEM00559,1,3.39
M01089,EXT00184,0,3.55
M01089,EXT00184,0,3.57
M01089,EXT00184,0,4.61
M01089,EXT00184,0,3.43
M01089,EXT00184,0,4.0
M01089,EXT00184,0,4.47
M01089,EXT00184,0,4.16
M01090,MEM00210,1,4.36
M01090,MEM00210,1,3.56
M01090,MEM00210,1,4.56
M01090,MEM00210,1,3.83
M01090,MEM00210,1,4.01
M01090,MEM00210,1,4.34
M01090,MEM00210,1,4.26
M01090,MEM00479,1,4.21
M01090,MEM00479,1,3.75
M01090,MEM00479,1,4.02
M01090,MEM00479,1,4.2
M01090,MEM00479,1,3.37
M01090,MEM00479,1,3.92
M01090,MEM00479,1,4.43
M01090,MEM00199,1,3.43
M01090,MEM00199,1,4.89
M01090,MEM00199,1,4.96
M01090,MEM00199,1,3.45
M01090,MEM00199,1,5.0
M01090,MEM00199,1,4.11
M01090,MEM00199,1,4.45
M01090,MEM00457,1,3.9
M01090,MEM00457,1,4.75
M01090,MEM00457,1,4.44
M01090,MEM00457,1,3.71
M01090,MEM00457,1,3.5
M01090,MEM00457,1,3.32
M01090,MEM00457,1,4.31
M01091,MEM00279,1,0.0
M01091,MEM00279,1,0.0
M01091,MEM00279,1,0.0
M01091,MEM00279,1,0.0
M01091,MEM00279,1,0.0
M01091,MEM00279,1,0.0
M01091,MEM00279,1,0.0
M01092,MEM00655,1,4.54
M01092,MEM00655,1,4.59
M01092,MEM00655,1,4.13
M01092,MEM00655,1,3.51
M01092,MEM00655,1,3.79
M01092,MEM00655,1,4.89
M01092,MEM00655,1,3.91
M01092,MEM00653,1,4.29
M01092,MEM00653,1,3.55
M01092,MEM00653,1,4.4
M01092,MEM00653,1,3.93
M01092,MEM00653,1,4.83
M01092,MEM00653,1,4.66
M01092,MEM00653,1,3.9
M01092,MEM00271,1,4.12
M01092,MEM00271,1,3.87
M01092,MEM00271,1,3.35
M01092,MEM00271,1,3.69
M01092,MEM00271,1,4.32
M01092,MEM00271,1,4.4
M01092,MEM00271,1,4.29
M01092,MEM00377,1,4.02
M01092,MEM00377,1,4.76
M01092,MEM00377,1,4.24
M01092,MEM00377,1,4.62
M01092,MEM00377,1,3.14
M01092,MEM00377,1,1.85
M01092,MEM00377,1,4.37
M01093,MEM00283,1,0.0
M01093,MEM00283,1,0.0
M01093,MEM00283,1,0.0
M01093,MEM00283,1,0.0
M01093,MEM00283,1,0.0
M01093,MEM00283,1,0.0
M01093,MEM00283,1,0.0
M01094,MEM00253,1,3.35
M01094,MEM00253,1,4.07
M01094,MEM00253,1,4.02
M01094,MEM00253,1,5.0
M01094,MEM00253,1,4.44
M01094,MEM00253,1,4.3
M01094,MEM00253,1,4.7
M01094,MEM00180,1,4.42
M01094,MEM00180,1,3.93
M01094,MEM00180,1,4.84
M01094,MEM00180,1,3.53
M01094,MEM00180,1,4.39
M01094,MEM00180,1,3.27
M01094,MEM00180,1,4.32
M01094,MEM00642,1,4.32
M01094,MEM00642,1,5.0
M01094,MEM00642,1,3.26
M01094,MEM00642,1,3.84
M01094,MEM00642,1,4.69
M01094,MEM00642,1,4.4
M01094,MEM00642,1,4.31
M01094,EXT00037,0,3.63
M01094,EXT00037,0,3.85
M01094,EXT00037,0,4.95
M01094,EXT00037,0,4.17
M01094,EXT00037,0,4.43
M01094,EXT00037,0,4.13
M01094,EXT00037,0,3.49
M01095,MEM00379,1,4.76
M01095,MEM00379,1,4.5
M01095,MEM00379,1,5.0
M01095,MEM00379,1,3.59
M01095,MEM00379,1,4.69
M01095,MEM00379,1,3.41
M01095,MEM00379,1,4.29
M01095,MEM00668,1,4.79
M01095,MEM00668,1,2.96
M01095,MEM00668,1,4.08
M01095,MEM00668,1,3.86
M01095,MEM00668,1,3.78
M01095,MEM00668,1,4.43
M01095,MEM00668,1,4.87
M01095,MEM00373,1,4.12
M01095,MEM00373,1,4.32
M01095,MEM00373,1,4.27
M01095,MEM00373,1,4.2
M01095,MEM00373,1,3.55
M01095,MEM00373,1,4.87
M01095,MEM00373,1,4.38
M01095,EXT00085,0,4.44
M01095,EXT00085,0,3.72
M01095,EXT00085,0,3.92
M01095,EXT00085,0,4.09
M01095,EXT00085,0,3.28
M01095,EXT00085,0,3.19
M01095,EXT00085,0,3.84
M01097,MEM00296,1,0.0
M01097,MEM00296,1,0.0
M01097,MEM00296,1,0.0
M01097,MEM00296,1,0.0
M01097,MEM00296,1,0.0
M01097,MEM00296,1,0.0
M01097,MEM00296,1,0.0
M01097,EXT00322,0,0.0
M01097,EXT00322,0,0.0
M01097,EXT00322,0,0.0
M01097,EXT00322,0,0.0
M01097,EXT00322,0,0.0
M01097,EXT00322,0,0.0
M01097,EXT00322,0,0.0
M01099,MEM00655,1,0.0
M01099,MEM00655,1,0.0
M01099,MEM00655,1,0.0
M01099,MEM00655,1,0.0
M01099,MEM00655,1,0.0
M01099,MEM00655,1,0.0
M01099,MEM00655,1,0.0
M01099,MEM00299,1,0.0
M01099,MEM00299,1,0.0
M01099,MEM00299,1,0.0
M01099,MEM00299,1,0.0
M01099,MEM00299,1,0.0
M01099,MEM00299,1,0.0
M01099,MEM00299,1,0.0
M01099,MEM00367,1,0.0
M01099,MEM00367,1,0.0
M01099,MEM00367,1,0.0
M01099,MEM00367,1,0.0
M01099,MEM00367,1,0.0
M01099,MEM00367,1,0.0
M01099,MEM00367,1,0.0
M01099,EXT00113,0,0.0
M01099,EXT00113,0,0.0
M01099,EXT00113,0,0.0
M01099,EXT00113,0,0.0
M01099,EXT00113,0,0.0
M01099,EXT00113,0,0.0
M01099,EXT00113,0,0.0
M01100,MEM00756,1,4.51
M01100,MEM00756,1,3.81
M01100,MEM00756,1,3.59
M01100,MEM00756,1,3.71
M01100,MEM00756,1,3.93
M01100,MEM00756,1,3.99
M01100,MEM00756,1,5.0
M01100,MEM00114,1,4.83
M01100,MEM00114,1,4.81
M01100,MEM00114,1,4.9
M01100,MEM00114,1,3.6
M01100,MEM00114,1,3.47
M01100,MEM00114,1,3.54
M01100,MEM00114,1,5.0
M01100,MEM00549,1,3.87
M01100,MEM00549,1,3.45
M01100,MEM00549,1,3.94
M01100,MEM00549,1,4.06
M01100,MEM00549,1,4.36
M01100,MEM00549,1,4.35
M01100,MEM00549,1,3.7
M01100,EXT00213,0,4.61
M01100,EXT00213,0,3.82
M01100,EXT00213,0,4.11
M01100,EXT00213,0,4.61
M01100,EXT00213,0,3.81
M01100,EXT00213,0,3.86
M01100,EXT00213,0,4.56
M01101,MEM00032,1,3.69
M01101,MEM00032,1,3.97
M01101,MEM00032,1,4.53
M01101,MEM00032,1,5.0
M01101,MEM00032,1,4.56
M01101,MEM00032,1,4.48
M01101,MEM00032,1,4.52
M01101,MEM00376,1,3.56
M01101,MEM00376,1,4.27
M01101,MEM00376,1,4.18
M01101,MEM00376,1,4.39
M01101,MEM00376,1,4.27
M01101,MEM00376,1,4.43
M01101,MEM00376,1,4.01
M01101,EXT00066,0,4.24
M01101,EXT00066,0,3.46
M01101,EXT00066,0,4.01
M01101,EXT00066,0,5.0
M01101,EXT00066,0,4.39
M01101,EXT00066,0,4.19
M01101,EXT00066,0,5.0
M01101,EXT00160,0,3.38
M01101,EXT00160,0,3.53
M01101,EXT00160,0,5.0
M01101,EXT00160,0,4.23
M01101,EXT00160,0,4.05
M01101,EXT00160,0,3.48
M01101,EXT00160,0,4.47
M01102,MEM00516,1,0.0
M01102,MEM00516,1,0.0
M01102,MEM00516,1,0.0
M01102,MEM00516,1,0.0
M01102,MEM00516,1,0.0
M01102,MEM00516,1,0.0
M01102,MEM00516,1,0.0
M01102,MEM00772,1,0.0
M01102,MEM00772,1,0.0
M01102,MEM00772,1,0.0
M01102,MEM00772,1,0.0
M01102,MEM00772,1,0.0
M01102,MEM00772,1,0.0
M01102,MEM00772,1,0.0
M01103,MEM00437,1,4.53
M01103,MEM00437,1,3.54
M01103,MEM00437,1,4.12
M01103,MEM00437,1,4.0
M01103,MEM00437,1,4.35
M01103,MEM00437,1,3.53
M01103,MEM00437,1,4.95
M01103,EXT00289,0,4.75
M01103,EXT00289,0,3.98
M01103,EXT00289,0,4.07
M01103,EXT00289,0,4.12
M01103,EXT00289,0,3.73
M01103,EXT00289,0,3.93
M01103,EXT00289,0,4.04
M01104,MEM00071,1,0.0
M01104,MEM00071,1,0.0
M01104,MEM00071,1,0.0
M01104,MEM00071,1,0.0
M01104,MEM00071,1,0.0
M01104,MEM00071,1,0.0
M01104,MEM00071,1,0.0
M01106,MEM00324,1,0.0
M01106,MEM00324,1,0.0
M01106,MEM00324,1,0.0
M01106,MEM00324,1,0.0
M01106,MEM00324,1,0.0
M01106,MEM00324,1,0.0
M01106,MEM00324,1,0.0
M01107,MEM00479,1,0.0
M01107,MEM00479,1,0.0
M01107,MEM00479,1,0.0
M01107,MEM00479,1,0.0
M01107,MEM00479,1,0.0
M01107,MEM00479,1,0.0
M01107,MEM00479,1,0.0
M01107,MEM00756,1,0.0
M01107,MEM00756,1,0.0
M01107,MEM00756,1,0.0
M01107,MEM00756,1,0.0
M01107,MEM00756,1,0.0
M01107,MEM00756,1,0.0
M01107,MEM00756,1,0.0
M01107,MEM00522,1,0.0
M01107,MEM00522,1,0.0
M01107,MEM00522,1,0.0
M01107,MEM00522,1,0.0
M01107,MEM00522,1,0.0
M01107,MEM00522,1,0.0
M01107,MEM00522,1,0.0
M01107,MEM00114,1,0.0
M01107,MEM00114,1,0.0
M01107,MEM00114,1,0.0
M01107,MEM00114,1,0.0
M01107,MEM00114,1,0.0
M01107,MEM00114,1,0.0
M01107,MEM00114,1,0.0
M01108,MEM00273,1,5.0
M01108,MEM00273,1,4.77
M01108,MEM00273,1,4.76
M01108,MEM00273,1,4.42
M01108,MEM00273,1,3.53
M01108,MEM00273,1,4.18
M01108,MEM00273,1,4.78
M01108,MEM00428,1,3.45
M01108,MEM00428,1,4.58
M01108,MEM00428,1,5.0
M01108,MEM00428,1,4.84
M01108,MEM00428,1,5.0
M01108,MEM00428,1,4.33
M01108,MEM00428,1,4.78
M01108,MEM00074,1,3.77
M01108,MEM00074,1,4.68
M01108,MEM00074,1,4.59
M01108,MEM00074,1,4.37
M01108,MEM00074,1,4.99
M01108,MEM00074,1,3.88
M01108,MEM00074,1,4.09
M01108,MEM00314,1,4.26
M01108,MEM00314,1,3.58
M01108,MEM00314,1,4.34
M01108,MEM00314,1,3.17
M01108,MEM00314,1,4.83
M01108,MEM00314,1,4.23
M01108,MEM00314,1,3.89
M01110,MEM00651,1,3.7
M01110,MEM00651,1,4.06
M01110,MEM00651,1,4.61
M01110,MEM00651,1,4.53
M01110,MEM00651,1,3.78
M01110,MEM00651,1,3.69
M01110,MEM00651,1,4.59
M01110,MEM00659,1,3.77
M01110,MEM00659,1,4.24
M01110,MEM00659,1,4.27
M01110,MEM00659,1,4.39
M01110,MEM00659,1,4.71
M01110,MEM00659,1,3.44
M01110,MEM00659,1,3.05
M01110,MEM00287,1,3.86
M01110,MEM00287,1,5.0
M01110,MEM00287,1,5.0
M01110,MEM00287,1,5.0
M01110,MEM00287,1,4.08
M01110,MEM00287,1,3.13
M01110,MEM00287,1,2.79
M01110,MEM00479,1,3.83
M01110,MEM00479,1,4.08
M01110,MEM00479,1,4.98
M01110,MEM00479,1,4.72
M01110,MEM00479,1,4.34
M01110,MEM00479,1,3.67
M01110,MEM00479,1,3.62
M01112,MEM00210,1,0.0
M01112,MEM00210,1,0.0
M01112,MEM00210,1,0.0
M01112,MEM00210,1,0.0
M01112,MEM00210,1,0.0
M01112,MEM00210,1,0.0
M01112,MEM00210,1,0.0
M01112,MEM00107,1,0.0
M01112,MEM00107,1,0.0
M01112,MEM00107,1,0.0
M01112,MEM00107,1,0.0
M01112,MEM00107,1,0.0
M01112,MEM00107,1,0.0
M01112,MEM00107,1,0.0
M01112,EXT00135,0,0.0
M01112,EXT00135,0,0.0
M01112,EXT00135,0,0.0
M01112,EXT00135,0,0.0
M01112,EXT00135,0,0.0
M01112,EXT00135,0,0.0
M01112,EXT00135,0,0.0
M01113,MEM00541,1,0.0
M01113,MEM00541,1,0.0
M01113,MEM00541,1,0.0
M01113,MEM00541,1,0.0
M01113,MEM00541,1,0.0
M01113,MEM00541,1,0.0
M01113,MEM00541,1,0.0
M01113,MEM00322,1,0.0
M01113,MEM00322,1,0.0
M01113,MEM00322,1,0.0
M01113,MEM00322,1,0.0
M01113,MEM00322,1,0.0
M01113,MEM00322,1,0.0
M01113,MEM00322,1,0.0
M01115,MEM00072,1,4.35
M01115,MEM00072,1,4.62
M01115,MEM00072,1,4.44
M01115,MEM00072,1,3.58
M01115,MEM00072,1,4.59
M01115,MEM00072,1,4.46
M01115,MEM00072,1,3.56
M01115,MEM00517,1,3.73
M01115,MEM00517,1,4.61
M01115,MEM00517,1,4.06
M01115,MEM00517,1,5.0
M01115,MEM00517,1,4.5
M01115,MEM00517,1,3.91
M01115,MEM00517,1,4.19
M01116,MEM00308,1,4.24
M01116,MEM00308,1,3.76
M01116,MEM00308,1,3.65
M01116,MEM00308,1,4.62
M01116,MEM00308,1,4.71
M01116,MEM00308,1,4.56
M01116,MEM00308,1,5.0
M01116,EXT00075,0,3.87
M01116,EXT00075,0,5.0
M01116,EXT00075,0,3.66
M01116,EXT00075,0,3.59
M01116,EXT00075,0,3.14
M01116,EXT00075,0,3.93
M01116,EXT00075,0,3.9
M01117,MEM00655,1,4.52
M01117,MEM00655,1,4.35
M01117,MEM00655,1,3.48
M01117,MEM00655,1,3.96
M01117,MEM00655,1,3.98
M01117,MEM00655,1,3.13
M01117,MEM00655,1,3.61
M01117,MEM00324,1,3.74
M01117,MEM00324,1,5.0
M01117,MEM00324,1,4.31
M01117,MEM00324,1,4.6
M01117,MEM00324,1,3.3
M01117,MEM00324,1,4.92
M01117,MEM00324,1,4.98
M01117,MEM00144,1,3.0
M01117,MEM00144,1,3.78
M01117,MEM00144,1,4.5
M01117,MEM00144,1,4.59
M01117,MEM00144,1,3.79
M01117,MEM00144,1,4.02
M01117,MEM00144,1,3.84
M01117,MEM00044,1,4.27
M01117,MEM00044,1,4.92
M01117,MEM00044,1,3.74
M01117,MEM00044,1,4.8
M01117,MEM00044,1,3.73
M01117,MEM00044,1,3.69
M01117,MEM00044,1,4.69
M01118,MEM00157,1,4.75
M01118,MEM00157,1,4.71
M01118,MEM00157,1,3.41
M01118,MEM00157,1,3.92
M01118,MEM00157,1,4.69
M01118,MEM00157,1,4.22
M01118,MEM00157,1,3.56
M01118,EXT00355,0,4.47
M01118,EXT00355,0,3.77
M01118,EXT00355,0,5.0
M01118,EXT00355,0,5.0
M01118,EXT00355,0,4.56
M01118,EXT00355,0,5.0
M01118,EXT00355,0,4.24
M01119,MEM00435,1,0.0
M01119,MEM00435,1,0.0
M01119,MEM00435,1,0.0
M01119,MEM00435,1,0.0
M01119,MEM00435,1,0.0
M01119,MEM00435,1,0.0
M01119,MEM00435,1,0.0
M01120,MEM00765,1,4.66
M01120,MEM00765,1,5.0
M01120,MEM00765,1,4.35
M01120,MEM00765,1,4.05
M01120,MEM00765,1,3.18
M01120,MEM00765,1,4.15
M01120,MEM00765,1,4.69
M01120,MEM00585,1,4.77
M01120,MEM00585,1,4.5
M01120,MEM00585,1,3.88
M01120,MEM00585,1,3.01
M01120,MEM00585,1,3.9
M01120,MEM00585,1,4.02
M01120,MEM00585,1,4.01
M01120,MEM00203,1,4.57
M01120,MEM00203,1,5.0
M01120,MEM00203,1,4.27
M01120,MEM00203,1,4.07
M01120,MEM00203,1,4.04
M01120,MEM00203,1,4.27
M01120,MEM00203,1,3.7
M01120,MEM00394,1,4.27
M01120,MEM00394,1,4.47
M01120,MEM00394,1,4.33
M01120,MEM00394,1,4.47
M01120,MEM00394,1,4.46
M01120,MEM00394,1,3.14
M01120,MEM00394,1,4.58
M01121,MEM00192,1,0.0
M01121,MEM00192,1,0.0
M01121,MEM00192,1,0.0
M01121,MEM00192,1,0.0
M01121,MEM00192,1,0.0
M01121,MEM00192,1,0.0
M01121,MEM00192,1,0.0
M01121,MEM00708,1,0.0
M01121,MEM00708,1,0.0
M01121,MEM00708,1,0.0
M01121,MEM00708,1,0.0
M01121,MEM00708,1,0.0
M01121,MEM00708,1,0.0
M01121,MEM00708,1,0.0
M01121,EXT00366,0,0.0
M01121,EXT00366,0,0.0
M01121,EXT00366,0,0.0
M01121,EXT00366,0,0.0
M01121,EXT00366,0,0.0
M01121,EXT00366,0,0.0
M01121,EXT00366,0,0.0
M01122,MEM00739,1,0.0
M01122,MEM00739,1,0.0
M01122,MEM00739,1,0.0
M01122,MEM00739,1,0.0
M01122,MEM00739,1,0.0
M01122,MEM00739,1,0.0
M01122,MEM00739,1,0.0
M01122,EXT00252,0,0.0
M01122,EXT00252,0,0.0
M01122,EXT00252,0,0.0
M01122,EXT00252,0,0.0
M01122,EXT00252,0,0.0
M01122,EXT00252,0,0.0
M01122,EXT00252,0,0.0
M01122,EXT00250,0,0.0
M01122,EXT00250,0,0.0
M01122,EXT00250,0,0.0
M01122,EXT00250,0,0.0
M01122,EXT00250,0,0.0
M01122,EXT00250,0,0.0
M01122,EXT00250,0,0.0
M01123,MEM00314,1,0.0
M01123,MEM00314,1,0.0
M01123,MEM00314,1,0.0
M01123,MEM00314,1,0.0
M01123,MEM00314,1,0.0
M01123,MEM00314,1,0.0
M01123,MEM00314,1,0.0
M01124,MEM00606,1,0.0
M01124,MEM00606,1,0.0
M01124,MEM00606,1,0.0
M01124,MEM00606,1,0.0
M01124,MEM00606,1,0.0
M01124,MEM00606,1,0.0
M01124,MEM00606,1,0.0
M01126,MEM00419,1,3.8
M01126,MEM00419,1,3.54
M01126,MEM00419,1,3.54
M01126,MEM00419,1,4.46
M01126,MEM00419,1,4.07
M01126,MEM00419,1,3.19
M01126,MEM00419,1,4.49
M01126,EXT00275,0,3.34
M01126,EXT00275,0,4.28
M01126,EXT00275,0,4.34
M01126,EXT00275,0,4.73
M01126,EXT00275,0,5.0
M01126,EXT00275,0,3.38
M01126,EXT00275,0,4.17
M01127,MEM00333,1,0.0
M01127,MEM00333,1,0.0
M01127,MEM00333,1,0.0
M01127,MEM00333,1,0.0
M01127,MEM00333,1,0.0
M01127,MEM00333,1,0.0
M01127,MEM00333,1,0.0
M01128,MEM00655,1,4.03
M01128,MEM00655,1,4.46
M01128,MEM00655,1,4.33
M01128,MEM00655,1,3.99
M01128,MEM00655,1,3.94
M01128,MEM00655,1,3.53
M01128,MEM00655,1,4.79
M01128,MEM00585,1,4.48
M01128,MEM00585,1,4.75
M01128,MEM00585,1,4.01
M01128,MEM00585,1,3.81
M01128,MEM00585,1,3.55
M01128,MEM00585,1,4.42
M01128,MEM00585,1,3.58
M01128,MEM00136,1,5.0
M01128,MEM00136,1,3.42
M01128,MEM00136,1,4.36
M01128,MEM00136,1,5.0
M01128,MEM00136,1,4.56
M01128,MEM00136,1,4.31
M01128,MEM00136,1,3.62
M01128,EXT00333,0,3.37
M01128,EXT00333,0,4.66
M01128,EXT00333,0,5.0
M01128,EXT00333,0,3.94
M01128,EXT00333,0,3.52
M01128,EXT00333,0,2.73
M01128,EXT00333,0,3.61
M01129,EXT00215,0,0.0
M01129,EXT00215,0,0.0
M01129,EXT00215,0,0.0
M01129,EXT00215,0,0.0
M01129,EXT00215,0,0.0
M01129,EXT00215,0,0.0
M01129,EXT00215,0,0.0
M01129,EXT00337,0,0.0
M01129,EXT00337,0,0.0
M01129,EXT00337,0,0.0
M01129,EXT00337,0,0.0
M01129,EXT00337,0,0.0
M01129,EXT00337,0,0.0
M01129,EXT00337,0,0.0
M01130,MEM00738,1,4.13
M01130,MEM00738,1,5.0
M01130,MEM00738,1,4.6
M01130,MEM00738,1,4.38
M01130,MEM00738,1,3.96
M01130,MEM00738,1,3.85
M01130,MEM00738,1,5.0
M01130,MEM00210,1,4.32
M01130,MEM00210,1,2.94
M01130,MEM00210,1,3.8
M01130,MEM00210,1,3.69
M01130,MEM00210,1,3.87
M01130,MEM00210,1,4.54
M01130,MEM00210,1,4.14
M01130,MEM00335,1,4.15
M01130,MEM00335,1,4.99
M01130,MEM00335,1,3.78
M01130,MEM00335,1,5.0
M01130,MEM00335,1,3.8
M01130,MEM00335,1,4.25
M01130,MEM00335,1,4.03
M01130,MEM00294,1,4.27
M01130,MEM00294,1,4.47
M01130,MEM00294,1,4.46
M01130,MEM00294,1,3.75
M01130,MEM00294,1,3.53
M01130,MEM00294,1,5.0
M01130,MEM00294,1,3.91
M01131,MEM00670,1,0.0
M01131,MEM00670,1,0.0
M01131,MEM00670,1,0.0
M01131,MEM00670,1,0.0
M01131,MEM00670,1,0.0
M01131,MEM00670,1,0.0
M01131,MEM00670,1,0.0
M01132,MEM00404,1,4.62
M01132,MEM00404,1,3.24
M01132,MEM00404,1,4.03
M01132,MEM00404,1,4.12
M01132,MEM00404,1,4.48
M01132,MEM00404,1,2.57
M01132,MEM00404,1,4.3
M01132,MEM00379,1,3.51
M01132,MEM00379,1,4.39
M01132,MEM00379,1,3.58
M01132,MEM00379,1,3.69
M01132,MEM00379,1,4.04
M01132,MEM00379,1,3.57
M01132,MEM00379,1,3.91
M01132,MEM00451,1,3.48
M01132,MEM00451,1,3.1
M01132,MEM00451,1,4.81
M01132,MEM00451,1,3.42
M01132,MEM00451,1,4.09
M01132,MEM00451,1,4.65
M01132,MEM00451,1,3.83
M01132,MEM00235,1,3.7
M01132,MEM00235,1,4.34
M01132,MEM00235,1,4.87
M01132,MEM00235,1,3.5
M01132,MEM00235,1,4.11
M01132,MEM00235,1,3.16
M01132,MEM00235,1,3.96
M01133,MEM00252,1,4.22
M01133,MEM00252,1,3.69
M01133,MEM00252,1,3.93
M01133,MEM00252,1,3.36
M01133,MEM00252,1,4.25
M01133,MEM00252,1,4.83
M01133,MEM00252,1,3.54
M01133,MEM00041,1,3.83
M01133,MEM00041,1,4.5
M01133,MEM00041,1,4.93
M01133,MEM00041,1,3.3
M01133,MEM00041,1,4.1
M01133,MEM00041,1,4.37
M01133,MEM00041,1,4.14
M01134,MEM00210,1,0.0
M01134,MEM00210,1,0.0
M01134,MEM00210,1,0.0
M01134,MEM00210,1,0.0
M01134,MEM00210,1,0.0
M01134,MEM00210,1,0.0
M01134,MEM00210,1,0.0
M01135,MEM00780,1,0.0
M01135,MEM00780,1,0.0
M01135,MEM00780,1,0.0
M01135,MEM00780,1,0.0
M01135,MEM00780,1,0.0
M01135,MEM00780,1,0.0
M01135,MEM00780,1,0.0
M01135,MEM00004,1,0.0
M01135,MEM00004,1,0.0
M01135,MEM00004,1,0.0
M01135,MEM00004,1,0.0
M01135,MEM00004,1,0.0
M01135,MEM00004,1,0.0
M01135,MEM00004,1,0.0
M01135,MEM00770,1,0.0
M01135,MEM00770,1,0.0
M01135,MEM00770,1,0.0
M01135,MEM00770,1,0.0
M01135,MEM00770,1,0.0
M01135,MEM00770,1,0.0
M01135,MEM00770,1,0.0
M01136,MEM00308,1,0.0
M01136,MEM00308,1,0.0
M01136,MEM00308,1,0.0
M01136,MEM00308,1,0.0
M01136,MEM00308,1,0.0
M01136,MEM00308,1,0.0
M01136,MEM00308,1,0.0
M01138,MEM00537,1,2.71
M01138,MEM00537,1,4.5
M01138,MEM00537,1,5.0
M01138,MEM00537,1,4.27
M01138,MEM00537,1,3.58
M01138,MEM00537,1,3.89
M01138,MEM00537,1,5.0
M01138,MEM00642,1,4.75
M01138,MEM00642,1,4.58
M01138,MEM00642,1,4.41
M01138,MEM00642,1,3.8
M01138,MEM00642,1,4.08
M01138,MEM00642,1,4.15
M01138,MEM00642,1,4.53
M01138,MEM00267,1,5.0
M01138,MEM00267,1,4.87
M01138,MEM00267,1,3.35
M01138,MEM00267,1,4.33
M01138,MEM00267,1,4.64
M01138,MEM00267,1,4.57
M01138,MEM00267,1,3.82
M01138,MEM00584,1,5.0
M01138,MEM00584,1,3.43
M01138,MEM00584,1,3.55
M01138,MEM00584,1,4.34
M01138,MEM00584,1,5.0
M01138,MEM00584,1,3.7
M01138,MEM00584,1,4.04
M01139,MEM00623,1,4.85
M01139,MEM00623,1,4.19
M01139,MEM00623,1,4.0
M01139,MEM00623,1,4.54
M01139,MEM00623,1,4.36
M01139,MEM00623,1,4.82
M01139,MEM00623,1,4.97
M01139,MEM00763,1,4.38
M01139,MEM00763,1,4.38
M01139,MEM00763,1,4.33
M01139,MEM00763,1,4.49
M01139,MEM00763,1,4.23
M01139,MEM00763,1,4.2
M01139,MEM00763,1,4.92
M01139,MEM00312,1,5.0
M01139,MEM00312,1,3.3
M01139,MEM00312,1,4.21
M01139,MEM00312,1,3.79
M01139,MEM00312,1,4.01
M01139,MEM00312,1,4.44
M01139,MEM00312,1,4.6
M01139,EXT00099,0,4.13
M01139,EXT00099,0,3.05
M01139,EXT00099,0,3.62
M01139,EXT00099,0,4.74
M01139,EXT00099,0,2.56
M01139,EXT00099,0,4.91
M01139,EXT00099,0,4.51
M01141,MEM00789,1,0.0
M01141,MEM00789,1,0.0
M01141,MEM00789,1,0.0
M01141,MEM00789,1,0.0
M01141,MEM00789,1,0.0
M01141,MEM00789,1,0.0
M01141,MEM00789,1,0.0
M01142,MEM00027,1,0.0
M01142,MEM00027,1,0.0
M01142,MEM00027,1,0.0
M01142,MEM00027,1,0.0
M01142,MEM00027,1,0.0
M01142,MEM00027,1,0.0
M01142,MEM00027,1,0.0
M01143,MEM00479,1,0.0
M01143,MEM00479,1,0.0
M01143,MEM00479,1,0.0
M01143,MEM00479,1,0.0
M01143,MEM00479,1,0.0
M01143,MEM00479,1,0.0
M01143,MEM00479,1,0.0
M01144,MEM00553,1,0.0
M01144,MEM00553,1,0.0
M01144,MEM00553,1,0.0
M01144,MEM00553,1,0.0
M01144,MEM00553,1,0.0
M01144,MEM00553,1,0.0
M01144,MEM00553,1,0.0
M01144,MEM00519,1,0.0
M01144,MEM00519,1,0.0
M01144,MEM00519,1,0.0
M01144,MEM00519,1,0.0
M01144,MEM00519,1,0.0
M01144,MEM00519,1,0.0
M01144,MEM00519,1,0.0
M01144,EXT00048,0,0.0
M01144,EXT00048,0,0.0
M01144,EXT00048,0,0.0
M01144,EXT00048,0,0.0
M01144,EXT00048,0,0.0
M01144,EXT00048,0,0.0
M01144,EXT00048,0,0.0
M01145,MEM00756,1,4.99
M01145,MEM00756,1,4.08
M01145,MEM00756,1,2.96
M01145,MEM00756,1,4.46
M01145,MEM00756,1,4.96
M01145,MEM00756,1,4.75
M01145,MEM00756,1,3.8
M01145,MEM00165,1,4.25
M01145,MEM00165,1,3.88
M01145,MEM00165,1,3.71
M01145,MEM00165,1,4.77
M01145,MEM00165,1,3.48
M01145,MEM00165,1,3.66
M01145,MEM00165,1,3.54
M01146,MEM00194,1,3.31
M01146,MEM00194,1,4.29
M01146,MEM00194,1,4.9
M01146,MEM00194,1,4.09
M01146,MEM00194,1,3.3
M01146,MEM00194,1,4.7
M01146,MEM00194,1,5.0
M01146,MEM00484,1,3.81
M01146,MEM00484,1,3.91
M01146,MEM00484,1,4.51
M01146,MEM00484,1,5.0
M01146,MEM00484,1,3.89
M01146,MEM00484,1,3.4
M01146,MEM00484,1,4.58
M01147,MEM00235,1,4.68
M01147,MEM00235,1,4.2
M01147,MEM00235,1,3.87
M01147,MEM00235,1,4.8
M01147,MEM00235,1,4.52
M01147,MEM00235,1,3.74
M01147,MEM00235,1,4.23
M01147,EXT00217,0,3.39
M01147,EXT00217,0,4.61
M01147,EXT00217,0,4.04
M01147,EXT00217,0,3.94
M01147,EXT00217,0,4.18
M01147,EXT00217,0,4.22
M01147,EXT00217,0,4.74
M01148,MEM00149,1,0.0
M01148,MEM00149,1,0.0
M01148,MEM00149,1,0.0
M01148,MEM00149,1,0.0
M01148,MEM00149,1,0.0
M01148,MEM00149,1,0.0
M01148,MEM00149,1,0.0
M01148,MEM00324,1,0.0
M01148,MEM00324,1,0.0
M01148,MEM00324,1,0.0
M01148,MEM00324,1,0.0
M01148,MEM00324,1,0.0
M01148,MEM00324,1,0.0
M01148,MEM00324,1,0.0
M01150,MEM00324,1,4.55
M01150,MEM00324,1,4.11
M01150,MEM00324,1,4.66
M01150,MEM00324,1,4.44
M01150,MEM00324,1,3.94
M01150,MEM00324,1,4.13
M01150,MEM00324,1,4.11
M01150,MEM00609,1,4.5
M01150,MEM00609,1,3.98
M01150,MEM00609,1,3.97
M01150,MEM00609,1,5.0
M01150,MEM00609,1,4.76
M01150,MEM00609,1,3.74
M01150,MEM00609,1,4.54
M01150,MEM00157,1,4.27
M01150,MEM00157,1,4.43
M01150,MEM00157,1,4.28
M01150,MEM00157,1,4.91
M01150,MEM00157,1,4.41
M01150,MEM00157,1,4.16
M01150,MEM00157,1,4.83
M01150,MEM00717,1,4.34
M01150,MEM00717,1,4.27
M01150,MEM00717,1,4.39
M01150,MEM00717,1,4.14
M01150,MEM00717,1,4.21
M01150,MEM00717,1,3.85
M01150,MEM00717,1,3.75
M01152,MEM00083,1,0.0
M01152,MEM00083,1,0.0
M01152,MEM00083,1,0.0
M01152,MEM00083,1,0.0
M01152,MEM00083,1,0.0
M01152,MEM00083,1,0.0
M01152,MEM00083,1,0.0
M01153,MEM00013,1,3.6
M01153,MEM00013,1,3.36
M01153,MEM00013,1,3.67
M01153,MEM00013,1,4.1
M01153,MEM00013,1,4.26
M01153,MEM00013,1,4.04
M01153,MEM00013,1,2.79
M01153,MEM00307,1,5.0
M01153,MEM00307,1,4.85
M01153,MEM00307,1,4.47
M01153,MEM00307,1,5.0
M01153,MEM00307,1,3.61
M01153,MEM00307,1,5.0
M01153,MEM00307,1,3.62
M01153,MEM00102,1,4.34
M01153,MEM00102,1,3.44
M01153,MEM00102,1,4.21
M01153,MEM00102,1,4.43
M01153,MEM00102,1,4.11
M01153,MEM00102,1,4.63
M01153,MEM00102,1,4.26
M01153,EXT00266,0,3.89
M01153,EXT00266,0,3.86
M01153,EXT00266,0,4.69
M01153,EXT00266,0,3.81
M01153,EXT00266,0,4.75
M01153,EXT00266,0,4.93
M01153,EXT00266,0,3.2
M01154,MEM00479,1,4.88
M01154,MEM00479,1,5.0
M01154,MEM00479,1,4.35
M01154,MEM00479,1,4.56
M01154,MEM00479,1,4.82
M01154,MEM00479,1,4.03
M01154,MEM00479,1,4.31
M01154,MEM00023,1,3.41
M01154,MEM00023,1,4.28
M01154,MEM00023,1,4.5
M01154,MEM00023,1,4.51
M01154,MEM00023,1,4.84
M01154,MEM00023,1,3.74
M01154,MEM00023,1,3.88
M01154,MEM00205,1,5.0
M01154,MEM00205,1,4.11
M01154,MEM00205,1,4.32
M01154,MEM00205,1,4.16
M01154,MEM00205,1,3.71
M01154,MEM00205,1,5.0
M01154,MEM00205,1,3.88
M01154,MEM00151,1,3.52
M01154,MEM00151,1,3.93
M01154,MEM00151,1,3.0
M01154,MEM00151,1,3.81
M01154,MEM00151,1,3.62
M01154,MEM00151,1,4.57
M01154,MEM00151,1,3.8
M01155,MEM00660,1,4.73
M01155,MEM00660,1,5.0
M01155,MEM00660,1,4.67
M01155,MEM00660,1,4.07
M01155,MEM00660,1,4.28
M01155,MEM00660,1,3.29
M01155,MEM00660,1,4.12
M01155,EXT00386,0,3.68
M01155,EXT00386,0,4.62
M01155,EXT00386,0,5.0
M01155,EXT00386,0,4.5
M01155,EXT00386,0,3.01
M01155,EXT00386,0,3.98
M01155,EXT00386,0,4.27
M01156,MEM00203,1,4.25
M01156,MEM00203,1,3.76
M01156,MEM00203,1,4.35
M01156,MEM00203,1,3.45
M01156,MEM00203,1,3.63
M01156,MEM00203,1,4.59
M01156,MEM00203,1,3.59
M01156,MEM00126,1,4.52
M01156,MEM00126,1,3.38
M01156,MEM00126,1,5.0
M01156,MEM00126,1,3.74
M01156,MEM00126,1,4.07
M01156,MEM00126,1,4.4
M01156,MEM00126,1,3.86
M01156,MEM00692,1,4.29
M01156,MEM00692,1,4.55
M01156,MEM00692,1,4.78
M01156,MEM00692,1,4.67
M01156,MEM00692,1,4.1
M01156,MEM00692,1,4.11
M01156,MEM00692,1,5.0
M01156,EXT00366,0,4.77
M01156,EXT00366,0,3.65
M01156,EXT00366,0,4.26
M01156,EXT00366,0,4.0
M01156,EXT00366,0,4.12
M01156,EXT00366,0,3.46
M01156,EXT00366,0,3.95
M01157,MEM00324,1,0.0
M01157,MEM00324,1,0.0
M01157,MEM00324,1,0.0
M01157,MEM00324,1,0.0
M01157,MEM00324,1,0.0
M01157,MEM00324,1,0.0
M01157,MEM00324,1,0.0
M01157,MEM00055,1,0.0
M01157,MEM00055,1,0.0
M01157,MEM00055,1,0.0
M01157,MEM00055,1,0.0
M01157,MEM00055,1,0.0
M01157,MEM00055,1,0.0
M01157,MEM00055,1,0.0
M01158,MEM00452,1,0.0
M01158,MEM00452,1,0.0
M01158,MEM00452,1,0.0
M01158,MEM00452,1,0.0
M01158,MEM00452,1,0.0
M01158,MEM00452,1,0.0
M01158,MEM00452,1,0.0
M01158,MEM00041,1,0.0
M01158,MEM00041,1,0.0
M01158,MEM00041,1,0.0
M01158,MEM00041,1,0.0
M01158,MEM00041,1,0.0
M01158,MEM00041,1,0.0
M01158,MEM00041,1,0.0
M01159,MEM00307,1,5.0
M01159,MEM00307,1,4.55
M01159,MEM00307,1,2.71
M01159,MEM00307,1,4.93
M01159,MEM00307,1,4.85
M01159,MEM00307,1,3.98
M01159,MEM00307,1,4.63
M01159,EXT00232,0,3.68
M01159,EXT00232,0,3.92
M01159,EXT00232,0,5.0
M01159,EXT00232,0,4.04
M01159,EXT00232,0,3.08
M01159,EXT00232,0,4.16
M01159,EXT00232,0,4.15
M01159,EXT00015,0,4.92
M01159,EXT00015,0,4.21
M01159,EXT00015,0,3.95
M01159,EXT00015,0,4.83
M01159,EXT00015,0,4.27
M01159,EXT00015,0,3.75
M01159,EXT00015,0,4.89
M01159,EXT00008,0,4.32
M01159,EXT00008,0,4.2
M01159,EXT00008,0,4.31
M01159,EXT00008,0,3.56
M01159,EXT00008,0,3.88
M01159,EXT00008,0,4.2
M01159,EXT00008,0,4.08
M01160,MEM00624,1,0.0
M01160,MEM00624,1,0.0
M01160,MEM00624,1,0.0
M01160,MEM00624,1,0.0
M01160,MEM00624,1,0.0
M01160,MEM00624,1,0.0
M01160,MEM00624,1,0.0
M01161,EXT00114,0,0.0
M01161,EXT00114,0,0.0
M01161,EXT00114,0,0.0
M01161,EXT00114,0,0.0
M01161,EXT00114,0,0.0
M01161,EXT00114,0,0.0
M01161,EXT00114,0,0.0
M01162,MEM00467,1,0.0
M01162,MEM00467,1,0.0
M01162,MEM00467,1,0.0
M01162,MEM00467,1,0.0
M01162,MEM00467,1,0.0
M01162,MEM00467,1,0.0
M01162,MEM00467,1,0.0
M01162,MEM00042,1,0.0
M01162,MEM00042,1,0.0
M01162,MEM00042,1,0.0
M01162,MEM00042,1,0.0
M01162,MEM00042,1,0.0
M01162,MEM00042,1,0.0
M01162,MEM00042,1,0.0
M01163,MEM00311,1,4.96
M01163,MEM00311,1,4.33
M01163,MEM00311,1,4.71
M01163,MEM00311,1,4.21
M01163,MEM00311,1,4.83
M01163,MEM00311,1,4.44
M01163,MEM00311,1,4.21
M01163,EXT00386,0,4.19
M01163,EXT00386,0,3.63
M01163,EXT00386,0,4.5
M01163,EXT00386,0,4.18
M01163,EXT00386,0,3.9
M01163,EXT00386,0,4.86
M01163,EXT00386,0,3.45
M01165,MEM00424,1,3.95
M01165,MEM00424,1,4.82
M01165,MEM00424,1,4.39
M01165,MEM00424,1,4.17
M01165,MEM00424,1,4.35
M01165,MEM00424,1,4.31
M01165,MEM00424,1,3.29
M01165,MEM00212,1,3.99
M01165,MEM00212,1,5.0
M01165,MEM00212,1,3.8
M01165,MEM00212,1,4.01
M01165,MEM00212,1,3.88
M01165,MEM00212,1,4.15
M01165,MEM00212,1,3.85
M01166,MEM00210,1,4.49
M01166,MEM00210,1,4.32
M01166,MEM00210,1,4.66
M01166,MEM00210,1,3.57
M01166,MEM00210,1,4.0
M01166,MEM00210,1,4.06
M01166,MEM00210,1,4.47
M01166,MEM00572,1,3.72
M01166,MEM00572,1,4.75
M01166,MEM00572,1,4.91
M01166,MEM00572,1,3.61
M01166,MEM00572,1,3.91
M01166,MEM00572,1,3.88
M01166,MEM00572,1,5.0
M01167,MEM00288,1,0.0
M01167,MEM00288,1,0.0
M01167,MEM00288,1,0.0
M01167,MEM00288,1,0.0
M01167,MEM00288,1,0.0
M01167,MEM00288,1,0.0
M01167,MEM00288,1,0.0
M01167,MEM00426,1,0.0
M01167,MEM00426,1,0.0
M01167,MEM00426,1,0.0
M01167,MEM00426,1,0.0
M01167,MEM00426,1,0.0
M01167,MEM00426,1,0.0
M01167,MEM00426,1,0.0
M01167,MEM00726,1,0.0
M01167,MEM00726,1,0.0
M01167,MEM00726,1,0.0
M01167,MEM00726,1,0.0
M01167,MEM00726,1,0.0
M01167,MEM00726,1,0.0
M01167,MEM00726,1,0.0
M01167,MEM00055,1,0.0
M01167,MEM00055,1,0.0
M01167,MEM00055,1,0.0
M01167,MEM00055,1,0.0
M01167,MEM00055,1,0.0
M01167,MEM00055,1,0.0
M01167,MEM00055,1,0.0
M01168,EXT00166,0,0.0
M01168,EXT00166,0,0.0
M01168,EXT00166,0,0.0
M01168,EXT00166,0,0.0
M01168,EXT00166,0,0.0
M01168,EXT00166,0,0.0
M01168,EXT00166,0,0.0
M01169,MEM00657,1,0.0
M01169,MEM00657,1,0.0
M01169,MEM00657,1,0.0
M01169,MEM00657,1,0.0
M01169,MEM00657,1,0.0
M01169,MEM00657,1,0.0
M01169,MEM00657,1,0.0
M01170,MEM00642,1,0.0
M01170,MEM00642,1,0.0
M01170,MEM00642,1,0.0
M01170,MEM00642,1,0.0
M01170,MEM00642,1,0.0
M01170,MEM00642,1,0.0
M01170,MEM00642,1,0.0
M01171,MEM00196,1,0.0
M01171,MEM00196,1,0.0
M01171,MEM00196,1,0.0
M01171,MEM00196,1,0.0
M01171,MEM00196,1,0.0
M01171,MEM00196,1,0.0
M01171,MEM00196,1,0.0
M01172,MEM00755,1,3.94
M01172,MEM00755,1,5.0
M01172,MEM00755,1,3.44
M01172,MEM00755,1,3.61
M01172,MEM00755,1,3.79
M01172,MEM00755,1,3.69
M01172,MEM00755,1,4.04
M01172,MEM00651,1,3.77
M01172,MEM00651,1,3.71
M01172,MEM00651,1,4.9
M01172,MEM00651,1,4.93
M01172,MEM00651,1,4.77
M01172,MEM00651,1,4.51
M01172,MEM00651,1,4.26
M01172,MEM00199,1,3.9
M01172,MEM00199,1,3.63
M01172,MEM00199,1,4.42
M01172,MEM00199,1,3.5
M01172,MEM00199,1,3.6
M01172,MEM00199,1,4.89
M01172,MEM00199,1,5.0
M01172,EXT00041,0,4.44
M01172,EXT00041,0,4.86
M01172,EXT00041,0,4.05
M01172,EXT00041,0,3.4
M01172,EXT00041,0,4.57
M01172,EXT00041,0,4.54
M01172,EXT00041,0,4.24
M01173,MEM00360,1,0.0
M01173,MEM00360,1,0.0
M01173,MEM00360,1,0.0
M01173,MEM00360,1,0.0
M01173,MEM00360,1,0.0
M01173,MEM00360,1,0.0
M01173,MEM00360,1,0.0
M01174,MEM00257,1,4.05
M01174,MEM00257,1,4.78
M01174,MEM00257,1,3.61
M01174,MEM00257,1,3.74
M01174,MEM00257,1,3.6
M01174,MEM00257,1,4.25
M01174,MEM00257,1,3.55
M01174,MEM00694,1,3.79
M01174,MEM00694,1,3.78
M01174,MEM00694,1,4.04
M01174,MEM00694,1,3.31
M01174,MEM00694,1,4.25
M01174,MEM00694,1,4.95
M01174,MEM00694,1,4.28
M01174,MEM00083,1,5.0
M01174,MEM00083,1,5.0
M01174,MEM00083,1,4.67
M01174,MEM00083,1,4.24
M01174,MEM00083,1,4.21
M01174,MEM00083,1,4.66
M01174,MEM00083,1,3.96
M01174,EXT00081,0,3.07
M01174,EXT00081,0,4.5
M01174,EXT00081,0,3.52
M01174,EXT00081,0,3.62
M01174,EXT00081,0,4.2
M01174,EXT00081,0,4.14
M01174,EXT00081,0,3.35
M01175,MEM00055,1,4.3
M01175,MEM00055,1,4.78
M01175,MEM00055,1,3.52
M01175,MEM00055,1,4.96
M01175,MEM00055,1,3.26
M01175,MEM00055,1,5.0
M01175,MEM00055,1,3.95
M01175,MEM00606,1,4.29
M01175,MEM00606,1,3.06
M01175,MEM00606,1,4.16
M01175,MEM00606,1,4.34
M01175,MEM00606,1,4.15
M01175,MEM00606,1,3.86
M01175,MEM00606,1,3.63
M01175,MEM00388,1,4.88
M01175,MEM00388,1,4.22
M01175,MEM00388,1,5.0
M01175,MEM00388,1,3.88
M01175,MEM00388,1,3.94
M01175,MEM00388,1,4.69
M01175,MEM00388,1,3.23
M01175,EXT00173,0,3.47
M01175,EXT00173,0,4.86
M01175,EXT00173,0,3.5
M01175,EXT00173,0,3.11
M01175,EXT00173,0,5.0
M01175,EXT00173,0,3.36
M01175,EXT00173,0,4.31
M01176,EXT00127,0,0.0
M01176,EXT00127,0,0.0
M01176,EXT00127,0,0.0
M01176,EXT00127,0,0.0
M01176,EXT00127,0,0.0
M01176,EXT00127,0,0.0
M01176,EXT00127,0,0.0
M01177,MEM00307,1,4.24
M01177,MEM00307,1,2.51
M01177,MEM00307,1,4.04
M01177,MEM00307,1,4.47
M01177,MEM00307,1,4.41
M01177,MEM00307,1,4.74
M01177,MEM00307,1,3.97
M01177,MEM00419,1,4.63
M01177,MEM00419,1,3.79
M01177,MEM00419,1,3.35
M01177,MEM00419,1,3.42
M01177,MEM00419,1,3.32
M01177,MEM00419,1,4.81
M01177,MEM00419,1,3.29
M01178,MEM00449,1,4.36
M01178,MEM00449,1,4.04
M01178,MEM00449,1,4.14
M01178,MEM00449,1,5.0
M01178,MEM00449,1,3.94
M01178,MEM00449,1,4.57
M01178,MEM00449,1,4.22
M01178,MEM00150,1,4.11
M01178,MEM00150,1,5.0
M01178,MEM00150,1,3.34
M01178,MEM00150,1,4.97
M01178,MEM00150,1,4.59
M01178,MEM00150,1,3.91
M01178,MEM00150,1,5.0
M01179,MEM00610,1,0.0
M01179,MEM00610,1,0.0
M01179,MEM00610,1,0.0
M01179,MEM00610,1,0.0
M01179,MEM00610,1,0.0
M01179,MEM00610,1,0.0
M01179,MEM00610,1,0.0
M01179,MEM00642,1,0.0
M01179,MEM00642,1,0.0
M01179,MEM00642,1,0.0
M01179,MEM00642,1,0.0
M01179,MEM00642,1,0.0
M01179,MEM00642,1,0.0
M01179,MEM00642,1,0.0
M01180,MEM00142,1,0.0
M01180,MEM00142,1,0.0
M01180,MEM00142,1,0.0
M01180,MEM00142,1,0.0
M01180,MEM00142,1,0.0
M01180,MEM00142,1,0.0
M01180,MEM00142,1,0.0
M01181,MEM00282,1,3.09
M01181,MEM00282,1,3.89
M01181,MEM00282,1,3.47
M01181,MEM00282,1,4.45
M01181,MEM00282,1,3.53
M01181,MEM00282,1,4.46
M01181,MEM00282,1,4.09
M01181,MEM00210,1,3.91
M01181,MEM00210,1,4.43
M01181,MEM00210,1,4.04
M01181,MEM00210,1,3.55
M01181,MEM00210,1,5.0
M01181,MEM00210,1,3.91
M01181,MEM00210,1,2.87
M01181,MEM00317,1,3.69
M01181,MEM00317,1,3.44
M01181,MEM00317,1,4.7
M01181,MEM00317,1,4.39
M01181,MEM00317,1,4.44
M01181,MEM00317,1,3.98
M01181,MEM00317,1,4.03
M01181,MEM00136,1,3.98
M01181,MEM00136,1,4.15
M01181,MEM00136,1,4.7
M01181,MEM00136,1,4.4
M01181,MEM00136,1,4.5
M01181,MEM00136,1,4.5
M01181,MEM00136,1,4.73
M01183,MEM00544,1,0.0
M01183,MEM00544,1,0.0
M01183,MEM00544,1,0.0
M01183,MEM00544,1,0.0
M01183,MEM00544,1,0.0
M01183,MEM00544,1,0.0
M01183,MEM00544,1,0.0
M01185,MEM00060,1,0.0
M01185,MEM00060,1,0.0
M01185,MEM00060,1,0.0
M01185,MEM00060,1,0.0
M01185,MEM00060,1,0.0
M01185,MEM00060,1,0.0
M01185,MEM00060,1,0.0
M01186,MEM00175,1,4.37
M01186,MEM00175,1,4.42
M01186,MEM00175,1,4.91
M01186,MEM00175,1,3.8
M01186,MEM00175,1,3.69
M01186,MEM00175,1,3.49
M01186,MEM00175,1,4.31
M01186,MEM00306,1,3.09
M01186,MEM00306,1,4.48
M01186,MEM00306,1,4.13
M01186,MEM00306,1,4.88
M01186,MEM00306,1,3.8
M01186,MEM00306,1,4.08
M01186,MEM00306,1,4.87
M01186,MEM00035,1,5.0
M01186,MEM00035,1,3.79
M01186,MEM00035,1,4.31
M01186,MEM00035,1,4.38
M01186,MEM00035,1,4.42
M01186,MEM00035,1,4.04
M01186,MEM00035,1,4.97
M01186,MEM00562,1,3.07
M01186,MEM00562,1,3.95
M01186,MEM00562,1,4.47
M01186,MEM00562,1,4.47
M01186,MEM00562,1,5.0
M01186,MEM00562,1,4.92
M01186,MEM00562,1,4.03
M01187,MEM00210,1,0.0
M01187,MEM00210,1,0.0
M01187,MEM00210,1,0.0
M01187,MEM00210,1,0.0
M01187,MEM00210,1,0.0
M01187,MEM00210,1,0.0
M01187,MEM00210,1,0.0
M01187,MEM00500,1,0.0
M01187,MEM00500,1,0.0
M01187,MEM00500,1,0.0
M01187,MEM00500,1,0.0
M01187,MEM00500,1,0.0
M01187,MEM00500,1,0.0
M01187,MEM00500,1,0.0
M01188,MEM00716,1,0.0
M01188,MEM00716,1,0.0
M01188,MEM00716,1,0.0
M01188,MEM00716,1,0.0
M01188,MEM00716,1,0.0
M01188,MEM00716,1,0.0
M01188,MEM00716,1,0.0
M01188,MEM00227,1,0.0
M01188,MEM00227,1,0.0
M01188,MEM00227,1,0.0
M01188,MEM00227,1,0.0
M01188,MEM00227,1,0.0
M01188,MEM00227,1,0.0
M01188,MEM00227,1,0.0
M01188,MEM00708,1,0.0
M01188,MEM00708,1,0.0
M01188,MEM00708,1,0.0
M01188,MEM00708,1,0.0
M01188,MEM00708,1,0.0
M01188,MEM00708,1,0.0
M01188,MEM00708,1,0.0
M01189,MEM00203,1,4.98
M01189,MEM00203,1,3.77
M01189,MEM00203,1,4.76
M01189,MEM00203,1,5.0
M01189,MEM00203,1,4.93
M01189,MEM00203,1,4.26
M01189,MEM00203,1,4.0
M01189,EXT00161,0,3.28
M01189,EXT00161,0,4.39
M01189,EXT00161,0,3.53
M01189,EXT00161,0,3.72
M01189,EXT00161,0,3.49
M01189,EXT00161,0,3.92
M01189,EXT00161,0,4.18
M01191,MEM00210,1,0.0
M01191,MEM00210,1,0.0
M01191,MEM00210,1,0.0
M01191,MEM00210,1,0.0
M01191,MEM00210,1,0.0
M01191,MEM00210,1,0.0
M01191,MEM00210,1,0.0
M01192,MEM00655,1,4.36
M01192,MEM00655,1,3.84
M01192,MEM00655,1,4.84
M01192,MEM00655,1,4.08
M01192,MEM00655,1,3.73
M01192,MEM00655,1,4.34
M01192,MEM00655,1,5.0
M01192,MEM00539,1,4.4
M01192,MEM00539,1,3.98
M01192,MEM00539,1,3.28
M01192,MEM00539,1,4.07
M01192,MEM00539,1,4.34
M01192,MEM00539,1,3.97
M01192,MEM00539,1,3.2
M01192,MEM00144,1,3.69
M01192,MEM00144,1,5.0
M01192,MEM00144,1,5.0
M01192,MEM00144,1,3.67
M01192,MEM00144,1,4.6
M01192,MEM00144,1,3.49
M01192,MEM00144,1,5.0
M01192,MEM00310,1,4.35
M01192,MEM00310,1,4.77
M01192,MEM00310,1,3.17
M01192,MEM00310,1,4.61
M01192,MEM00310,1,4.2
M01192,MEM00310,1,4.71
M01192,MEM00310,1,4.75
M01193,MEM00210,1,4.24
M01193,MEM00210,1,3.84
M01193,MEM00210,1,4.67
M01193,MEM00210,1,4.16
M01193,MEM00210,1,3.68
M01193,MEM00210,1,3.65
M01193,MEM00210,1,3.31
M01193,MEM00281,1,3.89
M01193,MEM00281,1,4.86
M01193,MEM00281,1,4.31
M01193,MEM00281,1,3.88
M01193,MEM00281,1,4.68
M01193,MEM00281,1,3.7
M01193,MEM00281,1,4.26
M01193,MEM00538,1,4.09
M01193,MEM00538,1,4.67
M01193,MEM00538,1,3.25
M01193,MEM00538,1,3.69
M01193,MEM00538,1,3.22
M01193,MEM00538,1,4.04
M01193,MEM00538,1,4.93
M01193,MEM00594,1,3.9
M01193,MEM00594,1,3.89
M01193,MEM00594,1,4.72
M01193,MEM00594,1,4.84
M01193,MEM00594,1,4.15
M01193,MEM00594,1,4.61
M01193,MEM00594,1,3.55
M01194,MEM00792,1,5.0
M01194,MEM00792,1,5.0
M01194,MEM00792,1,4.51
M01194,MEM00792,1,2.95
M01194,MEM00792,1,3.87
M01194,MEM00792,1,4.57
M01194,MEM00792,1,3.95
M01194,MEM00787,1,4.96
M01194,MEM00787,1,4.55
M01194,MEM00787,1,3.78
M01194,MEM00787,1,4.22
M01194,MEM00787,1,3.66
M01194,MEM00787,1,4.09
M01194,MEM00787,1,3.87
M01194,MEM00144,1,4.9
M01194,MEM00144,1,5.0
M01194,MEM00144,1,3.34
M01194,MEM00144,1,3.05
M01194,MEM00144,1,4.05
M01194,MEM00144,1,3.29
M01194,MEM00144,1,4.23
M01194,MEM00081,1,4.65
M01194,MEM00081,1,5.0
M01194,MEM00081,1,4.32
M01194,MEM00081,1,4.08
M01194,MEM00081,1,3.01
M01194,MEM00081,1,4.22
M01194,MEM00081,1,4.24
M01195,MEM00778,1,0.0
M01195,MEM00778,1,0.0
M01195,MEM00778,1,0.0
M01195,MEM00778,1,0.0
M01195,MEM00778,1,0.0
M01195,MEM00778,1,0.0
M01195,MEM00778,1,0.0
M01196,MEM00519,1,4.58
M01196,MEM00519,1,3.77
M01196,MEM00519,1,3.94
M01196,MEM00519,1,3.31
M01196,MEM00519,1,2.83
M01196,MEM00519,1,3.53
M01196,MEM00519,1,3.26
M01196,MEM00630,1,4.4
M01196,MEM00630,1,3.89
M01196,MEM00630,1,3.88
M01196,MEM00630,1,3.61
M01196,MEM00630,1,2.26
M01196,MEM00630,1,5.0
M01196,MEM00630,1,3.6
M01197,MEM00690,1,0.0
M01197,MEM00690,1,0.0
M01197,MEM00690,1,0.0
M01197,MEM00690,1,0.0
M01197,MEM00690,1,0.0
M01197,MEM00690,1,0.0
M01197,MEM00690,1,0.0
M01197,MEM00457,1,0.0
M01197,MEM00457,1,0.0
M01197,MEM00457,1,0.0
M01197,MEM00457,1,0.0
M01197,MEM00457,1,0.0
M01197,MEM00457,1,0.0
M01197,MEM00457,1,0.0
M01198,MEM00480,1,3.95
M01198,MEM00480,1,3.33
M01198,MEM00480,1,4.78
M01198,MEM00480,1,4.29
M01198,MEM00480,1,3.7
M01198,MEM00480,1,3.96
M01198,MEM00480,1,5.0
M01198,MEM00221,1,4.16
M01198,MEM00221,1,4.09
M01198,MEM00221,1,3.64
M01198,MEM00221,1,3.06
M01198,MEM00221,1,4.1
M01198,MEM00221,1,4.4
M01198,MEM00221,1,4.86
M01198,MEM00374,1,2.85
M01198,MEM00374,1,3.52
M01198,MEM00374,1,3.85
M01198,MEM00374,1,4.2
M01198,MEM00374,1,4.11
M01198,MEM00374,1,4.13
M01198,MEM00374,1,4.44
M01198,EXT00161,0,3.66
M01198,EXT00161,0,4.76
M01198,EXT00161,0,4.46
M01198,EXT00161,0,4.01
M01198,EXT00161,0,5.0
M01198,EXT00161,0,5.0
M01198,EXT00161,0,4.76
M01199,MEM00253,1,0.0
M01199,MEM00253,1,0.0
M01199,MEM00253,1,0.0
M01199,MEM00253,1,0.0
M01199,MEM00253,1,0.0
M01199,MEM00253,1,0.0
M01199,MEM00253,1,0.0
M01199,MEM00331,1,0.0
M01199,MEM00331,1,0.0
M01199,MEM00331,1,0.0
M01199,MEM00331,1,0.0
M01199,MEM00331,1,0.0
M01199,MEM00331,1,0.0
M01199,MEM00331,1,0.0
M01200,MEM00437,1,0.0
M01200,MEM00437,1,0.0
M01200,MEM00437,1,0.0
M01200,MEM00437,1,0.0
M01200,MEM00437,1,0.0
M01200,MEM00437,1,0.0
M01200,MEM00437,1,0.0
M01201,MEM00678,1,2.39
M01201,MEM00678,1,5.0
M01201,MEM00678,1,4.68
M01201,MEM00678,1,5.0
M01201,MEM00678,1,4.94
M01201,MEM00678,1,5.0
M01201,MEM00678,1,4.73
M01201,EXT00081,0,5.0
M01201,EXT00081,0,5.0
M01201,EXT00081,0,4.33
M01201,EXT00081,0,3.26
M01201,EXT00081,0,4.02
M01201,EXT00081,0,4.43
M01201,EXT00081,0,4.24
M01202,EXT00366,0,3.45
M01202,EXT00366,0,3.22
M01202,EXT00366,0,3.76
M01202,EXT00366,0,4.68
M01202,EXT00366,0,5.0
M01202,EXT00366,0,4.75
M01202,EXT00366,0,4.83
M01202,EXT00280,0,4.15
M01202,EXT00280,0,3.15
M01202,EXT00280,0,3.93
M01202,EXT00280,0,4.04
M01202,EXT00280,0,3.9
M01202,EXT00280,0,4.23
M01202,EXT00280,0,4.46
M01203,MEM00655,1,0.0
M01203,MEM00655,1,0.0
M01203,MEM00655,1,0.0
M01203,MEM00655,1,0.0
M01203,MEM00655,1,0.0
M01203,MEM00655,1,0.0
M01203,MEM00655,1,0.0
M01204,MEM00622,1,0.0
M01204,MEM00622,1,0.0
M01204,MEM00622,1,0.0
M01204,MEM00622,1,0.0
M01204,MEM00622,1,0.0
M01204,MEM00622,1,0.0
M01204,MEM00622,1,0.0
M01204,MEM00652,1,0.0
M01204,MEM00652,1,0.0
M01204,MEM00652,1,0.0
M01204,MEM00652,1,0.0
M01204,MEM00652,1,0.0
M01204,MEM00652,1,0.0
M01204,MEM00652,1,0.0
M01204,MEM00013,1,0.0
M01204,MEM00013,1,0.0
M01204,MEM00013,1,0.0
M01204,MEM00013,1,0.0
M01204,MEM00013,1,0.0
M01204,MEM00013,1,0.0
M01204,MEM00013,1,0.0
M01204,MEM00434,1,0.0
M01204,MEM00434,1,0.0
M01204,MEM00434,1,0.0
M01204,MEM00434,1,0.0
M01204,MEM00434,1,0.0
M01204,MEM00434,1,0.0
M01204,MEM00434,1,0.0
M01205,MEM00042,1,0.0
M01205,MEM00042,1,0.0
M01205,MEM00042,1,0.0
M01205,MEM00042,1,0.0
M01205,MEM00042,1,0.0
M01205,MEM00042,1,0.0
M01205,MEM00042,1,0.0
M01205,MEM00710,1,0.0
M01205,MEM00710,1,0.0
M01205,MEM00710,1,0.0
M01205,MEM00710,1,0.0
M01205,MEM00710,1,0.0
M01205,MEM00710,1,0.0
M01205,MEM00710,1,0.0
M01205,EXT00398,0,0.0
M01205,EXT00398,0,0.0
M01205,EXT00398,0,0.0
M01205,EXT00398,0,0.0
M01205,EXT00398,0,0.0
M01205,EXT00398,0,0.0
M01205,EXT00398,0,0.0
M01206,MEM00223,1,0.0
M01206,MEM00223,1,0.0
M01206,MEM00223,1,0.0
M01206,MEM00223,1,0.0
M01206,MEM00223,1,0.0
M01206,MEM00223,1,0.0
M01206,MEM00223,1,0.0
M01207,MEM00180,1,4.71
M01207,MEM00180,1,4.03
M01207,MEM00180,1,3.06
M01207,MEM00180,1,3.91
M01207,MEM00180,1,4.23
M01207,MEM00180,1,4.93
M01207,MEM00180,1,3.86
M01207,MEM00615,1,4.51
M01207,MEM00615,1,4.37
M01207,MEM00615,1,4.23
M01207,MEM00615,1,4.76
M01207,MEM00615,1,3.8
M01207,MEM00615,1,3.85
M01207,MEM00615,1,4.19
M01208,MEM00210,1,0.0
M01208,MEM00210,1,0.0
M01208,MEM00210,1,0.0
M01208,MEM00210,1,0.0
M01208,MEM00210,1,0.0
M01208,MEM00210,1,0.0
M01208,MEM00210,1,0.0
M01209,MEM00106,1,3.82
M01209,MEM00106,1,4.5
M01209,MEM00106,1,3.77
M01209,MEM00106,1,4.34
M01209,MEM00106,1,4.14
M01209,MEM00106,1,4.33
M01209,MEM00106,1,3.92
M01209,MEM00689,1,4.0
M01209,MEM00689,1,4.26
M01209,MEM00689,1,4.32
M01209,MEM00689,1,4.2
M01209,MEM00689,1,5.0
M01209,MEM00689,1,3.61
M01209,MEM00689,1,4.16
M01210,MEM00119,1,0.0
M01210,MEM00119,1,0.0
M01210,MEM00119,1,0.0
M01210,MEM00119,1,0.0
M01210,MEM00119,1,0.0
M01210,MEM00119,1,0.0
M01210,MEM00119,1,0.0
M01211,MEM00780,1,0.0
M01211,MEM00780,1,0.0
M01211,MEM00780,1,0.0
M01211,MEM00780,1,0.0
M01211,MEM00780,1,0.0
M01211,MEM00780,1,0.0
M01211,MEM00780,1,0.0
M01211,EXT00273,0,0.0
M01211,EXT00273,0,0.0
M01211,EXT00273,0,0.0
M01211,EXT00273,0,0.0
M01211,EXT00273,0,0.0
M01211,EXT00273,0,0.0
M01211,EXT00273,0,0.0
M01213,MEM00250,1,3.26
M01213,MEM00250,1,4.42
M01213,MEM00250,1,3.53
M01213,MEM00250,1,4.03
M01213,MEM00250,1,3.98
M01213,MEM00250,1,4.37
M01213,MEM00250,1,3.87
M01213,MEM00671,1,3.84
M01213,MEM00671,1,5.0
M01213,MEM00671,1,4.37
M01213,MEM00671,1,3.86
M01213,MEM00671,1,4.05
M01213,MEM00671,1,5.0
M01213,MEM00671,1,4.06
M01214,MEM00474,1,0.0
M01214,MEM00474,1,0.0
M01214,MEM00474,1,0.0
M01214,MEM00474,1,0.0
M01214,MEM00474,1,0.0
M01214,MEM00474,1,0.0
M01214,MEM00474,1,0.0
M01214,MEM00543,1,0.0
M01214,MEM00543,1,0.0
M01214,MEM00543,1,0.0
M01214,MEM00543,1,0.0
M01214,MEM00543,1,0.0
M01214,MEM00543,1,0.0
M01214,MEM00543,1,0.0
M01214,EXT00241,0,0.0
M01214,EXT00241,0,0.0
M01214,EXT00241,0,0.0
M01214,EXT00241,0,0.0
M01214,EXT00241,0,0.0
M01214,EXT00241,0,0.0
M01214,EXT00241,0,0.0
M01216,MEM00548,1,3.79
M01216,MEM00548,1,3.79
M01216,MEM00548,1,3.87
M01216,MEM00548,1,3.84
M01216,MEM00548,1,3.43
M01216,MEM00548,1,3.53
M01216,MEM00548,1,3.7
M01216,MEM00453,1,4.55
M01216,MEM00453,1,3.97
M01216,MEM00453,1,4.08
M01216,MEM00453,1,4.96
M01216,MEM00453,1,4.98
M01216,MEM00453,1,4.03
M01216,MEM00453,1,3.82
M01217,MEM00212,1,3.68
M01217,MEM00212,1,4.62
M01217,MEM00212,1,4.08
M01217,MEM00212,1,3.97
M01217,MEM00212,1,3.71
M01217,MEM00212,1,3.74
M01217,MEM00212,1,4.39
M01217,MEM00334,1,3.41
M01217,MEM00334,1,4.8
M01217,MEM00334,1,3.88
M01217,MEM00334,1,4.11
M01217,MEM00334,1,3.4
M01217,MEM00334,1,4.19
M01217,MEM00334,1,4.0
M01217,EXT00311,0,4.17
M01217,EXT00311,0,5.0
M01217,EXT00311,0,4.31
M01217,EXT00311,0,3.72
M01217,EXT00311,0,3.77
M01217,EXT00311,0,4.56
M01217,EXT00311,0,4.98
M01217,EXT00086,0,4.37
M01217,EXT00086,0,4.61
M01217,EXT00086,0,4.57
M01217,EXT00086,0,5.0
M01217,EXT00086,0,3.03
M01217,EXT00086,0,4.6
M01217,EXT00086,0,4.79
M01218,MEM00204,1,3.4
M01218,MEM00204,1,3.67
M01218,MEM00204,1,3.69
M01218,MEM00204,1,3.76
M01218,MEM00204,1,3.91
M01218,MEM00204,1,4.35
M01218,MEM00204,1,4.72
M01218,MEM00559,1,4.85
M01218,MEM00559,1,3.7
M01218,MEM00559,1,3.69
M01218,MEM00559,1,4.99
M01218,MEM00559,1,4.59
M01218,MEM00559,1,4.25
M01218,MEM00559,1,4.48
M01219,MEM00603,1,4.18
M01219,MEM00603,1,4.51
M01219,MEM00603,1,4.0
M01219,MEM00603,1,4.36
M01219,MEM00603,1,3.29
M01219,MEM00603,1,3.79
M01219,MEM00603,1,3.79
M01219,MEM00489,1,3.98
M01219,MEM00489,1,3.64
M01219,MEM00489,1,3.88
M01219,MEM00489,1,3.29
M01219,MEM00489,1,4.53
M01219,MEM00489,1,4.15
M01219,MEM00489,1,3.18
M01219,MEM00188,1,3.7
M01219,MEM00188,1,4.4
M01219,MEM00188,1,3.87
M01219,MEM00188,1,3.78
M01219,MEM00188,1,4.16
M01219,MEM00188,1,4.41
M01219,MEM00188,1,3.34
M01219,MEM00065,1,4.53
M01219,MEM00065,1,3.72
M01219,MEM00065,1,4.19
M01219,MEM00065,1,4.18
M01219,MEM00065,1,3.88
M01219,MEM00065,1,3.59
M01219,MEM00065,1,4.03
M01220,MEM00123,1,0.0
M01220,MEM00123,1,0.0
M01220,MEM00123,1,0.0
M01220,MEM00123,1,0.0
M01220,MEM00123,1,0.0
M01220,MEM00123,1,0.0
M01220,MEM00123,1,0.0
M01221,EXT00241,0,0.0
M01221,EXT00241,0,0.0
M01221,EXT00241,0,0.0
M01221,EXT00241,0,0.0
M01221,EXT00241,0,0.0
M01221,EXT00241,0,0.0
M01221,EXT00241,0,0.0
M01222,MEM00048,1,5.0
M01222,MEM00048,1,3.38
M01222,MEM00048,1,5.0
M01222,MEM00048,1,4.04
M01222,MEM00048,1,4.22
M01222,MEM00048,1,3.55
M01222,MEM00048,1,3.74
M01222,MEM00678,1,3.9
M01222,MEM00678,1,3.57
M01222,MEM00678,1,4.07
M01222,MEM00678,1,3.96
M01222,MEM00678,1,5.0
M01222,MEM00678,1,3.5
M01222,MEM00678,1,4.26
M01222,MEM00589,1,4.35
M01222,MEM00589,1,3.56
M01222,MEM00589,1,4.61
M01222,MEM00589,1,3.96
M01222,MEM00589,1,2.7
M01222,MEM00589,1,4.6
M01222,MEM00589,1,3.53
M01222,EXT00129,0,3.57
M01222,EXT00129,0,4.61
M01222,EXT00129,0,3.99
M01222,EXT00129,0,4.75
M01222,EXT00129,0,4.93
M01222,EXT00129,0,3.81
M01222,EXT00129,0,4.68
M01223,MEM00754,1,3.75
M01223,MEM00754,1,5.0
M01223,MEM00754,1,3.78
M01223,MEM00754,1,4.82
M01223,MEM00754,1,4.71
M01223,MEM00754,1,4.39
M01223,MEM00754,1,3.8
M01223,MEM00373,1,4.11
M01223,MEM00373,1,2.91
M01223,MEM00373,1,4.33
M01223,MEM00373,1,4.41
M01223,MEM00373,1,4.28
M01223,MEM00373,1,2.42
M01223,MEM00373,1,3.44
M01223,MEM00378,1,3.75
M01223,MEM00378,1,4.37
M01223,MEM00378,1,4.37
M01223,MEM00378,1,4.1
M01223,MEM00378,1,4.58
M01223,MEM00378,1,3.58
M01223,MEM00378,1,4.57
M01223,MEM00253,1,4.48
M01223,MEM00253,1,4.43
M01223,MEM00253,1,4.09
M01223,MEM00253,1,5.0
M01223,MEM00253,1,4.5
M01223,MEM00253,1,3.62
M01223,MEM00253,1,4.35
M01224,MEM00210,1,4.65
M01224,MEM00210,1,3.85
M01224,MEM00210,1,4.85
M01224,MEM00210,1,4.43
M01224,MEM00210,1,2.79
M01224,MEM00210,1,4.38
M01224,MEM00210,1,3.96
M01224,MEM00009,1,4.52
M01224,MEM00009,1,4.77
M01224,MEM00009,1,4.32
M01224,MEM00009,1,5.0
M01224,MEM00009,1,4.09
M01224,MEM00009,1,4.57
M01224,MEM00009,1,4.68
M01224,MEM00081,1,4.14
M01224,MEM00081,1,4.67
M01224,MEM00081,1,3.84
M01224,MEM00081,1,3.95
M01224,MEM00081,1,3.41
M01224,MEM00081,1,4.34
M01224,MEM00081,1,4.4
M01224,EXT00015,0,4.91
M01224,EXT00015,0,4.67
M01224,EXT00015,0,4.03
M01224,EXT00015,0,3.49
M01224,EXT00015,0,4.46
M01224,EXT00015,0,4.87
M01224,EXT00015,0,4.65
M01225,MEM00492,1,0.0
M01225,MEM00492,1,0.0
M01225,MEM00492,1,0.0
M01225,MEM00492,1,0.0
M01225,MEM00492,1,0.0
M01225,MEM00492,1,0.0
M01225,MEM00492,1,0.0
M01226,MEM00160,1,4.85
M01226,MEM00160,1,4.07
M01226,MEM00160,1,3.92
M01226,MEM00160,1,3.76
M01226,MEM00160,1,4.17
M01226,MEM00160,1,4.15
M01226,MEM00160,1,4.32
M01226,MEM00330,1,4.12
M01226,MEM00330,1,4.12
M01226,MEM00330,1,3.73
M01226,MEM00330,1,4.76
M01226,MEM00330,1,4.25
M01226,MEM00330,1,4.1
M01226,MEM00330,1,3.75
M01226,MEM00426,1,3.4
M01226,MEM00426,1,4.98
M01226,MEM00426,1,4.53
M01226,MEM00426,1,3.23
M01226,MEM00426,1,4.66
M01226,MEM00426,1,4.75
M01226,MEM00426,1,4.27
M01226,MEM00226,1,5.0
M01226,MEM00226,1,4.33
M01226,MEM00226,1,3.35
M01226,MEM00226,1,4.42
M01226,MEM00226,1,4.35
M01226,MEM00226,1,3.84
M01226,MEM00226,1,4.54
M01227,MEM00524,1,3.2
M01227,MEM00524,1,4.79
M01227,MEM00524,1,3.67
M01227,MEM00524,1,3.61
M01227,MEM00524,1,4.13
M01227,MEM00524,1,4.46
M01227,MEM00524,1,4.3
M01227,EXT00382,0,3.75
M01227,EXT00382,0,3.9
M01227,EXT00382,0,3.52
M01227,EXT00382,0,4.07
M01227,EXT00382,0,4.85
M01227,EXT00382,0,4.2
M01227,EXT00382,0,4.72
M01228,MEM00455,1,5.0
M01228,MEM00455,1,3.85
M01228,MEM00455,1,4.09
M01228,MEM00455,1,5.0
M01228,MEM00455,1,5.0
M01228,MEM00455,1,3.2
M01228,MEM00455,1,4.43
M01228,MEM00055,1,4.2
M01228,MEM00055,1,4.7
M01228,MEM00055,1,3.75
M01228,MEM00055,1,3.7
M01228,MEM00055,1,3.79
M01228,MEM00055,1,3.86
M01228,MEM00055,1,4.69
M01228,MEM00710,1,3.49
M01228,MEM00710,1,3.83
M01228,MEM00710,1,3.13
M01228,MEM00710,1,4.8
M01228,MEM00710,1,4.96
M01228,MEM00710,1,4.0
M01228,MEM00710,1,4.02
M01228,EXT00224,0,4.47
M01228,EXT00224,0,5.0
M01228,EXT00224,0,4.45
M01228,EXT00224,0,3.78
M01228,EXT00224,0,3.23
M01228,EXT00224,0,3.53
M01228,EXT00224,0,4.24
M01229,MEM00394,1,0.0
M01229,MEM00394,1,0.0
M01229,MEM00394,1,0.0
M01229,MEM00394,1,0.0
M01229,MEM00394,1,0.0
M01229,MEM00394,1,0.0
M01229,MEM00394,1,0.0
M01230,MEM00072,1,0.0
M01230,MEM00072,1,0.0
M01230,MEM00072,1,0.0
M01230,MEM00072,1,0.0
M01230,MEM00072,1,0.0
M01230,MEM00072,1,0.0
M01230,MEM00072,1,0.0
M01231,MEM00088,1,3.81
M01231,MEM00088,1,4.32
M01231,MEM00088,1,3.87
M01231,MEM00088,1,3.57
M01231,MEM00088,1,3.49
M01231,MEM00088,1,5.0
M01231,MEM00088,1,4.73
M01231,MEM00477,1,5.0
M01231,MEM00477,1,4.52
M01231,MEM00477,1,3.94
M01231,MEM00477,1,4.99
M01231,MEM00477,1,4.18
M01231,MEM00477,1,4.33
M01231,MEM00477,1,4.17
M01232,MEM00260,1,0.0
M01232,MEM00260,1,0.0
M01232,MEM00260,1,0.0
M01232,MEM00260,1,0.0
M01232,MEM00260,1,0.0
M01232,MEM00260,1,0.0
M01232,MEM00260,1,0.0
M01233,MEM00739,1,2.43
M01233,MEM00739,1,5.0
M01233,MEM00739,1,4.49
M01233,MEM00739,1,4.4
M01233,MEM00739,1,4.16
M01233,MEM00739,1,4.3
M01233,MEM00739,1,3.84
M01233,MEM00316,1,4.57
M01233,MEM00316,1,3.42
M01233,MEM00316,1,4.31
M01233,MEM00316,1,4.54
M01233,MEM00316,1,4.08
M01233,MEM00316,1,4.42
M01233,MEM00316,1,3.61
M01234,MEM00575,1,3.62
M01234,MEM00575,1,4.34
M01234,MEM00575,1,4.61
M01234,MEM00575,1,3.08
M01234,MEM00575,1,4.51
M01234,MEM00575,1,3.87
M01234,MEM00575,1,4.08
M01234,MEM00132,1,3.4
M01234,MEM00132,1,3.69
M01234,MEM00132,1,4.78
M01234,MEM00132,1,4.22
M01234,MEM00132,1,3.97
M01234,MEM00132,1,4.13
M01234,MEM00132,1,4.49
M01235,EXT00110,0,0.0
M01235,EXT00110,0,0.0
M01235,EXT00110,0,0.0
M01235,EXT00110,0,0.0
M01235,EXT00110,0,0.0
M01235,EXT00110,0,0.0
M01235,EXT00110,0,0.0
M01236,MEM00628,1,4.46
M01236,MEM00628,1,4.15
M01236,MEM00628,1,4.86
M01236,MEM00628,1,4.78
M01236,MEM00628,1,4.45
M01236,MEM00628,1,4.23
M01236,MEM00628,1,4.59
M01236,MEM00562,1,4.39
M01236,MEM00562,1,4.84
M01236,MEM00562,1,4.74
M01236,MEM00562,1,3.59
M01236,MEM00562,1,3.55
M01236,MEM00562,1,3.78
M01236,MEM00562,1,4.79
M01236,MEM00417,1,3.25
M01236,MEM00417,1,4.44
M01236,MEM00417,1,4.42
M01236,MEM00417,1,4.9
M01236,MEM00417,1,4.31
M01236,MEM00417,1,3.39
M01236,MEM00417,1,3.62
M01236,MEM00721,1,3.49
M01236,MEM00721,1,3.88
M01236,MEM00721,1,4.09
M01236,MEM00721,1,3.5
M01236,MEM00721,1,5.0
M01236,MEM00721,1,3.4
M01236,MEM00721,1,5.0
M01238,MEM00543,1,4.91
M01238,MEM00543,1,4.74
M01238,MEM00543,1,3.78
M01238,MEM00543,1,4.41
M01238,MEM00543,1,3.43
M01238,MEM00543,1,4.75
M01238,MEM00543,1,4.16
M01238,MEM00544,1,3.95
M01238,MEM00544,1,3.47
M01238,MEM00544,1,2.71
M01238,MEM00544,1,3.58
M01238,MEM00544,1,4.87
M01238,MEM00544,1,3.96
M01238,MEM00544,1,4.1
M01239,MEM00762,1,0.0
M01239,MEM00762,1,0.0
M01239,MEM00762,1,0.0
M01239,MEM00762,1,0.0
M01239,MEM00762,1,0.0
M01239,MEM00762,1,0.0
M01239,MEM00762,1,0.0
M01240,MEM00226,1,4.59
M01240,MEM00226,1,5.0
M01240,MEM00226,1,5.0
M01240,MEM00226,1,3.62
M01240,MEM00226,1,3.03
M01240,MEM00226,1,5.0
M01240,MEM00226,1,5.0
M01240,EXT00001,0,4.31
M01240,EXT00001,0,3.44
M01240,EXT00001,0,4.78
M01240,EXT00001,0,4.14
M01240,EXT00001,0,4.13
M01240,EXT00001,0,4.74
M01240,EXT00001,0,4.4
M01241,MEM00210,1,3.49
M01241,MEM00210,1,4.01
M01241,MEM00210,1,4.6
M01241,MEM00210,1,4.51
M01241,MEM00210,1,4.36
M01241,MEM00210,1,4.76
M01241,MEM00210,1,3.98
M01241,MEM00187,1,4.31
M01241,MEM00187,1,2.17
M01241,MEM00187,1,3.93
M01241,MEM00187,1,4.66
M01241,MEM00187,1,3.97
M01241,MEM00187,1,3.92
M01241,MEM00187,1,3.58
M01242,MEM00522,1,4.8
M01242,MEM00522,1,4.53
M01242,MEM00522,1,4.7
M01242,MEM00522,1,3.16
M01242,MEM00522,1,4.1
M01242,MEM00522,1,4.03
M01242,MEM00522,1,4.03
M01242,EXT00250,0,3.83
M01242,EXT00250,0,3.99
M01242,EXT00250,0,4.71
M01242,EXT00250,0,3.05
M01242,EXT00250,0,5.0
M01242,EXT00250,0,4.49
M01242,EXT00250,0,4.17
M01243,MEM00474,1,0.0
M01243,MEM00474,1,0.0
M01243,MEM00474,1,0.0
M01243,MEM00474,1,0.0
M01243,MEM00474,1,0.0
M01243,MEM00474,1,0.0
M01243,MEM00474,1,0.0
M01244,MEM00249,1,4.74
M01244,MEM00249,1,3.33
M01244,MEM00249,1,3.8
M01244,MEM00249,1,4.13
M01244,MEM00249,1,5.0
M01244,MEM00249,1,4.17
M01244,MEM00249,1,4.47
M01244,MEM00527,1,3.85
M01244,MEM00527,1,4.49
M01244,MEM00527,1,5.0
M01244,MEM00527,1,4.8
M01244,MEM00527,1,4.15
M01244,MEM00527,1,4.61
M01244,MEM00527,1,4.55
M01244,MEM00013,1,4.5
M01244,MEM00013,1,4.87
M01244,MEM00013,1,4.86
M01244,MEM00013,1,4.12
M01244,MEM00013,1,4.59
M01244,MEM00013,1,3.97
M01244,MEM00013,1,3.65
M01244,MEM00584,1,4.04
M01244,MEM00584,1,4.15
M01244,MEM00584,1,3.2
M01244,MEM00584,1,4.72
M01244,MEM00584,1,2.54
M01244,MEM00584,1,5.0
M01244,MEM00584,1,5.0
M01246,MEM00262,1,4.04
M01246,MEM00262,1,4.21
M01246,MEM00262,1,4.38
M01246,MEM00262,1,3.85
M01246,MEM00262,1,4.32
M01246,MEM00262,1,4.11
M01246,MEM00262,1,4.14
M01246,MEM00092,1,4.31
M01246,MEM00092,1,3.41
M01246,MEM00092,1,4.22
M01246,MEM00092,1,4.3
M01246,MEM00092,1,4.28
M01246,MEM00092,1,4.07
M01246,MEM00092,1,4.88
M01246,MEM00126,1,3.99
M01246,MEM00126,1,4.34
M01246,MEM00126,1,4.98
M01246,MEM00126,1,4.15
M01246,MEM00126,1,4.33
M01246,MEM00126,1,4.14
M01246,MEM00126,1,4.94
M01246,MEM00434,1,4.05
M01246,MEM00434,1,4.97
M01246,MEM00434,1,4.14
M01246,MEM00434,1,3.68
M01246,MEM00434,1,4.61
M01246,MEM00434,1,4.02
M01246,MEM00434,1,4.57
M01247,MEM00656,1,0.0
M01247,MEM00656,1,0.0
M01247,MEM00656,1,0.0
M01247,MEM00656,1,0.0
M01247,MEM00656,1,0.0
M01247,MEM00656,1,0.0
M01247,MEM00656,1,0.0
M01248,MEM00504,1,0.0
M01248,MEM00504,1,0.0
M01248,MEM00504,1,0.0
M01248,MEM00504,1,0.0
M01248,MEM00504,1,0.0
M01248,MEM00504,1,0.0
M01248,MEM00504,1,0.0
M01248,MEM00739,1,0.0
M01248,MEM00739,1,0.0
M01248,MEM00739,1,0.0
M01248,MEM00739,1,0.0
M01248,MEM00739,1,0.0
M01248,MEM00739,1,0.0
M01248,MEM00739,1,0.0
M01248,EXT00158,0,0.0
M01248,EXT00158,0,0.0
M01248,EXT00158,0,0.0
M01248,EXT00158,0,0.0
M01248,EXT00158,0,0.0
M01248,EXT00158,0,0.0
M01248,EXT00158,0,0.0
M01248,EXT00045,0,0.0
M01248,EXT00045,0,0.0
M01248,EXT00045,0,0.0
M01248,EXT00045,0,0.0
M01248,EXT00045,0,0.0
M01248,EXT00045,0,0.0
M01248,EXT00045,0,0.0
M01249,MEM00622,1,2.56
M01249,MEM00622,1,4.2
M01249,MEM00622,1,3.92
M01249,MEM00622,1,3.56
M01249,MEM00622,1,3.87
M01249,MEM00622,1,3.86
M01249,MEM00622,1,4.17
M01249,MEM00114,1,3.38
M01249,MEM00114,1,4.39
M01249,MEM00114,1,5.0
M01249,MEM00114,1,4.37
M01249,MEM00114,1,4.69
M01249,MEM00114,1,4.86
M01249,MEM00114,1,4.94
M01249,MEM00001,1,5.0
M01249,MEM00001,1,3.9
M01249,MEM00001,1,3.77
M01249,MEM00001,1,4.67
M01249,MEM00001,1,4.62
M01249,MEM00001,1,4.67
M01249,MEM00001,1,5.0
M01249,MEM00584,1,4.21
M01249,MEM00584,1,4.46
M01249,MEM00584,1,3.61
M01249,MEM00584,1,5.0
M01249,MEM00584,1,4.0
M01249,MEM00584,1,4.02
M01249,MEM00584,1,3.99
M01250,MEM00573,1,3.81
M01250,MEM00573,1,3.76
M01250,MEM00573,1,3.89
M01250,MEM00573,1,3.38
M01250,MEM00573,1,3.73
M01250,MEM00573,1,5.0
M01250,MEM00573,1,4.64
M01250,MEM00276,1,4.76
M01250,MEM00276,1,4.91
M01250,MEM00276,1,5.0
M01250,MEM00276,1,3.14
M01250,MEM00276,1,3.46
M01250,MEM00276,1,3.72
M01250,MEM00276,1,3.92
M01251,MEM00210,1,4.02
M01251,MEM00210,1,3.93
M01251,MEM00210,1,4.33
M01251,MEM00210,1,4.22
M01251,MEM00210,1,3.77
M01251,MEM00210,1,2.89
M01251,MEM00210,1,3.6
M01251,MEM00678,1,3.87
M01251,MEM00678,1,4.05
M01251,MEM00678,1,3.52
M01251,MEM00678,1,3.91
M01251,MEM00678,1,3.52
M01251,MEM00678,1,4.12
M01251,MEM00678,1,3.56
M01251,MEM00422,1,3.69
M01251,MEM00422,1,3.41
M01251,MEM00422,1,4.11
M01251,MEM00422,1,3.68
M01251,MEM00422,1,4.74
M01251,MEM00422,1,4.44
M01251,MEM00422,1,4.16
M01251,MEM00008,1,3.72
M01251,MEM00008,1,4.43
M01251,MEM00008,1,4.61
M01251,MEM00008,1,4.29
M01251,MEM00008,1,5.0
M01251,MEM00008,1,4.48
M01251,MEM00008,1,4.75
M01252,MEM00765,1,0.0
M01252,MEM00765,1,0.0
M01252,MEM00765,1,0.0
M01252,MEM00765,1,0.0
M01252,MEM00765,1,0.0
M01252,MEM00765,1,0.0
M01252,MEM00765,1,0.0
M01253,MEM00440,1,0.0
M01253,MEM00440,1,0.0
M01253,MEM00440,1,0.0
M01253,MEM00440,1,0.0
M01253,MEM00440,1,0.0
M01253,MEM00440,1,0.0
M01253,MEM00440,1,0.0
M01254,MEM00405,1,0.0
M01254,MEM00405,1,0.0
M01254,MEM00405,1,0.0
M01254,MEM00405,1,0.0
M01254,MEM00405,1,0.0
M01254,MEM00405,1,0.0
M01254,MEM00405,1,0.0
M01256,EXT00037,0,0.0
M01256,EXT00037,0,0.0
M01256,EXT00037,0,0.0
M01256,EXT00037,0,0.0
M01256,EXT00037,0,0.0
M01256,EXT00037,0,0.0
M01256,EXT00037,0,0.0
M01257,MEM00426,1,0.0
M01257,MEM00426,1,0.0
M01257,MEM00426,1,0.0
M01257,MEM00426,1,0.0
M01257,MEM00426,1,0.0
M01257,MEM00426,1,0.0
M01257,MEM00426,1,0.0
M01258,MEM00295,1,4.28
M01258,MEM00295,1,4.61
M01258,MEM00295,1,3.72
M01258,MEM00295,1,3.92
M01258,MEM00295,1,4.41
M01258,MEM00295,1,4.41
M01258,MEM00295,1,4.5
M01258,EXT00090,0,4.86
M01258,EXT00090,0,3.35
M01258,EXT00090,0,3.62
M01258,EXT00090,0,4.34
M01258,EXT00090,0,3.77
M01258,EXT00090,0,5.0
M01258,EXT00090,0,4.51
M01258,EXT00241,0,4.15
M01258,EXT00241,0,3.89
M01258,EXT00241,0,3.91
M01258,EXT00241,0,4.22
M01258,EXT00241,0,4.27
M01258,EXT00241,0,3.93
M01258,EXT00241,0,4.04
M01258,EXT00154,0,5.0
M01258,EXT00154,0,5.0
M01258,EXT00154,0,4.35
M01258,EXT00154,0,3.4
M01258,EXT00154,0,4.52
M01258,EXT00154,0,5.0
M01258,EXT00154,0,5.0
M01260,MEM00093,1,0.0
M01260,MEM00093,1,0.0
M01260,MEM00093,1,0.0
M01260,MEM00093,1,0.0
M01260,MEM00093,1,0.0
M01260,MEM00093,1,0.0
M01260,MEM00093,1,0.0
M01261,EXT00117,0,0.0
M01261,EXT00117,0,0.0
M01261,EXT00117,0,0.0
M01261,EXT00117,0,0.0
M01261,EXT00117,0,0.0
M01261,EXT00117,0,0.0
M01261,EXT00117,0,0.0
M01262,MEM00097,1,4.64
M01262,MEM00097,1,5.0
M01262,MEM00097,1,4.23
M01262,MEM00097,1,4.58
M01262,MEM00097,1,3.79
M01262,MEM00097,1,4.38
M01262,MEM00097,1,5.0
M01262,EXT00070,0,3.85
M01262,EXT00070,0,3.68
M01262,EXT00070,0,4.26
M01262,EXT00070,0,4.06
M01262,EXT00070,0,4.59
M01262,EXT00070,0,3.93
M01262,EXT00070,0,5.0
M01263,MEM00352,1,0.0
M01263,MEM00352,1,0.0
M01263,MEM00352,1,0.0
M01263,MEM00352,1,0.0
M01263,MEM00352,1,0.0
M01263,MEM00352,1,0.0
M01263,MEM00352,1,0.0
M01263,MEM00787,1,0.0
M01263,MEM00787,1,0.0
M01263,MEM00787,1,0.0
M01263,MEM00787,1,0.0
M01263,MEM00787,1,0.0
M01263,MEM00787,1,0.0
M01263,MEM00787,1,0.0
M01263,MEM00419,1,0.0
M01263,MEM00419,1,0.0
M01263,MEM00419,1,0.0
M01263,MEM00419,1,0.0
M01263,MEM00419,1,0.0
M01263,MEM00419,1,0.0
M01263,MEM00419,1,0.0
M01265,MEM00796,1,3.43
M01265,MEM00796,1,4.95
M01265,MEM00796,1,3.74
M01265,MEM00796,1,3.12
M01265,MEM00796,1,4.34
M01265,MEM00796,1,4.05
M01265,MEM00796,1,3.53
M01265,MEM00461,1,3.19
M01265,MEM00461,1,4.19
M01265,MEM00461,1,4.79
M01265,MEM00461,1,4.55
M01265,MEM00461,1,4.23
M01265,MEM00461,1,4.49
M01265,MEM00461,1,4.18
M01265,MEM00696,1,3.34
M01265,MEM00696,1,3.35
M01265,MEM00696,1,4.08
M01265,MEM00696,1,4.1
M01265,MEM00696,1,4.71
M01265,MEM00696,1,4.65
M01265,MEM00696,1,4.56
M01265,EXT00324,0,4.03
M01265,EXT00324,0,3.37
M01265,EXT00324,0,4.45
M01265,EXT00324,0,4.52
M01265,EXT00324,0,2.77
M01265,EXT00324,0,3.7
M01265,EXT00324,0,3.79
M01266,MEM00252,1,0.0
M01266,MEM00252,1,0.0
M01266,MEM00252,1,0.0
M01266,MEM00252,1,0.0
M01266,MEM00252,1,0.0
M01266,MEM00252,1,0.0
M01266,MEM00252,1,0.0
M01266,MEM00235,1,0.0
M01266,MEM00235,1,0.0
M01266,MEM00235,1,0.0
M01266,MEM00235,1,0.0
M01266,MEM00235,1,0.0
M01266,MEM00235,1,0.0
M01266,MEM00235,1,0.0
M01266,EXT00158,0,0.0
M01266,EXT00158,0,0.0
M01266,EXT00158,0,0.0
M01266,EXT00158,0,0.0
M01266,EXT00158,0,0.0
M01266,EXT00158,0,0.0
M01266,EXT00158,0,0.0
M01267,MEM00539,1,0.0
M01267,MEM00539,1,0.0
M01267,MEM00539,1,0.0
M01267,MEM00539,1,0.0
M01267,MEM00539,1,0.0
M01267,MEM00539,1,0.0
M01267,MEM00539,1,0.0
M01268,MEM00243,1,4.27
M01268,MEM00243,1,3.72
M01268,MEM00243,1,4.18
M01268,MEM00243,1,4.07
M01268,MEM00243,1,4.1
M01268,MEM00243,1,3.77
M01268,MEM00243,1,3.82
M01268,MEM00547,1,3.55
M01268,MEM00547,1,4.43
M01268,MEM00547,1,4.54
M01268,MEM00547,1,3.74
M01268,MEM00547,1,5.0
M01268,MEM00547,1,4.01
M01268,MEM00547,1,5.0
M01270,MEM00492,1,3.81
M01270,MEM00492,1,2.98
M01270,MEM00492,1,4.44
M01270,MEM00492,1,4.35
M01270,MEM00492,1,4.22
M01270,MEM00492,1,3.81
M01270,MEM00492,1,4.18
M01270,MEM00125,1,3.89
M01270,MEM00125,1,4.02
M01270,MEM00125,1,4.7
M01270,MEM00125,1,4.31
M01270,MEM00125,1,4.57
M01270,MEM00125,1,4.06
M01270,MEM00125,1,3.99
M01271,MEM00121,1,0.0
M01271,MEM00121,1,0.0
M01271,MEM00121,1,0.0
M01271,MEM00121,1,0.0
M01271,MEM00121,1,0.0
M01271,MEM00121,1,0.0
M01271,MEM00121,1,0.0
M01272,MEM00560,1,0.0
M01272,MEM00560,1,0.0
M01272,MEM00560,1,0.0
M01272,MEM00560,1,0.0
M01272,MEM00560,1,0.0
M01272,MEM00560,1,0.0
M01272,MEM00560,1,0.0
M01272,MEM00459,1,0.0
M01272,MEM00459,1,0.0
M01272,MEM00459,1,0.0
M01272,MEM00459,1,0.0
M01272,MEM00459,1,0.0
M01272,MEM00459,1,0.0
M01272,MEM00459,1,0.0
M01272,MEM00563,1,0.0
M01272,MEM00563,1,0.0
M01272,MEM00563,1,0.0
M01272,MEM00563,1,0.0
M01272,MEM00563,1,0.0
M01272,MEM00563,1,0.0
M01272,MEM00563,1,0.0
M01273,MEM00695,1,3.51
M01273,MEM00695,1,3.98
M01273,MEM00695,1,2.21
M01273,MEM00695,1,3.85
M01273,MEM00695,1,4.15
M01273,MEM00695,1,4.54
M01273,MEM00695,1,4.04
M01273,MEM00606,1,4.41
M01273,MEM00606,1,2.89
M01273,MEM00606,1,4.17
M01273,MEM00606,1,3.19
M01273,MEM00606,1,3.48
M01273,MEM00606,1,4.09
M01273,MEM00606,1,4.97
M01273,MEM00394,1,4.42
M01273,MEM00394,1,4.21
M01273,MEM00394,1,4.19
M01273,MEM00394,1,3.77
M01273,MEM00394,1,3.87
M01273,MEM00394,1,4.46
M01273,MEM00394,1,3.37
M01273,EXT00298,0,4.56
M01273,EXT00298,0,3.97
M01273,EXT00298,0,4.7
M01273,EXT00298,0,4.78
M01273,EXT00298,0,3.2
M01273,EXT00298,0,3.85
M01273,EXT00298,0,3.69
M01274,MEM00480,1,0.0
M01274,MEM00480,1,0.0
M01274,MEM00480,1,0.0
M01274,MEM00480,1,0.0
M01274,MEM00480,1,0.0
M01274,MEM00480,1,0.0
M01274,MEM00480,1,0.0
M01275,MEM00168,1,0.0
M01275,MEM00168,1,0.0
M01275,MEM00168,1,0.0
M01275,MEM00168,1,0.0
M01275,MEM00168,1,0.0
M01275,MEM00168,1,0.0
M01275,MEM00168,1,0.0
M01275,MEM00220,1,0.0
M01275,MEM00220,1,0.0
M01275,MEM00220,1,0.0
M01275,MEM00220,1,0.0
M01275,MEM00220,1,0.0
M01275,MEM00220,1,0.0
M01275,MEM00220,1,0.0
M01275,MEM00027,1,0.0
M01275,MEM00027,1,0.0
M01275,MEM00027,1,0.0
M01275,MEM00027,1,0.0
M01275,MEM00027,1,0.0
M01275,MEM00027,1,0.0
M01275,MEM00027,1,0.0
M01276,MEM00352,1,3.11
M01276,MEM00352,1,3.58
M01276,MEM00352,1,5.0
M01276,MEM00352,1,4.57
M01276,MEM00352,1,5.0
M01276,MEM00352,1,4.7
M01276,MEM00352,1,3.75
M01276,MEM00479,1,3.97
M01276,MEM00479,1,4.55
M01276,MEM00479,1,4.46
M01276,MEM00479,1,3.85
M01276,MEM00479,1,3.29
M01276,MEM00479,1,5.0
M01276,MEM00479,1,4.12
M01277,MEM00768,1,4.0
M01277,MEM00768,1,4.27
M01277,MEM00768,1,4.05
M01277,MEM00768,1,4.27
M01277,MEM00768,1,4.97
M01277,MEM00768,1,4.13
M01277,MEM00768,1,3.5
M01277,MEM00119,1,4.1
M01277,MEM00119,1,3.92
M01277,MEM00119,1,5.0
M01277,MEM00119,1,4.9
M01277,MEM00119,1,4.26
M01277,MEM00119,1,3.43
M01277,MEM00119,1,3.46
M01277,MEM00678,1,4.21
M01277,MEM00678,1,4.4
M01277,MEM00678,1,3.98
M01277,MEM00678,1,3.91
M01277,MEM00678,1,3.84
M01277,MEM00678,1,4.19
M01277,MEM00678,1,2.77
M01277,MEM00177,1,3.54
M01277,MEM00177,1,3.82
M01277,MEM00177,1,4.92
M01277,MEM00177,1,3.71
M01277,MEM00177,1,4.31
M01277,MEM00177,1,4.34
M01277,MEM00177,1,4.98
M01278,MEM00464,1,4.96
M01278,MEM00464,1,4.17
M01278,MEM00464,1,3.91
M01278,MEM00464,1,3.8
M01278,MEM00464,1,4.06
M01278,MEM00464,1,3.94
M01278,MEM00464,1,4.53
M01278,MEM00422,1,4.45
M01278,MEM00422,1,4.56
M01278,MEM00422,1,4.96
M01278,MEM00422,1,5.0
M01278,MEM00422,1,4.27
M01278,MEM00422,1,4.86
M01278,MEM00422,1,3.99
M01278,MEM00107,1,4.91
M01278,MEM00107,1,4.84
M01278,MEM00107,1,4.81
M01278,MEM00107,1,4.26
M01278,MEM00107,1,3.8
M01278,MEM00107,1,3.36
M01278,MEM00107,1,4.18
M01278,MEM00378,1,5.0
M01278,MEM00378,1,4.01
M01278,MEM00378,1,4.67
M01278,MEM00378,1,4.71
M01278,MEM00378,1,4.03
M01278,MEM00378,1,4.99
M01278,MEM00378,1,2.45
M01279,MEM00083,1,3.47
M01279,MEM00083,1,3.65
M01279,MEM00083,1,3.71
M01279,MEM00083,1,4.4
M01279,MEM00083,1,4.37
M01279,MEM00083,1,4.44
M01279,MEM00083,1,4.56
M01279,MEM00060,1,3.63
M01279,MEM00060,1,3.47
M01279,MEM00060,1,4.44
M01279,MEM00060,1,3.82
M01279,MEM00060,1,3.26
M01279,MEM00060,1,4.78
M01279,MEM00060,1,5.0
M01280,MEM00107,1,5.0
M01280,MEM00107,1,4.31
M01280,MEM00107,1,4.58
M01280,MEM00107,1,5.0
M01280,MEM00107,1,3.82
M01280,MEM00107,1,4.87
M01280,MEM00107,1,4.37
M01280,EXT00233,0,4.75
M01280,EXT00233,0,4.31
M01280,EXT00233,0,4.98
M01280,EXT00233,0,4.33
M01280,EXT00233,0,3.31
M01280,EXT00233,0,5.0
M01280,EXT00233,0,3.63
M01280,EXT00216,0,4.95
M01280,EXT00216,0,4.15
M01280,EXT00216,0,4.91
M01280,EXT00216,0,4.88
M01280,EXT00216,0,4.46
M01280,EXT00216,0,4.51
M01280,EXT00216,0,4.45
M01280,EXT00088,0,2.99
M01280,EXT00088,0,4.27
M01280,EXT00088,0,3.53
M01280,EXT00088,0,4.3
M01280,EXT00088,0,3.51
M01280,EXT00088,0,3.49
M01280,EXT00088,0,5.0
M01281,MEM00044,1,4.84
M01281,MEM00044,1,4.2
M01281,MEM00044,1,4.31
M01281,MEM00044,1,4.05
M01281,MEM00044,1,4.54
M01281,MEM00044,1,3.79
M01281,MEM00044,1,4.8
M01281,MEM00393,1,4.05
M01281,MEM00393,1,3.95
M01281,MEM00393,1,4.21
M01281,MEM00393,1,3.85
M01281,MEM00393,1,4.4
M01281,MEM00393,1,3.88
M01281,MEM00393,1,4.48
M01281,MEM00495,1,4.93
M01281,MEM00495,1,3.77
M01281,MEM00495,1,4.12
M01281,MEM00495,1,4.48
M01281,MEM00495,1,3.94
M01281,MEM00495,1,4.48
M01281,MEM00495,1,4.53
M01281,MEM00652,1,4.85
M01281,MEM00652,1,3.84
M01281,MEM00652,1,3.63
M01281,MEM00652,1,4.02
M01281,MEM00652,1,3.62
M01281,MEM00652,1,4.54
M01281,MEM00652,1,3.5
M01282,MEM00554,1,0.0
M01282,MEM00554,1,0.0
M01282,MEM00554,1,0.0
M01282,MEM00554,1,0.0
M01282,MEM00554,1,0.0
M01282,MEM00554,1,0.0
M01282,MEM00554,1,0.0
M01284,MEM00210,1,5.0
M01284,MEM00210,1,4.98
M01284,MEM00210,1,4.21
M01284,MEM00210,1,4.72
M01284,MEM00210,1,3.22
M01284,MEM00210,1,5.0
M01284,MEM00210,1,3.85
M01284,MEM00479,1,4.13
M01284,MEM00479,1,3.09
M01284,MEM00479,1,4.49
M01284,MEM00479,1,3.54
M01284,MEM00479,1,4.26
M01284,MEM00479,1,3.87
M01284,MEM00479,1,3.55
M01284,MEM00717,1,3.72
M01284,MEM00717,1,4.34
M01284,MEM00717,1,3.43
M01284,MEM00717,1,3.75
M01284,MEM00717,1,4.6
M01284,MEM00717,1,5.0
M01284,MEM00717,1,4.49
M01284,MEM00235,1,3.65
M01284,MEM00235,1,3.98
M01284,MEM00235,1,4.22
M01284,MEM00235,1,3.99
M01284,MEM00235,1,4.74
M01284,MEM00235,1,4.33
M01284,MEM00235,1,4.74
M01285,MEM00584,1,4.01
M01285,MEM00584,1,5.0
M01285,MEM00584,1,4.1
M01285,MEM00584,1,3.62
M01285,MEM00584,1,5.0
M01285,MEM00584,1,3.11
M01285,MEM00584,1,3.76
M01285,MEM00645,1,3.82
M01285,MEM00645,1,5.0
M01285,MEM00645,1,5.0
M01285,MEM00645,1,5.0
M01285,MEM00645,1,4.0
M01285,MEM00645,1,5.0
M01285,MEM00645,1,4.42
M01285,MEM00461,1,4.79
M01285,MEM00461,1,4.31
M01285,MEM00461,1,4.17
M01285,MEM00461,1,4.05
M01285,MEM00461,1,4.07
M01285,MEM00461,1,4.57
M01285,MEM00461,1,4.42
M01285,EXT00142,0,4.18
M01285,EXT00142,0,5.0
M01285,EXT00142,0,2.42
M01285,EXT00142,0,4.51
M01285,EXT00142,0,4.63
M01285,EXT00142,0,4.89
M01285,EXT00142,0,4.16
M01286,MEM00498,1,4.32
M01286,MEM00498,1,4.79
M01286,MEM00498,1,5.0
M01286,MEM00498,1,4.02
M01286,MEM00498,1,4.36
M01286,MEM00498,1,5.0
M01286,MEM00498,1,2.93
M01286,MEM00373,1,3.79
M01286,MEM00373,1,5.0
M01286,MEM00373,1,4.86
M01286,MEM00373,1,4.51
M01286,MEM00373,1,3.93
M01286,MEM00373,1,3.67
M01286,MEM00373,1,3.85
M01287,MEM00169,1,0.0
M01287,MEM00169,1,0.0
M01287,MEM00169,1,0.0
M01287,MEM00169,1,0.0
M01287,MEM00169,1,0.0
M01287,MEM00169,1,0.0
M01287,MEM00169,1,0.0
M01288,MEM00563,1,0.0
M01288,MEM00563,1,0.0
M01288,MEM00563,1,0.0
M01288,MEM00563,1,0.0
M01288,MEM00563,1,0.0
M01288,MEM00563,1,0.0
M01288,MEM00563,1,0.0
M01290,MEM00021,1,5.0
M01290,MEM00021,1,3.82
M01290,MEM00021,1,4.26
M01290,MEM00021,1,3.75
M01290,MEM00021,1,4.71
M01290,MEM00021,1,3.88
M01290,MEM00021,1,4.14
M01290,MEM00278,1,3.19
M01290,MEM00278,1,3.23
M01290,MEM00278,1,4.2
M01290,MEM00278,1,3.4
M01290,MEM00278,1,5.0
M01290,MEM00278,1,2.96
M01290,MEM00278,1,3.72
M01290,MEM00735,1,4.21
M01290,MEM00735,1,3.98
M01290,MEM00735,1,3.54
M01290,MEM00735,1,3.63
M01290,MEM00735,1,3.61
M01290,MEM00735,1,4.03
M01290,MEM00735,1,5.0
M01290,MEM00434,1,4.25
M01290,MEM00434,1,4.91
M01290,MEM00434,1,4.5
M01290,MEM00434,1,4.87
M01290,MEM00434,1,2.52
M01290,MEM00434,1,4.02
M01290,MEM00434,1,4.98
M01291,MEM00615,1,3.86
M01291,MEM00615,1,5.0
M01291,MEM00615,1,5.0
M01291,MEM00615,1,3.92
M01291,MEM00615,1,3.9
M01291,MEM00615,1,3.59
M01291,MEM00615,1,3.82
M01291,MEM00060,1,3.46
M01291,MEM00060,1,4.46
M01291,MEM00060,1,3.33
M01291,MEM00060,1,4.56
M01291,MEM00060,1,4.58
M01291,MEM00060,1,3.2
M01291,MEM00060,1,5.0
M01291,MEM00243,1,4.51
M01291,MEM00243,1,4.65
M01291,MEM00243,1,3.74
M01291,MEM00243,1,4.57
M01291,MEM00243,1,4.88
M01291,MEM00243,1,4.14
M01291,MEM00243,1,5.0
M01291,MEM00563,1,4.23
M01291,MEM00563,1,4.88
M01291,MEM00563,1,4.38
M01291,MEM00563,1,4.55
M01291,MEM00563,1,3.2
M01291,MEM00563,1,4.42
M01291,MEM00563,1,3.76
M01292,MEM00253,1,3.69
M01292,MEM00253,1,5.0
M01292,MEM00253,1,4.07
M01292,MEM00253,1,3.6
M01292,MEM00253,1,3.98
M01292,MEM00253,1,3.42
M01292,MEM00253,1,5.0
M01292,MEM00541,1,3.78
M01292,MEM00541,1,4.52
M01292,MEM00541,1,5.0
M01292,MEM00541,1,3.9
M01292,MEM00541,1,4.52
M01292,MEM00541,1,3.58
M01292,MEM00541,1,5.0
M01292,MEM00606,1,4.76
M01292,MEM00606,1,4.08
M01292,MEM00606,1,3.74
M01292,MEM00606,1,4.13
M01292,MEM00606,1,4.0
M01292,MEM00606,1,5.0
M01292,MEM00606,1,3.46
M01292,MEM00309,1,4.28
M01292,MEM00309,1,4.19
M01292,MEM00309,1,4.13
M01292,MEM00309,1,4.13
M01292,MEM00309,1,4.13
M01292,MEM00309,1,4.72
M01292,MEM00309,1,4.57
M01293,MEM00322,1,0.0
M01293,MEM00322,1,0.0
M01293,MEM00322,1,0.0
M01293,MEM00322,1,0.0
M01293,MEM00322,1,0.0
M01293,MEM00322,1,0.0
M01293,MEM00322,1,0.0
M01293,MEM00362,1,0.0
M01293,MEM00362,1,0.0
M01293,MEM00362,1,0.0
M01293,MEM00362,1,0.0
M01293,MEM00362,1,0.0
M01293,MEM00362,1,0.0
M01293,MEM00362,1,0.0
M01293,EXT00366,0,0.0
M01293,EXT00366,0,0.0
M01293,EXT00366,0,0.0
M01293,EXT00366,0,0.0
M01293,EXT00366,0,0.0
M01293,EXT00366,0,0.0
M01293,EXT00366,0,0.0
M01294,MEM00210,1,4.45
M01294,MEM00210,1,2.38
M01294,MEM00210,1,4.38
M01294,MEM00210,1,3.21
M01294,MEM00210,1,4.59
M01294,MEM00210,1,5.0
M01294,MEM00210,1,3.64
M01294,MEM00114,1,4.04
M01294,MEM00114,1,3.84
M01294,MEM00114,1,4.94
M01294,MEM00114,1,4.26
M01294,MEM00114,1,5.0
M01294,MEM00114,1,4.45
M01294,MEM00114,1,4.35
M01295,MEM00462,1,0.0
M01295,MEM00462,1,0.0
M01295,MEM00462,1,0.0
M01295,MEM00462,1,0.0
M01295,MEM00462,1,0.0
M01295,MEM00462,1,0.0
M01295,MEM00462,1,0.0
M01295,MEM00294,1,0.0
M01295,MEM00294,1,0.0
M01295,MEM00294,1,0.0
M01295,MEM00294,1,0.0
M01295,MEM00294,1,0.0
M01295,MEM00294,1,0.0
M01295,MEM00294,1,0.0
M01295,MEM00770,1,0.0
M01295,MEM00770,1,0.0
M01295,MEM00770,1,0.0
M01295,MEM00770,1,0.0
M01295,MEM00770,1,0.0
M01295,MEM00770,1,0.0
M01295,MEM00770,1,0.0
M01296,MEM00066,1,0.0
M01296,MEM00066,1,0.0
M01296,MEM00066,1,0.0
M01296,MEM00066,1,0.0
M01296,MEM00066,1,0.0
M01296,MEM00066,1,0.0
M01296,MEM00066,1,0.0
M01297,MEM00259,1,4.24
M01297,MEM00259,1,4.69
M01297,MEM00259,1,3.16
M01297,MEM00259,1,4.25
M01297,MEM00259,1,4.16
M01297,MEM00259,1,4.64
M01297,MEM00259,1,4.09
M01297,MEM00150,1,3.58
M01297,MEM00150,1,4.2
M01297,MEM00150,1,3.55
M01297,MEM00150,1,3.04
M01297,MEM00150,1,4.64
M01297,MEM00150,1,4.55
M01297,MEM00150,1,4.48
M01297,MEM00396,1,4.98
M01297,MEM00396,1,3.8
M01297,MEM00396,1,3.34
M01297,MEM00396,1,4.16
M01297,MEM00396,1,3.99
M01297,MEM00396,1,3.69
M01297,MEM00396,1,4.15
M01297,EXT00263,0,3.83
M01297,EXT00263,0,3.1
M01297,EXT00263,0,3.94
M01297,EXT00263,0,3.52
M01297,EXT00263,0,4.34
M01297,EXT00263,0,3.81
M01297,EXT00263,0,4.87
M01298,MEM00798,1,5.0
M01298,MEM00798,1,4.61
M01298,MEM00798,1,3.27
M01298,MEM00798,1,5.0
M01298,MEM00798,1,5.0
M01298,MEM00798,1,4.21
M01298,MEM00798,1,4.99
M01298,EXT00181,0,3.87
M01298,EXT00181,0,3.08
M01298,EXT00181,0,3.74
M01298,EXT00181,0,5.0
M01298,EXT00181,0,3.31
M01298,EXT00181,0,4.2
M01298,EXT00181,0,4.22
M01299,MEM00273,1,0.0
M01299,MEM00273,1,0.0
M01299,MEM00273,1,0.0
M01299,MEM00273,1,0.0
M01299,MEM00273,1,0.0
M01299,MEM00273,1,0.0
M01299,MEM00273,1,0.0
M01300,MEM00324,1,3.89
M01300,MEM00324,1,3.93
M01300,MEM00324,1,4.24
M01300,MEM00324,1,3.86
M01300,MEM00324,1,3.35
M01300,MEM00324,1,4.33
M01300,MEM00324,1,4.84
M01300,MEM00313,1,4.72
M01300,MEM00313,1,3.71
M01300,MEM00313,1,3.45
M01300,MEM00313,1,4.03
M01300,MEM00313,1,5.0
M01300,MEM00313,1,4.59
M01300,MEM00313,1,4.62
M01300,MEM00114,1,4.73
M01300,MEM00114,1,4.45
M01300,MEM00114,1,4.27
M01300,MEM00114,1,4.6
M01300,MEM00114,1,3.87
M01300,MEM00114,1,3.35
M01300,MEM00114,1,4.63
M01300,MEM00708,1,4.94
M01300,MEM00708,1,3.53
M01300,MEM00708,1,4.69
M01300,MEM00708,1,5.0
M01300,MEM00708,1,4.2
M01300,MEM00708,1,3.71
M01300,MEM00708,1,4.27
M01301,MEM00301,1,3.87
M01301,MEM00301,1,3.83
M01301,MEM00301,1,4.46
M01301,MEM00301,1,3.24
M01301,MEM00301,1,3.33
M01301,MEM00301,1,4.21
M01301,MEM00301,1,4.19
M01301,EXT00263,0,4.41
M01301,EXT00263,0,5.0
M01301,EXT00263,0,4.26
M01301,EXT00263,0,4.56
M01301,EXT00263,0,3.61
M01301,EXT00263,0,4.66
M01301,EXT00263,0,3.88
M01302,EXT00258,0,4.24
M01302,EXT00258,0,4.13
M01302,EXT00258,0,4.82
M01302,EXT00258,0,3.41
M01302,EXT00258,0,2.83
M01302,EXT00258,0,4.07
M01302,EXT00258,0,4.48
M01302,EXT00173,0,4.29
M01302,EXT00173,0,4.94
M01302,EXT00173,0,4.46
M01302,EXT00173,0,3.86
M01302,EXT00173,0,2.8
M01302,EXT00173,0,4.06
M01302,EXT00173,0,4.82
M01303,MEM00066,1,0.0
M01303,MEM00066,1,0.0
M01303,MEM00066,1,0.0
M01303,MEM00066,1,0.0
M01303,MEM00066,1,0.0
M01303,MEM00066,1,0.0
M01303,MEM00066,1,0.0
M01304,MEM00651,1,0.0
M01304,MEM00651,1,0.0
M01304,MEM00651,1,0.0
M01304,MEM00651,1,0.0
M01304,MEM00651,1,0.0
M01304,MEM00651,1,0.0
M01304,MEM00651,1,0.0
M01305,MEM00504,1,3.96
M01305,MEM00504,1,4.22
M01305,MEM00504,1,4.45
M01305,MEM00504,1,3.59
M01305,MEM00504,1,4.57
M01305,MEM00504,1,5.0
M01305,MEM00504,1,4.1
M01305,MEM00756,1,3.52
M01305,MEM00756,1,4.16
M01305,MEM00756,1,2.87
M01305,MEM00756,1,4.4
M01305,MEM00756,1,4.47
M01305,MEM00756,1,5.0
M01305,MEM00756,1,4.08
M01305,MEM00763,1,4.45
M01305,MEM00763,1,3.68
M01305,MEM00763,1,3.99
M01305,MEM00763,1,3.28
M01305,MEM00763,1,4.08
M01305,MEM00763,1,4.02
M01305,MEM00763,1,4.38
M01305,MEM00139,1,3.83
M01305,MEM00139,1,4.25
M01305,MEM00139,1,4.0
M01305,MEM00139,1,4.0
M01305,MEM00139,1,4.25
M01305,MEM00139,1,4.22
M01305,MEM00139,1,4.66
M01306,MEM00377,1,4.13
M01306,MEM00377,1,3.99
M01306,MEM00377,1,4.09
M01306,MEM00377,1,3.77
M01306,MEM00377,1,3.98
M01306,MEM00377,1,5.0
M01306,MEM00377,1,3.65
M01306,MEM00478,1,4.03
M01306,MEM00478,1,3.97
M01306,MEM00478,1,4.05
M01306,MEM00478,1,4.0
M01306,MEM00478,1,4.37
M01306,MEM00478,1,3.17
M01306,MEM00478,1,4.82
M01307,MEM00461,1,0.0
M01307,MEM00461,1,0.0
M01307,MEM00461,1,0.0
M01307,MEM00461,1,0.0
M01307,MEM00461,1,0.0
M01307,MEM00461,1,0.0
M01307,MEM00461,1,0.0
M01308,MEM00313,1,0.0
M01308,MEM00313,1,0.0
M01308,MEM00313,1,0.0
M01308,MEM00313,1,0.0
M01308,MEM00313,1,0.0
M01308,MEM00313,1,0.0
M01308,MEM00313,1,0.0
M01309,MEM00180,1,4.58
M01309,MEM00180,1,3.45
M01309,MEM00180,1,2.84
M01309,MEM00180,1,3.61
M01309,MEM00180,1,4.05
M01309,MEM00180,1,5.0
M01309,MEM00180,1,4.53
M01309,MEM00589,1,3.12
M01309,MEM00589,1,3.79
M01309,MEM00589,1,4.17
M01309,MEM00589,1,4.35
M01309,MEM00589,1,3.41
M01309,MEM00589,1,4.12
M01309,MEM00589,1,3.77
M01309,MEM00151,1,3.54
M01309,MEM00151,1,4.36
M01309,MEM00151,1,4.66
M01309,MEM00151,1,4.7
M01309,MEM00151,1,4.54
M01309,MEM00151,1,3.9
M01309,MEM00151,1,4.63
M01309,EXT00023,0,4.39
M01309,EXT00023,0,4.28
M01309,EXT00023,0,3.83
M01309,EXT00023,0,3.9
M01309,EXT00023,0,4.24
M01309,EXT00023,0,5.0
M01309,EXT00023,0,4.38
M01310,MEM00429,1,0.0
M01310,MEM00429,1,0.0
M01310,MEM00429,1,0.0
M01310,MEM00429,1,0.0
M01310,MEM00429,1,0.0
M01310,MEM00429,1,0.0
M01310,MEM00429,1,0.0
M01311,MEM00474,1,0.0
M01311,MEM00474,1,0.0
M01311,MEM00474,1,0.0
M01311,MEM00474,1,0.0
M01311,MEM00474,1,0.0
M01311,MEM00474,1,0.0
M01311,MEM00474,1,0.0
M01313,MEM00695,1,0.0
M01313,MEM00695,1,0.0
M01313,MEM00695,1,0.0
M01313,MEM00695,1,0.0
M01313,MEM00695,1,0.0
M01313,MEM00695,1,0.0
M01313,MEM00695,1,0.0
M01314,MEM00455,1,0.0
M01314,MEM00455,1,0.0
M01314,MEM00455,1,0.0
M01314,MEM00455,1,0.0
M01314,MEM00455,1,0.0
M01314,MEM00455,1,0.0
M01314,MEM00455,1,0.0
M01315,MEM00077,1,3.83
M01315,MEM00077,1,3.7
M01315,MEM00077,1,3.9
M01315,MEM00077,1,5.0
M01315,MEM00077,1,3.96
M01315,MEM00077,1,4.74
M01315,MEM00077,1,3.97
M01315,MEM00422,1,4.36
M01315,MEM00422,1,4.68
M01315,MEM00422,1,3.86
M01315,MEM00422,1,3.82
M01315,MEM00422,1,5.0
M01315,MEM00422,1,4.79
M01315,MEM00422,1,4.67
M01315,MEM00267,1,4.67
M01315,MEM00267,1,4.48
M01315,MEM00267,1,5.0
M01315,MEM00267,1,4.23
M01315,MEM00267,1,4.55
M01315,MEM00267,1,3.33
M01315,MEM00267,1,3.71
M01315,MEM00638,1,3.48
M01315,MEM00638,1,4.96
M01315,MEM00638,1,2.67
M01315,MEM00638,1,3.96
M01315,MEM00638,1,2.4
M01315,MEM00638,1,3.7
M01315,MEM00638,1,3.91
M01316,MEM00731,1,0.0
M01316,MEM00731,1,0.0
M01316,MEM00731,1,0.0
M01316,MEM00731,1,0.0
M01316,MEM00731,1,0.0
M01316,MEM00731,1,0.0
M01316,MEM00731,1,0.0
M01316,MEM00440,1,0.0
M01316,MEM00440,1,0.0
M01316,MEM00440,1,0.0
M01316,MEM00440,1,0.0
M01316,MEM00440,1,0.0
M01316,MEM00440,1,0.0
M01316,MEM00440,1,0.0
M01316,EXT00156,0,0.0
M01316,EXT00156,0,0.0
M01316,EXT00156,0,0.0
M01316,EXT00156,0,0.0
M01316,EXT00156,0,0.0
M01316,EXT00156,0,0.0
M01316,EXT00156,0,0.0
M01317,MEM00226,1,0.0
M01317,MEM00226,1,0.0
M01317,MEM00226,1,0.0
M01317,MEM00226,1,0.0
M01317,MEM00226,1,0.0
M01317,MEM00226,1,0.0
M01317,MEM00226,1,0.0
M01318,MEM00475,1,5.0
M01318,MEM00475,1,4.44
M01318,MEM00475,1,3.7
M01318,MEM00475,1,4.84
M01318,MEM00475,1,4.21
M01318,MEM00475,1,4.22
M01318,MEM00475,1,3.48
M01318,MEM00139,1,3.61
M01318,MEM00139,1,3.7
M01318,MEM00139,1,4.23
M01318,MEM00139,1,4.25
M01318,MEM00139,1,5.0
M01318,MEM00139,1,4.43
M01318,MEM00139,1,2.58
M01318,MEM00132,1,4.36
M01318,MEM00132,1,3.33
M01318,MEM00132,1,3.62
M01318,MEM00132,1,3.71
M01318,MEM00132,1,3.8
M01318,MEM00132,1,3.37
M01318,MEM00132,1,4.32
M01318,MEM00338,1,3.35
M01318,MEM00338,1,4.41
M01318,MEM00338,1,5.0
M01318,MEM00338,1,3.4
M01318,MEM00338,1,4.03
M01318,MEM00338,1,2.69
M01318,MEM00338,1,4.02
M01319,MEM00079,1,0.0
M01319,MEM00079,1,0.0
M01319,MEM00079,1,0.0
M01319,MEM00079,1,0.0
M01319,MEM00079,1,0.0
M01319,MEM00079,1,0.0
M01319,MEM00079,1,0.0
M01320,MEM00756,1,4.59
M01320,MEM00756,1,4.63
M01320,MEM00756,1,4.25
M01320,MEM00756,1,4.73
M01320,MEM00756,1,5.0
M01320,MEM00756,1,5.0
M01320,MEM00756,1,3.89
M01320,MEM00606,1,3.33
M01320,MEM00606,1,3.96
M01320,MEM00606,1,3.63
M01320,MEM00606,1,4.47
M01320,MEM00606,1,3.49
M01320,MEM00606,1,4.16
M01320,MEM00606,1,4.7
M01321,MEM00655,1,4.14
M01321,MEM00655,1,3.63
M01321,MEM00655,1,4.9
M01321,MEM00655,1,3.07
M01321,MEM00655,1,4.0
M01321,MEM00655,1,4.18
M01321,MEM00655,1,4.21
M01321,MEM00465,1,4.31
M01321,MEM00465,1,4.57
M01321,MEM00465,1,4.18
M01321,MEM00465,1,3.98
M01321,MEM00465,1,3.96
M01321,MEM00465,1,3.83
M01321,MEM00465,1,4.67
M01322,MEM00655,1,3.81
M01322,MEM00655,1,4.71
M01322,MEM00655,1,4.21
M01322,MEM00655,1,3.89
M01322,MEM00655,1,4.57
M01322,MEM00655,1,3.76
M01322,MEM00655,1,4.58
M01322,MEM00377,1,4.33
M01322,MEM00377,1,3.84
M01322,MEM00377,1,4.52
M01322,MEM00377,1,4.53
M01322,MEM00377,1,4.89
M01322,MEM00377,1,4.78
M01322,MEM00377,1,4.49
M01322,MEM00490,1,3.52
M01322,MEM00490,1,5.0
M01322,MEM00490,1,3.36
M01322,MEM00490,1,4.77
M01322,MEM00490,1,4.46
M01322,MEM00490,1,3.5
M01322,MEM00490,1,4.13
M01322,MEM00079,1,4.15
M01322,MEM00079,1,4.98
M01322,MEM00079,1,3.77
M01322,MEM00079,1,4.04
M01322,MEM00079,1,2.8
M01322,MEM00079,1,5.0
M01322,MEM00079,1,3.56
M01323,MEM00212,1,0.0
M01323,MEM00212,1,0.0
M01323,MEM00212,1,0.0
M01323,MEM00212,1,0.0
M01323,MEM00212,1,0.0
M01323,MEM00212,1,0.0
M01323,MEM00212,1,0.0
M01323,MEM00623,1,0.0
M01323,MEM00623,1,0.0
M01323,MEM00623,1,0.0
M01323,MEM00623,1,0.0
M01323,MEM00623,1,0.0
M01323,MEM00623,1,0.0
M01323,MEM00623,1,0.0
M01324,MEM00119,1,0.0
M01324,MEM00119,1,0.0
M01324,MEM00119,1,0.0
M01324,MEM00119,1,0.0
M01324,MEM00119,1,0.0
M01324,MEM00119,1,0.0
M01324,MEM00119,1,0.0
M01324,MEM00756,1,0.0
M01324,MEM00756,1,0.0
M01324,MEM00756,1,0.0
M01324,MEM00756,1,0.0
M01324,MEM00756,1,0.0
M01324,MEM00756,1,0.0
M01324,MEM00756,1,0.0
M01324,MEM00699,1,0.0
M01324,MEM00699,1,0.0
M01324,MEM00699,1,0.0
M01324,MEM00699,1,0.0
M01324,MEM00699,1,0.0
M01324,MEM00699,1,0.0
M01324,MEM00699,1,0.0
M01325,MEM00771,1,4.4
M01325,MEM00771,1,4.14
M01325,MEM00771,1,4.14
M01325,MEM00771,1,4.69
M01325,MEM00771,1,5.0
M01325,MEM00771,1,4.35
M01325,MEM00771,1,4.59
M01325,EXT00070,0,4.4
M01325,EXT00070,0,4.81
M01325,EXT00070,0,3.92
M01325,EXT00070,0,4.85
M01325,EXT00070,0,4.87
M01325,EXT00070,0,4.85
M01325,EXT00070,0,3.8
M01325,EXT00293,0,4.1
M01325,EXT00293,0,4.34
M01325,EXT00293,0,3.38
M01325,EXT00293,0,5.0
M01325,EXT00293,0,4.19
M01325,EXT00293,0,4.37
M01325,EXT00293,0,3.85
M01325,EXT00020,0,3.4
M01325,EXT00020,0,3.84
M01325,EXT00020,0,4.33
M01325,EXT00020,0,4.6
M01325,EXT00020,0,4.3
M01325,EXT00020,0,4.41
M01325,EXT00020,0,4.0
M01327,MEM00756,1,4.5
M01327,MEM00756,1,5.0
M01327,MEM00756,1,4.62
M01327,MEM00756,1,4.69
M01327,MEM00756,1,4.38
M01327,MEM00756,1,3.3
M01327,MEM00756,1,3.57
M01327,MEM00406,1,4.47
M01327,MEM00406,1,4.19
M01327,MEM00406,1,4.46
M01327,MEM00406,1,5.0
M01327,MEM00406,1,4.64
M01327,MEM00406,1,4.96
M01327,MEM00406,1,4.26
M01327,MEM00315,1,3.72
M01327,MEM00315,1,4.17
M01327,MEM00315,1,3.72
M01327,MEM00315,1,5.0
M01327,MEM00315,1,4.67
M01327,MEM00315,1,4.51
M01327,MEM00315,1,4.94
M01327,MEM00461,1,2.99
M01327,MEM00461,1,4.55
M01327,MEM00461,1,3.41
M01327,MEM00461,1,4.2
M01327,MEM00461,1,4.01
M01327,MEM00461,1,4.6
M01327,MEM00461,1,4.34
M01328,MEM00379,1,5.0
M01328,MEM00379,1,3.84
M01328,MEM00379,1,4.63
M01328,MEM00379,1,4.3
M01328,MEM00379,1,3.22
M01328,MEM00379,1,3.65
M01328,MEM00379,1,4.11
M01328,MEM00539,1,4.87
M01328,MEM00539,1,4.48
M01328,MEM00539,1,3.5
M01328,MEM00539,1,4.12
M01328,MEM00539,1,5.0
M01328,MEM00539,1,4.27
M01328,MEM00539,1,4.0
M01329,MEM00645,1,4.5
M01329,MEM00645,1,4.66
M01329,MEM00645,1,3.93
M01329,MEM00645,1,4.5
M01329,MEM00645,1,4.0
M01329,MEM00645,1,4.63
M01329,MEM00645,1,4.3
M01329,MEM00763,1,4.49
M01329,MEM00763,1,3.74
M01329,MEM00763,1,3.71
M01329,MEM00763,1,4.77
M01329,MEM00763,1,4.15
M01329,MEM00763,1,4.37
M01329,MEM00763,1,4.02
M01329,EXT00013,0,4.74
M01329,EXT00013,0,3.84
M01329,EXT00013,0,4.12
M01329,EXT00013,0,4.67
M01329,EXT00013,0,4.9
M01329,EXT00013,0,3.89
M01329,EXT00013,0,5.0
M01329,EXT00391,0,4.39
M01329,EXT00391,0,3.57
M01329,EXT00391,0,4.42
M01329,EXT00391,0,3.97
M01329,EXT00391,0,4.46
M01329,EXT00391,0,4.17
M01329,EXT00391,0,4.24
M01330,MEM00123,1,3.65
M01330,MEM00123,1,4.79
M01330,MEM00123,1,3.51
M01330,MEM00123,1,3.53
M01330,MEM00123,1,4.42
M01330,MEM00123,1,5.0
M01330,MEM00123,1,3.99
M01330,MEM00084,1,4.62
M01330,MEM00084,1,4.84
M01330,MEM00084,1,4.69
M01330,MEM00084,1,4.01
M01330,MEM00084,1,3.55
M01330,MEM00084,1,2.88
M01330,MEM00084,1,4.04
M01330,MEM00651,1,4.91
M01330,MEM00651,1,3.53
M01330,MEM00651,1,4.62
M01330,MEM00651,1,3.63
M01330,MEM00651,1,4.26
M01330,MEM00651,1,4.62
M01330,MEM00651,1,3.8
M01330,MEM00214,1,4.3
M01330,MEM00214,1,3.95
M01330,MEM00214,1,4.62
M01330,MEM00214,1,4.34
M01330,MEM00214,1,4.23
M01330,MEM00214,1,5.0
M01330,MEM00214,1,4.6
M01331,MEM00296,1,3.79
M01331,MEM00296,1,4.15
M01331,MEM00296,1,4.15
M01331,MEM00296,1,4.25
M01331,MEM00296,1,5.0
M01331,MEM00296,1,4.42
M01331,MEM00296,1,2.98
M01331,MEM00502,1,3.87
M01331,MEM00502,1,3.04
M01331,MEM00502,1,4.0
M01331,MEM00502,1,3.01
M01331,MEM00502,1,3.68
M01331,MEM00502,1,3.29
M01331,MEM00502,1,4.43
M01331,MEM00058,1,4.2
M01331,MEM00058,1,4.38
M01331,MEM00058,1,4.14
M01331,MEM00058,1,3.36
M01331,MEM00058,1,4.51
M01331,MEM00058,1,5.0
M01331,MEM00058,1,4.45
M01331,MEM00350,1,3.94
M01331,MEM00350,1,3.34
M01331,MEM00350,1,3.66
M01331,MEM00350,1,4.47
M01331,MEM00350,1,4.84
M01331,MEM00350,1,4.36
M01331,MEM00350,1,4.68
M01332,MEM00476,1,4.62
M01332,MEM00476,1,4.5
M01332,MEM00476,1,3.8
M01332,MEM00476,1,4.3
M01332,MEM00476,1,3.69
M01332,MEM00476,1,4.21
M01332,MEM00476,1,4.4
M01332,EXT00359,0,5.0
M01332,EXT00359,0,3.41
M01332,EXT00359,0,4.49
M01332,EXT00359,0,5.0
M01332,EXT00359,0,4.66
M01332,EXT00359,0,4.7
M01332,EXT00359,0,4.55
M01333,MEM00298,1,0.0
M01333,MEM00298,1,0.0
M01333,MEM00298,1,0.0
M01333,MEM00298,1,0.0
M01333,MEM00298,1,0.0
M01333,MEM00298,1,0.0
M01333,MEM00298,1,0.0
M01334,MEM00352,1,4.98
M01334,MEM00352,1,3.55
M01334,MEM00352,1,3.37
M01334,MEM00352,1,4.2
M01334,MEM00352,1,2.9
M01334,MEM00352,1,4.94
M01334,MEM00352,1,4.93
M01334,MEM00186,1,3.94
M01334,MEM00186,1,3.98
M01334,MEM00186,1,4.16
M01334,MEM00186,1,4.23
M01334,MEM00186,1,4.28
M01334,MEM00186,1,4.53
M01334,MEM00186,1,4.1
M01335,MEM00655,1,0.0
M01335,MEM00655,1,0.0
M01335,MEM00655,1,0.0
M01335,MEM00655,1,0.0
M01335,MEM00655,1,0.0
M01335,MEM00655,1,0.0
M01335,MEM00655,1,0.0
M01335,MEM00652,1,0.0
M01335,MEM00652,1,0.0
M01335,MEM00652,1,0.0
M01335,MEM00652,1,0.0
M01335,MEM00652,1,0.0
M01335,MEM00652,1,0.0
M01335,MEM00652,1,0.0
M01335,MEM00054,1,0.0
M01335,MEM00054,1,0.0
M01335,MEM00054,1,0.0
M01335,MEM00054,1,0.0
M01335,MEM00054,1,0.0
M01335,MEM00054,1,0.0
M01335,MEM00054,1,0.0
M01336,MEM00467,1,4.77
M01336,MEM00467,1,4.47
M01336,MEM00467,1,3.84
M01336,MEM00467,1,5.0
M01336,MEM00467,1,3.39
M01336,MEM00467,1,4.14
M01336,MEM00467,1,4.78
M01336,EXT00132,0,3.77
M01336,EXT00132,0,4.39
M01336,EXT00132,0,4.53
M01336,EXT00132,0,3.68
M01336,EXT00132,0,4.16
M01336,EXT00132,0,4.11
M01336,EXT00132,0,3.87
M01337,MEM00633,1,0.0
M01337,MEM00633,1,0.0
M01337,MEM00633,1,0.0
M01337,MEM00633,1,0.0
M01337,MEM00633,1,0.0
M01337,MEM00633,1,0.0
M01337,MEM00633,1,0.0
M01338,MEM00655,1,5.0
M01338,MEM00655,1,3.74
M01338,MEM00655,1,4.8
M01338,MEM00655,1,3.96
M01338,MEM00655,1,3.55
M01338,MEM00655,1,4.26
M01338,MEM00655,1,4.59
M01338,MEM00492,1,4.75
M01338,MEM00492,1,5.0
M01338,MEM00492,1,5.0
M01338,MEM00492,1,4.35
M01338,MEM00492,1,3.8
M01338,MEM00492,1,4.47
M01338,MEM00492,1,4.04
M01338,MEM00431,1,4.76
M01338,MEM00431,1,3.42
M01338,MEM00431,1,5.0
M01338,MEM00431,1,4.71
M01338,MEM00431,1,3.19
M01338,MEM00431,1,3.77
M01338,MEM00431,1,4.69
M01338,EXT00317,0,4.91
M01338,EXT00317,0,3.44
M01338,EXT00317,0,4.63
M01338,EXT00317,0,3.03
M01338,EXT00317,0,4.15
M01338,EXT00317,0,4.87
M01338,EXT00317,0,3.87
M01339,EXT00240,0,0.0
M01339,EXT00240,0,0.0
M01339,EXT00240,0,0.0
M01339,EXT00240,0,0.0
M01339,EXT00240,0,0.0
M01339,EXT00240,0,0.0
M01339,EXT00240,0,0.0
M01340,MEM00324,1,0.0
M01340,MEM00324,1,0.0
M01340,MEM00324,1,0.0
M01340,MEM00324,1,0.0
M01340,MEM00324,1,0.0
M01340,MEM00324,1,0.0
M01340,MEM00324,1,0.0
M01341,MEM00422,1,0.0
M01341,MEM00422,1,0.0
M01341,MEM00422,1,0.0
M01341,MEM00422,1,0.0
M01341,MEM00422,1,0.0
M01341,MEM00422,1,0.0
M01341,MEM00422,1,0.0
M01341,MEM00765,1,0.0
M01341,MEM00765,1,0.0
M01341,MEM00765,1,0.0
M01341,MEM00765,1,0.0
M01341,MEM00765,1,0.0
M01341,MEM00765,1,0.0
M01341,MEM00765,1,0.0
M01342,MEM00479,1,0.0
M01342,MEM00479,1,0.0
M01342,MEM00479,1,0.0
M01342,MEM00479,1,0.0
M01342,MEM00479,1,0.0
M01342,MEM00479,1,0.0
M01342,MEM00479,1,0.0
M01342,MEM00192,1,0.0
M01342,MEM00192,1,0.0
M01342,MEM00192,1,0.0
M01342,MEM00192,1,0.0
M01342,MEM00192,1,0.0
M01342,MEM00192,1,0.0
M01342,MEM00192,1,0.0
M01342,EXT00249,0,0.0
M01342,EXT00249,0,0.0
M01342,EXT00249,0,0.0
M01342,EXT00249,0,0.0
M01342,EXT00249,0,0.0
M01342,EXT00249,0,0.0
M01342,EXT00249,0,0.0
M01343,MEM00448,1,0.0
M01343,MEM00448,1,0.0
M01343,MEM00448,1,0.0
M01343,MEM00448,1,0.0
M01343,MEM00448,1,0.0
M01343,MEM00448,1,0.0
M01343,MEM00448,1,0.0
M01344,MEM00168,1,3.3
M01344,MEM00168,1,4.29
M01344,MEM00168,1,3.84
M01344,MEM00168,1,4.58
M01344,MEM00168,1,3.67
M01344,MEM00168,1,3.74
M01344,MEM00168,1,2.99
M01344,MEM00613,1,4.3
M01344,MEM00613,1,4.1
M01344,MEM00613,1,3.49
M01344,MEM00613,1,4.32
M01344,MEM00613,1,4.82
M01344,MEM00613,1,4.07
M01344,MEM00613,1,4.36
M01344,MEM00479,1,4.36
M01344,MEM00479,1,3.48
M01344,MEM00479,1,5.0
M01344,MEM00479,1,3.92
M01344,MEM00479,1,4.59
M01344,MEM00479,1,4.66
M01344,MEM00479,1,4.12
M01344,MEM00065,1,4.56
M01344,MEM00065,1,4.35
M01344,MEM00065,1,3.35
M01344,MEM00065,1,4.0
M01344,MEM00065,1,3.83
M01344,MEM00065,1,3.92
M01344,MEM00065,1,3.42
M01345,MEM00414,1,4.88
M01345,MEM00414,1,5.0
M01345,MEM00414,1,4.79
M01345,MEM00414,1,4.96
M01345,MEM00414,1,3.99
M01345,MEM00414,1,3.82
M01345,MEM00414,1,3.73
M01345,MEM00200,1,4.59
M01345,MEM00200,1,4.34
M01345,MEM00200,1,4.15
M01345,MEM00200,1,4.98
M01345,MEM00200,1,4.44
M01345,MEM00200,1,3.7
M01345,MEM00200,1,3.79
M01346,MEM00529,1,0.0
M01346,MEM00529,1,0.0
M01346,MEM00529,1,0.0
M01346,MEM00529,1,0.0
M01346,MEM00529,1,0.0
M01346,MEM00529,1,0.0
M01346,MEM00529,1,0.0
M01347,MEM00078,1,0.0
M01347,MEM00078,1,0.0
M01347,MEM00078,1,0.0
M01347,MEM00078,1,0.0
M01347,MEM00078,1,0.0
M01347,MEM00078,1,0.0
M01347,MEM00078,1,0.0
M01348,MEM00352,1,0.0
M01348,MEM00352,1,0.0
M01348,MEM00352,1,0.0
M01348,MEM00352,1,0.0
M01348,MEM00352,1,0.0
M01348,MEM00352,1,0.0
M01348,MEM00352,1,0.0
M01350,MEM00168,1,0.0
M01350,MEM00168,1,0.0
M01350,MEM00168,1,0.0
M01350,MEM00168,1,0.0
M01350,MEM00168,1,0.0
M01350,MEM00168,1,0.0
M01350,MEM00168,1,0.0
M01350,MEM00152,1,0.0
M01350,MEM00152,1,0.0
M01350,MEM00152,1,0.0
M01350,MEM00152,1,0.0
M01350,MEM00152,1,0.0
M01350,MEM00152,1,0.0
M01350,MEM00152,1,0.0
M01350,EXT00152,0,0.0
M01350,EXT00152,0,0.0
M01350,EXT00152,0,0.0
M01350,EXT00152,0,0.0
M01350,EXT00152,0,0.0
M01350,EXT00152,0,0.0
M01350,EXT00152,0,0.0
M01350,EXT00081,0,0.0
M01350,EXT00081,0,0.0
M01350,EXT00081,0,0.0
M01350,EXT00081,0,0.0
M01350,EXT00081,0,0.0
M01350,EXT00081,0,0.0
M01350,EXT00081,0,0.0
M01351,MEM00055,1,0.0
M01351,MEM00055,1,0.0
M01351,MEM00055,1,0.0
M01351,MEM00055,1,0.0
M01351,MEM00055,1,0.0
M01351,MEM00055,1,0.0
M01351,MEM00055,1,0.0
M01352,MEM00311,1,4.61
M01352,MEM00311,1,4.83
M01352,MEM00311,1,4.53
M01352,MEM00311,1,5.0
M01352,MEM00311,1,5.0
M01352,MEM00311,1,4.46
M01352,MEM00311,1,3.7
M01352,EXT00207,0,3.41
M01352,EXT00207,0,3.97
M01352,EXT00207,0,4.65
M01352,EXT00207,0,5.0
M01352,EXT00207,0,4.45
M01352,EXT00207,0,4.9
M01352,EXT00207,0,4.05
M01353,MEM00379,1,0.0
M01353,MEM00379,1,0.0
M01353,MEM00379,1,0.0
M01353,MEM00379,1,0.0
M01353,MEM00379,1,0.0
M01353,MEM00379,1,0.0
M01353,MEM00379,1,0.0
M01354,MEM00297,1,0.0
M01354,MEM00297,1,0.0
M01354,MEM00297,1,0.0
M01354,MEM00297,1,0.0
M01354,MEM00297,1,0.0
M01354,MEM00297,1,0.0
M01354,MEM00297,1,0.0
M01354,MEM00668,1,0.0
M01354,MEM00668,1,0.0
M01354,MEM00668,1,0.0
M01354,MEM00668,1,0.0
M01354,MEM00668,1,0.0
M01354,MEM00668,1,0.0
M01354,MEM00668,1,0.0
M01354,EXT00061,0,0.0
M01354,EXT00061,0,0.0
M01354,EXT00061,0,0.0
M01354,EXT00061,0,0.0
M01354,EXT00061,0,0.0
M01354,EXT00061,0,0.0
M01354,EXT00061,0,0.0
M01355,MEM00396,1,4.57
M01355,MEM00396,1,4.69
M01355,MEM00396,1,3.01
M01355,MEM00396,1,3.95
M01355,MEM00396,1,4.77
M01355,MEM00396,1,4.36
M01355,MEM00396,1,3.48
M01355,MEM00066,1,2.74
M01355,MEM00066,1,3.98
M01355,MEM00066,1,4.16
M01355,MEM00066,1,3.67
M01355,MEM00066,1,4.29
M01355,MEM00066,1,4.5
M01355,MEM00066,1,4.6
M01355,MEM00072,1,2.79
M01355,MEM00072,1,3.41
M01355,MEM00072,1,4.02
M01355,MEM00072,1,4.54
M01355,MEM00072,1,4.49
M01355,MEM00072,1,4.48
M01355,MEM00072,1,3.97
M01355,EXT00226,0,4.0
M01355,EXT00226,0,3.76
M01355,EXT00226,0,4.66
M01355,EXT00226,0,3.65
M01355,EXT00226,0,4.71
M01355,EXT00226,0,4.32
M01355,EXT00226,0,4.17
M01356,MEM00441,1,0.0
M01356,MEM00441,1,0.0
M01356,MEM00441,1,0.0
M01356,MEM00441,1,0.0
M01356,MEM00441,1,0.0
M01356,MEM00441,1,0.0
M01356,MEM00441,1,0.0
M01357,MEM00702,1,3.81
M01357,MEM00702,1,3.39
M01357,MEM00702,1,3.81
M01357,MEM00702,1,4.0
M01357,MEM00702,1,2.78
M01357,MEM00702,1,4.08
M01357,MEM00702,1,4.75
M01357,MEM00435,1,4.54
M01357,MEM00435,1,3.9
M01357,MEM00435,1,4.23
M01357,MEM00435,1,3.87
M01357,MEM00435,1,4.29
M01357,MEM00435,1,5.0
M01357,MEM00435,1,4.78
M01358,MEM00098,1,4.51
M01358,MEM00098,1,3.9
M01358,MEM00098,1,4.65
M01358,MEM00098,1,3.19
M01358,MEM00098,1,4.05
M01358,MEM00098,1,4.55
M01358,MEM00098,1,4.64
M01358,MEM00048,1,4.6
M01358,MEM00048,1,4.38
M01358,MEM00048,1,4.08
M01358,MEM00048,1,4.52
M01358,MEM00048,1,3.63
M01358,MEM00048,1,3.69
M01358,MEM00048,1,4.24
M01358,MEM00767,1,4.3
M01358,MEM00767,1,3.1
M01358,MEM00767,1,4.47
M01358,MEM00767,1,4.66
M01358,MEM00767,1,4.15
M01358,MEM00767,1,5.0
M01358,MEM00767,1,3.79
M01358,MEM00054,1,3.98
M01358,MEM00054,1,3.96
M01358,MEM00054,1,4.15
M01358,MEM00054,1,4.0
M01358,MEM00054,1,3.36
M01358,MEM00054,1,3.87
M01358,MEM00054,1,4.14
M01359,MEM00168,1,0.0
M01359,MEM00168,1,0.0
M01359,MEM00168,1,0.0
M01359,MEM00168,1,0.0
M01359,MEM00168,1,0.0
M01359,MEM00168,1,0.0
M01359,MEM00168,1,0.0
M01360,EXT00215,0,0.0
M01360,EXT00215,0,0.0
M01360,EXT00215,0,0.0
M01360,EXT00215,0,0.0
M01360,EXT00215,0,0.0
M01360,EXT00215,0,0.0
M01360,EXT00215,0,0.0
M01360,EXT00258,0,0.0
M01360,EXT00258,0,0.0
M01360,EXT00258,0,0.0
M01360,EXT00258,0,0.0
M01360,EXT00258,0,0.0
M01360,EXT00258,0,0.0
M01360,EXT00258,0,0.0
M01361,MEM00049,1,0.0
M01361,MEM00049,1,0.0
M01361,MEM00049,1,0.0
M01361,MEM00049,1,0.0
M01361,MEM00049,1,0.0
M01361,MEM00049,1,0.0
M01361,MEM00049,1,0.0
M01363,MEM00668,1,4.94
M01363,MEM00668,1,5.0
M01363,MEM00668,1,5.0
M01363,MEM00668,1,3.73
M01363,MEM00668,1,3.78
M01363,MEM00668,1,4.1
M01363,MEM00668,1,5.0
M01363,MEM00226,1,4.1
M01363,MEM00226,1,3.4
M01363,MEM00226,1,3.9
M01363,MEM00226,1,4.65
M01363,MEM00226,1,4.61
M01363,MEM00226,1,4.08
M01363,MEM00226,1,4.61
M01363,MEM00762,1,2.84
M01363,MEM00762,1,4.26
M01363,MEM00762,1,4.72
M01363,MEM00762,1,3.7
M01363,MEM00762,1,3.7
M01363,MEM00762,1,3.08
M01363,MEM00762,1,5.0
M01363,EXT00030,0,3.77
M01363,EXT00030,0,4.34
M01363,EXT00030,0,4.56
M01363,EXT00030,0,5.0
M01363,EXT00030,0,4.11
M01363,EXT00030,0,3.88
M01363,EXT00030,0,4.3
M01364,MEM00120,1,0.0
M01364,MEM00120,1,0.0
M01364,MEM00120,1,0.0
M01364,MEM00120,1,0.0
M01364,MEM00120,1,0.0
M01364,MEM00120,1,0.0
M01364,MEM00120,1,0.0
M01364,MEM00157,1,0.0
M01364,MEM00157,1,0.0
M01364,MEM00157,1,0.0
M01364,MEM00157,1,0.0
M01364,MEM00157,1,0.0
M01364,MEM00157,1,0.0
M01364,MEM00157,1,0.0
M01365,EXT00050,0,0.0
M01365,EXT00050,0,0.0
M01365,EXT00050,0,0.0
M01365,EXT00050,0,0.0
M01365,EXT00050,0,0.0
M01365,EXT00050,0,0.0
M01365,EXT00050,0,0.0
M01366,MEM00410,1,0.0
M01366,MEM00410,1,0.0
M01366,MEM00410,1,0.0
M01366,MEM00410,1,0.0
M01366,MEM00410,1,0.0
M01366,MEM00410,1,0.0
M01366,MEM00410,1,0.0
M01367,MEM00210,1,0.0
M01367,MEM00210,1,0.0
M01367,MEM00210,1,0.0
M01367,MEM00210,1,0.0
M01367,MEM00210,1,0.0
M01367,MEM00210,1,0.0
M01367,MEM00210,1,0.0
M01367,MEM00277,1,0.0
M01367,MEM00277,1,0.0
M01367,MEM00277,1,0.0
M01367,MEM00277,1,0.0
M01367,MEM00277,1,0.0
M01367,MEM00277,1,0.0
M01367,MEM00277,1,0.0
M01368,MEM00788,1,4.97
M01368,MEM00788,1,4.1
M01368,MEM00788,1,3.63
M01368,MEM00788,1,3.28
M01368,MEM00788,1,3.47
M01368,MEM00788,1,4.72
M01368,MEM00788,1,4.01
M01368,MEM00550,1,3.84
M01368,MEM00550,1,3.77
M01368,MEM00550,1,4.25
M01368,MEM00550,1,4.06
M01368,MEM00550,1,4.04
M01368,MEM00550,1,5.0
M01368,MEM00550,1,5.0
M01369,MEM00297,1,0.0
M01369,MEM00297,1,0.0
M01369,MEM00297,1,0.0
M01369,MEM00297,1,0.0
M01369,MEM00297,1,0.0
M01369,MEM00297,1,0.0
M01369,MEM00297,1,0.0
M01369,MEM00763,1,0.0
M01369,MEM00763,1,0.0
M01369,MEM00763,1,0.0
M01369,MEM00763,1,0.0
M01369,MEM00763,1,0.0
M01369,MEM00763,1,0.0
M01369,MEM00763,1,0.0
M01369,MEM00129,1,0.0
M01369,MEM00129,1,0.0
M01369,MEM00129,1,0.0
M01369,MEM00129,1,0.0
M01369,MEM00129,1,0.0
M01369,MEM00129,1,0.0
M01369,MEM00129,1,0.0
M01370,EXT00223,0,3.23
M01370,EXT00223,0,4.4
M01370,EXT00223,0,3.73
M01370,EXT00223,0,4.05
M01370,EXT00223,0,4.39
M01370,EXT00223,0,4.07
M01370,EXT00223,0,4.34
M01370,EXT00271,0,4.6
M01370,EXT00271,0,4.38
M01370,EXT00271,0,3.81
M01370,EXT00271,0,3.82
M01370,EXT00271,0,3.34
M01370,EXT00271,0,3.69
M01370,EXT00271,0,5.0
M01370,EXT00030,0,3.72
M01370,EXT00030,0,3.48
M01370,EXT00030,0,4.39
M01370,EXT00030,0,4.13
M01370,EXT00030,0,4.08
M01370,EXT00030,0,5.0
M01370,EXT00030,0,4.53
M01370,EXT00002,0,3.88
M01370,EXT00002,0,3.95
M01370,EXT00002,0,3.9
M01370,EXT00002,0,4.72
M01370,EXT00002,0,4.02
M01370,EXT00002,0,3.12
M01370,EXT00002,0,4.17
M01372,MEM00501,1,3.28
M01372,MEM00501,1,5.0
M01372,MEM00501,1,3.62
M01372,MEM00501,1,4.1
M01372,MEM00501,1,4.35
M01372,MEM00501,1,4.03
M01372,MEM00501,1,4.03
M01372,EXT00161,0,4.45
M01372,EXT00161,0,5.0
M01372,EXT00161,0,4.66
M01372,EXT00161,0,5.0
M01372,EXT00161,0,3.57
M01372,EXT00161,0,4.39
M01372,EXT00161,0,4.29
M01373,EXT00200,0,0.0
M01373,EXT00200,0,0.0
M01373,EXT00200,0,0.0
M01373,EXT00200,0,0.0
M01373,EXT00200,0,0.0
M01373,EXT00200,0,0.0
M01373,EXT00200,0,0.0
M01374,MEM00324,1,0.0
M01374,MEM00324,1,0.0
M01374,MEM00324,1,0.0
M01374,MEM00324,1,0.0
M01374,MEM00324,1,0.0
M01374,MEM00324,1,0.0
M01374,MEM00324,1,0.0
M01375,MEM00254,1,0.0
M01375,MEM00254,1,0.0
M01375,MEM00254,1,0.0
M01375,MEM00254,1,0.0
M01375,MEM00254,1,0.0
M01375,MEM00254,1,0.0
M01375,MEM00254,1,0.0
M01375,MEM00023,1,0.0
M01375,MEM00023,1,0.0
M01375,MEM00023,1,0.0
M01375,MEM00023,1,0.0
M01375,MEM00023,1,0.0
M01375,MEM00023,1,0.0
M01375,MEM00023,1,0.0
M01375,EXT00070,0,0.0
M01375,EXT00070,0,0.0
M01375,EXT00070,0,0.0
M01375,EXT00070,0,0.0
M01375,EXT00070,0,0.0
M01375,EXT00070,0,0.0
M01375,EXT00070,0,0.0
M01375,EXT00042,0,0.0
M01375,EXT00042,0,0.0
M01375,EXT00042,0,0.0
M01375,EXT00042,0,0.0
M01375,EXT00042,0,0.0
M01375,EXT00042,0,0.0
M01375,EXT00042,0,0.0
M01376,MEM00765,1,0.0
M01376,MEM00765,1,0.0
M01376,MEM00765,1,0.0
M01376,MEM00765,1,0.0
M01376,MEM00765,1,0.0
M01376,MEM00765,1,0.0
M01376,MEM00765,1,0.0
M01377,MEM00307,1,4.41
M01377,MEM00307,1,5.0
M01377,MEM00307,1,4.07
M01377,MEM00307,1,3.96
M01377,MEM00307,1,4.52
M01377,MEM00307,1,3.13
M01377,MEM00307,1,4.06
M01377,MEM00476,1,4.12
M01377,MEM00476,1,3.65
M01377,MEM00476,1,4.83
M01377,MEM00476,1,3.56
M01377,MEM00476,1,4.12
M01377,MEM00476,1,4.38
M01377,MEM00476,1,5.0
M01377,MEM00243,1,4.19
M01377,MEM00243,1,4.76
M01377,MEM00243,1,4.62
M01377,MEM00243,1,4.27
M01377,MEM00243,1,3.55
M01377,MEM00243,1,3.34
M01377,MEM00243,1,4.26
M01377,MEM00584,1,3.87
M01377,MEM00584,1,4.75
M01377,MEM00584,1,4.65
M01377,MEM00584,1,4.09
M01377,MEM00584,1,3.51
M01377,MEM00584,1,4.51
M01377,MEM00584,1,3.59
M01378,MEM00097,1,0.0
M01378,MEM00097,1,0.0
M01378,MEM00097,1,0.0
M01378,MEM00097,1,0.0
M01378,MEM00097,1,0.0
M01378,MEM00097,1,0.0
M01378,MEM00097,1,0.0
M01378,MEM00209,1,0.0
M01378,MEM00209,1,0.0
M01378,MEM00209,1,0.0
M01378,MEM00209,1,0.0
M01378,MEM00209,1,0.0
M01378,MEM00209,1,0.0
M01378,MEM00209,1,0.0
M01378,EXT00071,0,0.0
M01378,EXT00071,0,0.0
M01378,EXT00071,0,0.0
M01378,EXT00071,0,0.0
M01378,EXT00071,0,0.0
M01378,EXT00071,0,0.0
M01378,EXT00071,0,0.0
M01379,MEM00632,1,0.0
M01379,MEM00632,1,0.0
M01379,MEM00632,1,0.0
M01379,MEM00632,1,0.0
M01379,MEM00632,1,0.0
M01379,MEM00632,1,0.0
M01379,MEM00632,1,0.0
M01379,MEM00544,1,0.0
M01379,MEM00544,1,0.0
M01379,MEM00544,1,0.0
M01379,MEM00544,1,0.0
M01379,MEM00544,1,0.0
M01379,MEM00544,1,0.0
M01379,MEM00544,1,0.0
M01380,MEM00375,1,3.74
M01380,MEM00375,1,3.61
M01380,MEM00375,1,4.12
M01380,MEM00375,1,4.9
M01380,MEM00375,1,4.2
M01380,MEM00375,1,3.93
M01380,MEM00375,1,3.28
M01380,MEM00425,1,4.53
M01380,MEM00425,1,3.73
M01380,MEM00425,1,4.27
M01380,MEM00425,1,3.99
M01380,MEM00425,1,4.7
M01380,MEM00425,1,4.11
M01380,MEM00425,1,4.16
M01381,MEM00742,1,0.0
M01381,MEM00742,1,0.0
M01381,MEM00742,1,0.0
M01381,MEM00742,1,0.0
M01381,MEM00742,1,0.0
M01381,MEM00742,1,0.0
M01381,MEM00742,1,0.0
M01382,MEM00271,1,4.49
M01382,MEM00271,1,5.0
M01382,MEM00271,1,4.73
M01382,MEM00271,1,4.15
M01382,MEM00271,1,4.2
M01382,MEM00271,1,3.89
M01382,MEM00271,1,3.63
M01382,MEM00073,1,3.87
M01382,MEM00073,1,3.74
M01382,MEM00073,1,4.59
M01382,MEM00073,1,3.56
M01382,MEM00073,1,5.0
M01382,MEM00073,1,4.65
M01382,MEM00073,1,4.21
M01382,MEM00623,1,4.2
M01382,MEM00623,1,3.87
M01382,MEM00623,1,4.36
M01382,MEM00623,1,4.85
M01382,MEM00623,1,3.78
M01382,MEM00623,1,3.28
M01382,MEM00623,1,4.62
M01382,MEM00214,1,4.39
M01382,MEM00214,1,3.53
M01382,MEM00214,1,3.76
M01382,MEM00214,1,3.68
M01382,MEM00214,1,3.77
M01382,MEM00214,1,4.01
M01382,MEM00214,1,4.04
M01383,MEM00792,1,3.81
M01383,MEM00792,1,3.75
M01383,MEM00792,1,4.06
M01383,MEM00792,1,4.3
M01383,MEM00792,1,4.01
M01383,MEM00792,1,4.9
M01383,MEM00792,1,4.5
M01383,MEM00210,1,3.25
M01383,MEM00210,1,4.51
M01383,MEM00210,1,4.56
M01383,MEM00210,1,3.94
M01383,MEM00210,1,3.3
M01383,MEM00210,1,4.2
M01383,MEM00210,1,4.2
M01384,MEM00655,1,3.53
M01384,MEM00655,1,3.33
M01384,MEM00655,1,4.15
M01384,MEM00655,1,4.06
M01384,MEM00655,1,3.95
M01384,MEM00655,1,4.15
M01384,MEM00655,1,3.54
M01384,MEM00697,1,3.94
M01384,MEM00697,1,4.52
M01384,MEM00697,1,3.99
M01384,MEM00697,1,3.2
M01384,MEM00697,1,3.92
M01384,MEM00697,1,3.56
M01384,MEM00697,1,4.36
M01385,MEM00196,1,0.0
M01385,MEM00196,1,0.0
M01385,MEM00196,1,0.0
M01385,MEM00196,1,0.0
M01385,MEM00196,1,0.0
M01385,MEM00196,1,0.0
M01385,MEM00196,1,0.0
M01385,MEM00319,1,0.0
M01385,MEM00319,1,0.0
M01385,MEM00319,1,0.0
M01385,MEM00319,1,0.0
M01385,MEM00319,1,0.0
M01385,MEM00319,1,0.0
M01385,MEM00319,1,0.0
M01385,MEM00312,1,0.0
M01385,MEM00312,1,0.0
M01385,MEM00312,1,0.0
M01385,MEM00312,1,0.0
M01385,MEM00312,1,0.0
M01385,MEM00312,1,0.0
M01385,MEM00312,1,0.0
M01386,MEM00780,1,0.0
M01386,MEM00780,1,0.0
M01386,MEM00780,1,0.0
M01386,MEM00780,1,0.0
M01386,MEM00780,1,0.0
M01386,MEM00780,1,0.0
M01386,MEM00780,1,0.0
M01387,EXT00074,0,0.0
M01387,EXT00074,0,0.0
M01387,EXT00074,0,0.0
M01387,EXT00074,0,0.0
M01387,EXT00074,0,0.0
M01387,EXT00074,0,0.0
M01387,EXT00074,0,0.0
M01388,MEM00632,1,0.0
M01388,MEM00632,1,0.0
M01388,MEM00632,1,0.0
M01388,MEM00632,1,0.0
M01388,MEM00632,1,0.0
M01388,MEM00632,1,0.0
M01388,MEM00632,1,0.0
M01389,MEM00459,1,4.39
M01389,MEM00459,1,3.2
M01389,MEM00459,1,4.66
M01389,MEM00459,1,3.53
M01389,MEM00459,1,5.0
M01389,MEM00459,1,4.17
M01389,MEM00459,1,3.45
M01389,MEM00585,1,3.51
M01389,MEM00585,1,4.41
M01389,MEM00585,1,3.97
M01389,MEM00585,1,4.14
M01389,MEM00585,1,5.0
M01389,MEM00585,1,3.78
M01389,MEM00585,1,4.24
M01389,MEM00254,1,5.0
M01389,MEM00254,1,4.36
M01389,MEM00254,1,3.24
M01389,MEM00254,1,4.5
M01389,MEM00254,1,3.5
M01389,MEM00254,1,5.0
M01389,MEM00254,1,3.71
M01389,MEM00326,1,5.0
M01389,MEM00326,1,5.0
M01389,MEM00326,1,3.72
M01389,MEM00326,1,4.21
M01389,MEM00326,1,4.65
M01389,MEM00326,1,4.67
M01389,MEM00326,1,4.47
M01390,MEM00641,1,4.95
M01390,MEM00641,1,4.13
M01390,MEM00641,1,3.98
M01390,MEM00641,1,3.99
M01390,MEM00641,1,4.72
M01390,MEM00641,1,4.42
M01390,MEM00641,1,4.37
M01390,MEM00657,1,4.68
M01390,MEM00657,1,2.97
M01390,MEM00657,1,4.39
M01390,MEM00657,1,4.33
M01390,MEM00657,1,5.0
M01390,MEM00657,1,3.28
M01390,MEM00657,1,5.0
M01391,MEM00690,1,4.25
M01391,MEM00690,1,4.49
M01391,MEM00690,1,5.0
M01391,MEM00690,1,4.54
M01391,MEM00690,1,4.44
M01391,MEM00690,1,4.35
M01391,MEM00690,1,3.91
M01391,MEM00559,1,4.18
M01391,MEM00559,1,3.77
M01391,MEM00559,1,4.17
M01391,MEM00559,1,2.8
M01391,MEM00559,1,4.46
M01391,MEM00559,1,4.13
M01391,MEM00559,1,4.0
M01391,MEM00126,1,4.33
M01391,MEM00126,1,3.34
M01391,MEM00126,1,5.0
M01391,MEM00126,1,4.14
M01391,MEM00126,1,4.11
M01391,MEM00126,1,3.62
M01391,MEM00126,1,4.21
M01391,MEM00065,1,5.0
M01391,MEM00065,1,4.82
M01391,MEM00065,1,4.71
M01391,MEM00065,1,4.53
M01391,MEM00065,1,3.98
M01391,MEM00065,1,3.33
M01391,MEM00065,1,4.08
M01392,MEM00324,1,4.06
M01392,MEM00324,1,4.83
M01392,MEM00324,1,4.39
M01392,MEM00324,1,5.0
M01392,MEM00324,1,4.92
M01392,MEM00324,1,3.93
M01392,MEM00324,1,3.12
M01392,MEM00426,1,5.0
M01392,MEM00426,1,5.0
M01392,MEM00426,1,3.38
M01392,MEM00426,1,5.0
M01392,MEM00426,1,4.43
M01392,MEM00426,1,4.3
M01392,MEM00426,1,5.0
M01392,MEM00314,1,5.0
M01392,MEM00314,1,4.59
M01392,MEM00314,1,4.48
M01392,MEM00314,1,4.57
M01392,MEM00314,1,3.96
M01392,MEM00314,1,4.17
M01392,MEM00314,1,3.66
M01392,EXT00211,0,4.0
M01392,EXT00211,0,3.98
M01392,EXT00211,0,3.82
M01392,EXT00211,0,4.28
M01392,EXT00211,0,4.01
M01392,EXT00211,0,4.5
M01392,EXT00211,0,3.23
M01393,MEM00797,1,4.13
M01393,MEM00797,1,4.28
M01393,MEM00797,1,4.01
M01393,MEM00797,1,4.1
M01393,MEM00797,1,3.25
M01393,MEM00797,1,4.41
M01393,MEM00797,1,4.59
M01393,MEM00126,1,4.5
M01393,MEM00126,1,4.82
M01393,MEM00126,1,4.32
M01393,MEM00126,1,4.49
M01393,MEM00126,1,4.29
M01393,MEM00126,1,4.61
M01393,MEM00126,1,3.25
M01394,MEM00541,1,3.66
M01394,MEM00541,1,5.0
M01394,MEM00541,1,2.72
M01394,MEM00541,1,4.12
M01394,MEM00541,1,4.9
M01394,MEM00541,1,4.14
M01394,MEM00541,1,3.96
M01394,MEM00309,1,4.28
M01394,MEM00309,1,3.99
M01394,MEM00309,1,4.22
M01394,MEM00309,1,3.79
M01394,MEM00309,1,4.87
M01394,MEM00309,1,5.0
M01394,MEM00309,1,4.12
M01395,MEM00125,1,0.0
M01395,MEM00125,1,0.0
M01395,MEM00125,1,0.0
M01395,MEM00125,1,0.0
M01395,MEM00125,1,0.0
M01395,MEM00125,1,0.0
M01395,MEM00125,1,0.0
M01396,MEM00146,1,0.0
M01396,MEM00146,1,0.0
M01396,MEM00146,1,0.0
M01396,MEM00146,1,0.0
M01396,MEM00146,1,0.0
M01396,MEM00146,1,0.0
M01396,MEM00146,1,0.0
M01397,MEM00730,1,3.37
M01397,MEM00730,1,3.89
M01397,MEM00730,1,4.09
M01397,MEM00730,1,4.5
M01397,MEM00730,1,3.6
M01397,MEM00730,1,3.74
M01397,MEM00730,1,4.51
M01397,MEM00702,1,4.76
M01397,MEM00702,1,3.83
M01397,MEM00702,1,3.4
M01397,MEM00702,1,5.0
M01397,MEM00702,1,4.67
M01397,MEM00702,1,4.04
M01397,MEM00702,1,4.72
M01397,MEM00763,1,4.13
M01397,MEM00763,1,4.72
M01397,MEM00763,1,4.3
M01397,MEM00763,1,4.25
M01397,MEM00763,1,4.13
M01397,MEM00763,1,3.33
M01397,MEM00763,1,5.0
M01397,EXT00398,0,3.64
M01397,EXT00398,0,3.38
M01397,EXT00398,0,4.07
M01397,EXT00398,0,3.62
M01397,EXT00398,0,4.17
M01397,EXT00398,0,4.61
M01397,EXT00398,0,4.8
M01398,MEM00180,1,0.0
M01398,MEM00180,1,0.0
M01398,MEM00180,1,0.0
M01398,MEM00180,1,0.0
M01398,MEM00180,1,0.0
M01398,MEM00180,1,0.0
M01398,MEM00180,1,0.0
M01399,EXT00135,0,0.0
M01399,EXT00135,0,0.0
M01399,EXT00135,0,0.0
M01399,EXT00135,0,0.0
M01399,EXT00135,0,0.0
M01399,EXT00135,0,0.0
M01399,EXT00135,0,0.0
M01400,EXT00270,0,0.0
M01400,EXT00270,0,0.0
M01400,EXT00270,0,0.0
M01400,EXT00270,0,0.0
M01400,EXT00270,0,0.0
M01400,EXT00270,0,0.0
M01400,EXT00270,0,0.0
M01401,MEM00379,1,0.0
M01401,MEM00379,1,0.0
M01401,MEM00379,1,0.0
M01401,MEM00379,1,0.0
M01401,MEM00379,1,0.0
M01401,MEM00379,1,0.0
M01401,MEM00379,1,0.0
M01401,MEM00277,1,0.0
M01401,MEM00277,1,0.0
M01401,MEM00277,1,0.0
M01401,MEM00277,1,0.0
M01401,MEM00277,1,0.0
M01401,MEM00277,1,0.0
M01401,MEM00277,1,0.0
M01401,MEM00324,1,0.0
M01401,MEM00324,1,0.0
M01401,MEM00324,1,0.0
M01401,MEM00324,1,0.0
M01401,MEM00324,1,0.0
M01401,MEM00324,1,0.0
M01401,MEM00324,1,0.0
M01402,MEM00474,1,4.69
M01402,MEM00474,1,4.02
M01402,MEM00474,1,4.23
M01402,MEM00474,1,4.44
M01402,MEM00474,1,3.15
M01402,MEM00474,1,4.54
M01402,MEM00474,1,3.33
M01402,EXT00227,0,5.0
M01402,EXT00227,0,3.96
M01402,EXT00227,0,4.09
M01402,EXT00227,0,3.74
M01402,EXT00227,0,3.82
M01402,EXT00227,0,5.0
M01402,EXT00227,0,4.76
M01403,MEM00375,1,3.27
M01403,MEM00375,1,5.0
M01403,MEM00375,1,4.92
M01403,MEM00375,1,4.03
M01403,MEM00375,1,4.38
M01403,MEM00375,1,4.19
M01403,MEM00375,1,5.0
M01403,MEM00150,1,3.72
M01403,MEM00150,1,4.29
M01403,MEM00150,1,3.94
M01403,MEM00150,1,3.34
M01403,MEM00150,1,5.0
M01403,MEM00150,1,3.49
M01403,MEM00150,1,4.33
M01404,EXT00225,0,0.0
M01404,EXT00225,0,0.0
M01404,EXT00225,0,0.0
M01404,EXT00225,0,0.0
M01404,EXT00225,0,0.0
M01404,EXT00225,0,0.0
M01404,EXT00225,0,0.0
M01404,EXT00222,0,0.0
M01404,EXT00222,0,0.0
M01404,EXT00222,0,0.0
M01404,EXT00222,0,0.0
M01404,EXT00222,0,0.0
M01404,EXT00222,0,0.0
M01404,EXT00222,0,0.0
M01405,MEM00180,1,0.0
M01405,MEM00180,1,0.0
M01405,MEM00180,1,0.0
M01405,MEM00180,1,0.0
M01405,MEM00180,1,0.0
M01405,MEM00180,1,0.0
M01405,MEM00180,1,0.0
M01406,MEM00598,1,3.16
M01406,MEM00598,1,3.96
M01406,MEM00598,1,4.45
M01406,MEM00598,1,3.71
M01406,MEM00598,1,4.55
M01406,MEM00598,1,4.04
M01406,MEM00598,1,4.9
M01406,MEM00026,1,5.0
M01406,MEM00026,1,3.85
M01406,MEM00026,1,4.25
M01406,MEM00026,1,4.31
M01406,MEM00026,1,4.57
M01406,MEM00026,1,4.21
M01406,MEM00026,1,4.31
M01407,MEM00273,1,0.0
M01407,MEM00273,1,0.0
M01407,MEM00273,1,0.0
M01407,MEM00273,1,0.0
M01407,MEM00273,1,0.0
M01407,MEM00273,1,0.0
M01407,MEM00273,1,0.0
M01408,MEM00210,1,4.05
M01408,MEM00210,1,4.27
M01408,MEM00210,1,4.98
M01408,MEM00210,1,4.59
M01408,MEM00210,1,4.62
M01408,MEM00210,1,4.63
M01408,MEM00210,1,4.11
M01408,MEM00437,1,4.39
M01408,MEM00437,1,3.55
M01408,MEM00437,1,4.96
M01408,MEM00437,1,2.53
M01408,MEM00437,1,4.15
M01408,MEM00437,1,4.88
M01408,MEM00437,1,3.38
M01408,MEM00623,1,4.44
M01408,MEM00623,1,3.79
M01408,MEM00623,1,3.98
M01408,MEM00623,1,4.77
M01408,MEM00623,1,4.32
M01408,MEM00623,1,2.98
M01408,MEM00623,1,3.61
M01408,EXT00284,0,4.79
M01408,EXT00284,0,4.47
M01408,EXT00284,0,5.0
M01408,EXT00284,0,5.0
M01408,EXT00284,0,3.99
M01408,EXT00284,0,5.0
M01408,EXT00284,0,4.21
M01409,MEM00442,1,3.62
M01409,MEM00442,1,3.82
M01409,MEM00442,1,2.85
M01409,MEM00442,1,5.0
M01409,MEM00442,1,5.0
M01409,MEM00442,1,3.59
M01409,MEM00442,1,4.06
M01409,EXT00319,0,4.26
M01409,EXT00319,0,3.62
M01409,EXT00319,0,3.15
M01409,EXT00319,0,4.07
M01409,EXT00319,0,4.01
M01409,EXT00319,0,3.97
M01409,EXT00319,0,4.33
M01411,MEM00589,1,0.0
M01411,MEM00589,1,0.0
M01411,MEM00589,1,0.0
M01411,MEM00589,1,0.0
M01411,MEM00589,1,0.0
M01411,MEM00589,1,0.0
M01411,MEM00589,1,0.0
M01412,MEM00479,1,0.0
M01412,MEM00479,1,0.0
M01412,MEM00479,1,0.0
M01412,MEM00479,1,0.0
M01412,MEM00479,1,0.0
M01412,MEM00479,1,0.0
M01412,MEM00479,1,0.0
M01413,MEM00125,1,0.0
M01413,MEM00125,1,0.0
M01413,MEM00125,1,0.0
M01413,MEM00125,1,0.0
M01413,MEM00125,1,0.0
M01413,MEM00125,1,0.0
M01413,MEM00125,1,0.0
M01413,MEM00386,1,0.0
M01413,MEM00386,1,0.0
M01413,MEM00386,1,0.0
M01413,MEM00386,1,0.0
M01413,MEM00386,1,0.0
M01413,MEM00386,1,0.0
M01413,MEM00386,1,0.0
M01414,MEM00210,1,0.0
M01414,MEM00210,1,0.0
M01414,MEM00210,1,0.0
M01414,MEM00210,1,0.0
M01414,MEM00210,1,0.0
M01414,MEM00210,1,0.0
M01414,MEM00210,1,0.0
M01415,MEM00324,1,5.0
M01415,MEM00324,1,4.02
M01415,MEM00324,1,4.3
M01415,MEM00324,1,4.64
M01415,MEM00324,1,4.53
M01415,MEM00324,1,3.83
M01415,MEM00324,1,4.26
M01415,MEM00475,1,4.53
M01415,MEM00475,1,3.52
M01415,MEM00475,1,4.96
M01415,MEM00475,1,5.0
M01415,MEM00475,1,3.77
M01415,MEM00475,1,4.32
M01415,MEM00475,1,4.59
M01416,MEM00404,1,3.87
M01416,MEM00404,1,4.49
M01416,MEM00404,1,4.3
M01416,MEM00404,1,3.32
M01416,MEM00404,1,4.48
M01416,MEM00404,1,3.54
M01416,MEM00404,1,4.76
M01416,MEM00221,1,3.8
M01416,MEM00221,1,4.1
M01416,MEM00221,1,5.0
M01416,MEM00221,1,4.5
M01416,MEM00221,1,3.55
M01416,MEM00221,1,3.59
M01416,MEM00221,1,3.84
M01416,MEM00004,1,4.44
M01416,MEM00004,1,4.41
M01416,MEM00004,1,3.69
M01416,MEM00004,1,3.5
M01416,MEM00004,1,4.37
M01416,MEM00004,1,4.09
M01416,MEM00004,1,5.0
M01416,EXT00201,0,4.22
M01416,EXT00201,0,5.0
M01416,EXT00201,0,3.5
M01416,EXT00201,0,3.26
M01416,EXT00201,0,3.53
M01416,EXT00201,0,4.91
M01416,EXT00201,0,5.0
M01418,MEM00221,1,0.0
M01418,MEM00221,1,0.0
M01418,MEM00221,1,0.0
M01418,MEM00221,1,0.0
M01418,MEM00221,1,0.0
M01418,MEM00221,1,0.0
M01418,MEM00221,1,0.0
M01419,MEM00462,1,0.0
M01419,MEM00462,1,0.0
M01419,MEM00462,1,0.0
M01419,MEM00462,1,0.0
M01419,MEM00462,1,0.0
M01419,MEM00462,1,0.0
M01419,MEM00462,1,0.0
M01419,MEM00589,1,0.0
M01419,MEM00589,1,0.0
M01419,MEM00589,1,0.0
M01419,MEM00589,1,0.0
M01419,MEM00589,1,0.0
M01419,MEM00589,1,0.0
M01419,MEM00589,1,0.0
M01419,MEM00023,1,0.0
M01419,MEM00023,1,0.0
M01419,MEM00023,1,0.0
M01419,MEM00023,1,0.0
M01419,MEM00023,1,0.0
M01419,MEM00023,1,0.0
M01419,MEM00023,1,0.0
M01420,MEM00757,1,3.73
M01420,MEM00757,1,3.92
M01420,MEM00757,1,3.5
M01420,MEM00757,1,3.11
M01420,MEM00757,1,4.63
M01420,MEM00757,1,4.33
M01420,MEM00757,1,4.21
M01420,MEM00160,1,3.36
M01420,MEM00160,1,5.0
M01420,MEM00160,1,3.9
M01420,MEM00160,1,4.52
M01420,MEM00160,1,3.33
M01420,MEM00160,1,4.09
M01420,MEM00160,1,4.37
M01420,MEM00375,1,4.4
M01420,MEM00375,1,4.29
M01420,MEM00375,1,4.5
M01420,MEM00375,1,3.52
M01420,MEM00375,1,4.32
M01420,MEM00375,1,4.27
M01420,MEM00375,1,4.34
M01420,MEM00090,1,4.24
M01420,MEM00090,1,3.44
M01420,MEM00090,1,3.41
M01420,MEM00090,1,2.87
M01420,MEM00090,1,4.69
M01420,MEM00090,1,4.7
M01420,MEM00090,1,4.71
M01421,MEM00489,1,4.38
M01421,MEM00489,1,2.92
M01421,MEM00489,1,3.58
M01421,MEM00489,1,4.3
M01421,MEM00489,1,4.28
M01421,MEM00489,1,4.07
M01421,MEM00489,1,4.42
M01421,MEM00427,1,4.21
M01421,MEM00427,1,4.27
M01421,MEM00427,1,3.82
M01421,MEM00427,1,4.79
M01421,MEM00427,1,3.94
M01421,MEM00427,1,3.4
M01421,MEM00427,1,3.74
M01422,MEM00414,1,3.99
M01422,MEM00414,1,4.8
M01422,MEM00414,1,4.17
M01422,MEM00414,1,4.09
M01422,MEM00414,1,3.45
M01422,MEM00414,1,4.67
M01422,MEM00414,1,3.81
M01422,MEM00317,1,4.14
M01422,MEM00317,1,5.0
M01422,MEM00317,1,4.51
M01422,MEM00317,1,3.22
M01422,MEM00317,1,3.14
M01422,MEM00317,1,4.16
M01422,MEM00317,1,3.47
M01422,MEM00716,1,4.59
M01422,MEM00716,1,4.23
M01422,MEM00716,1,4.3
M01422,MEM00716,1,3.78
M01422,MEM00716,1,5.0
M01422,MEM00716,1,5.0
M01422,MEM00716,1,4.03
M01422,EXT00080,0,4.41
M01422,EXT00080,0,4.26
M01422,EXT00080,0,4.04
M01422,EXT00080,0,3.7
M01422,EXT00080,0,3.55
M01422,EXT00080,0,3.52
M01422,EXT00080,0,4.44
M01423,MEM00456,1,0.0
M01423,MEM00456,1,0.0
M01423,MEM00456,1,0.0
M01423,MEM00456,1,0.0
M01423,MEM00456,1,0.0
M01423,MEM00456,1,0.0
M01423,MEM00456,1,0.0
M01423,MEM00021,1,0.0
M01423,MEM00021,1,0.0
M01423,MEM00021,1,0.0
M01423,MEM00021,1,0.0
M01423,MEM00021,1,0.0
M01423,MEM00021,1,0.0
M01423,MEM00021,1,0.0
M01423,MEM00685,1,0.0
M01423,MEM00685,1,0.0
M01423,MEM00685,1,0.0
M01423,MEM00685,1,0.0
M01423,MEM00685,1,0.0
M01423,MEM00685,1,0.0
M01423,MEM00685,1,0.0
M01424,MEM00710,1,0.0
M01424,MEM00710,1,0.0
M01424,MEM00710,1,0.0
M01424,MEM00710,1,0.0
M01424,MEM00710,1,0.0
M01424,MEM00710,1,0.0
M01424,MEM00710,1,0.0
M01424,EXT00323,0,0.0
M01424,EXT00323,0,0.0
M01424,EXT00323,0,0.0
M01424,EXT00323,0,0.0
M01424,EXT00323,0,0.0
M01424,EXT00323,0,0.0
M01424,EXT00323,0,0.0
M01424,EXT00239,0,0.0
M01424,EXT00239,0,0.0
M01424,EXT00239,0,0.0
M01424,EXT00239,0,0.0
M01424,EXT00239,0,0.0
M01424,EXT00239,0,0.0
M01424,EXT00239,0,0.0
M01425,MEM00335,1,0.0
M01425,MEM00335,1,0.0
M01425,MEM00335,1,0.0
M01425,MEM00335,1,0.0
M01425,MEM00335,1,0.0
M01425,MEM00335,1,0.0
M01425,MEM00335,1,0.0
M01427,MEM00165,1,3.89
M01427,MEM00165,1,2.65
M01427,MEM00165,1,4.47
M01427,MEM00165,1,4.18
M01427,MEM00165,1,5.0
M01427,MEM00165,1,4.42
M01427,MEM00165,1,3.31
M01427,MEM00736,1,2.86
M01427,MEM00736,1,3.77
M01427,MEM00736,1,3.82
M01427,MEM00736,1,4.77
M01427,MEM00736,1,4.19
M01427,MEM00736,1,4.88
M01427,MEM00736,1,3.41
M01427,MEM00449,1,4.78
M01427,MEM00449,1,4.63
M01427,MEM00449,1,2.99
M01427,MEM00449,1,4.99
M01427,MEM00449,1,4.26
M01427,MEM00449,1,4.44
M01427,MEM00449,1,3.68
M01427,MEM00604,1,4.97
M01427,MEM00604,1,3.49
M01427,MEM00604,1,4.7
M01427,MEM00604,1,4.69
M01427,MEM00604,1,3.62
M01427,MEM00604,1,5.0
M01427,MEM00604,1,4.34
M01428,MEM00178,1,4.59
M01428,MEM00178,1,3.28
M01428,MEM00178,1,5.0
M01428,MEM00178,1,3.47
M01428,MEM00178,1,4.81
M01428,MEM00178,1,3.6
M01428,MEM00178,1,3.83
M01428,MEM00210,1,4.67
M01428,MEM00210,1,4.82
M01428,MEM00210,1,3.44
M01428,MEM00210,1,4.85
M01428,MEM00210,1,4.83
M01428,MEM00210,1,3.64
M01428,MEM00210,1,5.0
M01429,MEM00210,1,3.33
M01429,MEM00210,1,3.83
M01429,MEM00210,1,4.49
M01429,MEM00210,1,3.69
M01429,MEM00210,1,4.36
M01429,MEM00210,1,4.34
M01429,MEM00210,1,4.09
M01429,EXT00114,0,4.7
M01429,EXT00114,0,4.06
M01429,EXT00114,0,4.34
M01429,EXT00114,0,4.89
M01429,EXT00114,0,4.67
M01429,EXT00114,0,4.67
M01429,EXT00114,0,3.51
M01430,MEM00433,1,4.51
M01430,MEM00433,1,3.67
M01430,MEM00433,1,3.43
M01430,MEM00433,1,4.16
M01430,MEM00433,1,3.66
M01430,MEM00433,1,4.67
M01430,MEM00433,1,4.69
M01430,MEM00467,1,3.06
M01430,MEM00467,1,3.7
M01430,MEM00467,1,3.32
M01430,MEM00467,1,3.92
M01430,MEM00467,1,4.47
M01430,MEM00467,1,4.05
M01430,MEM00467,1,3.85
M01431,MEM00330,1,0.0
M01431,MEM00330,1,0.0
M01431,MEM00330,1,0.0
M01431,MEM00330,1,0.0
M01431,MEM00330,1,0.0
M01431,MEM00330,1,0.0
M01431,MEM00330,1,0.0
M01431,EXT00244,0,0.0
M01431,EXT00244,0,0.0
M01431,EXT00244,0,0.0
M01431,EXT00244,0,0.0
M01431,EXT00244,0,0.0
M01431,EXT00244,0,0.0
M01431,EXT00244,0,0.0
M01432,MEM00087,1,4.98
M01432,MEM00087,1,2.82
M01432,MEM00087,1,4.94
M01432,MEM00087,1,3.87
M01432,MEM00087,1,4.15
M01432,MEM00087,1,3.88
M01432,MEM00087,1,5.0
M01432,MEM00157,1,3.46
M01432,MEM00157,1,4.21
M01432,MEM00157,1,4.52
M01432,MEM00157,1,3.23
M01432,MEM00157,1,3.65
M01432,MEM00157,1,4.11
M01432,MEM00157,1,3.67
M01432,MEM00081,1,3.71
M01432,MEM00081,1,3.99
M01432,MEM00081,1,4.59
M01432,MEM00081,1,3.99
M01432,MEM00081,1,4.85
M01432,MEM00081,1,3.6
M01432,MEM00081,1,3.45
M01432,EXT00209,0,5.0
M01432,EXT00209,0,3.81
M01432,EXT00209,0,3.41
M01432,EXT00209,0,3.15
M01432,EXT00209,0,4.85
M01432,EXT00209,0,4.0
M01432,EXT00209,0,4.05
M01433,MEM00184,1,0.0
M01433,MEM00184,1,0.0
M01433,MEM00184,1,0.0
M01433,MEM00184,1,0.0
M01433,MEM00184,1,0.0
M01433,MEM00184,1,0.0
M01433,MEM00184,1,0.0
M01434,MEM00010,1,0.0
M01434,MEM00010,1,0.0
M01434,MEM00010,1,0.0
M01434,MEM00010,1,0.0
M01434,MEM00010,1,0.0
M01434,MEM00010,1,0.0
M01434,MEM00010,1,0.0
M01434,MEM00649,1,0.0
M01434,MEM00649,1,0.0
M01434,MEM00649,1,0.0
M01434,MEM00649,1,0.0
M01434,MEM00649,1,0.0
M01434,MEM00649,1,0.0
M01434,MEM00649,1,0.0
M01434,MEM00313,1,0.0
M01434,MEM00313,1,0.0
M01434,MEM00313,1,0.0
M01434,MEM00313,1,0.0
M01434,MEM00313,1,0.0
M01434,MEM00313,1,0.0
M01434,MEM00313,1,0.0
M01434,MEM00218,1,0.0
M01434,MEM00218,1,0.0
M01434,MEM00218,1,0.0
M01434,MEM00218,1,0.0
M01434,MEM00218,1,0.0
M01434,MEM00218,1,0.0
M01434,MEM00218,1,0.0
M01435,MEM00504,1,4.1
M01435,MEM00504,1,4.81
M01435,MEM00504,1,4.09
M01435,MEM00504,1,5.0
M01435,MEM00504,1,4.28
M01435,MEM00504,1,4.84
M01435,MEM00504,1,4.68
M01435,MEM00533,1,4.18
M01435,MEM00533,1,3.85
M01435,MEM00533,1,4.4
M01435,MEM00533,1,4.51
M01435,MEM00533,1,3.86
M01435,MEM00533,1,4.3
M01435,MEM00533,1,4.94
M01436,MEM00632,1,0.0
M01436,MEM00632,1,0.0
M01436,MEM00632,1,0.0
M01436,MEM00632,1,0.0
M01436,MEM00632,1,0.0
M01436,MEM00632,1,0.0
M01436,MEM00632,1,0.0
M01437,MEM00021,1,5.0
M01437,MEM00021,1,4.71
M01437,MEM00021,1,5.0
M01437,MEM00021,1,3.82
M01437,MEM00021,1,4.62
M01437,MEM00021,1,5.0
M01437,MEM00021,1,3.66
M01437,MEM00756,1,3.91
M01437,MEM00756,1,5.0
M01437,MEM00756,1,3.61
M01437,MEM00756,1,3.4
M01437,MEM00756,1,5.0
M01437,MEM00756,1,4.92
M01437,MEM00756,1,4.46
M01438,MEM00142,1,4.17
M01438,MEM00142,1,3.94
M01438,MEM00142,1,4.37
M01438,MEM00142,1,5.0
M01438,MEM00142,1,4.34
M01438,MEM00142,1,5.0
M01438,MEM00142,1,3.66
M01438,MEM00708,1,4.19
M01438,MEM00708,1,3.98
M01438,MEM00708,1,3.55
M01438,MEM00708,1,4.11
M01438,MEM00708,1,4.45
M01438,MEM00708,1,4.51
M01438,MEM00708,1,5.0
M01438,EXT00185,0,4.48
M01438,EXT00185,0,4.89
M01438,EXT00185,0,4.24
M01438,EXT00185,0,5.0
M01438,EXT00185,0,5.0
M01438,EXT00185,0,4.52
M01438,EXT00185,0,3.6
M01438,EXT00224,0,3.87
M01438,EXT00224,0,4.37
M01438,EXT00224,0,4.47
M01438,EXT00224,0,4.62
M01438,EXT00224,0,4.48
M01438,EXT00224,0,4.2
M01438,EXT00224,0,3.82
M01439,MEM00756,1,4.44
M01439,MEM00756,1,5.0
M01439,MEM00756,1,4.81
M01439,MEM00756,1,4.52
M01439,MEM00756,1,4.82
M01439,MEM00756,1,3.98
M01439,MEM00756,1,3.9
M01439,MEM00544,1,3.75
M01439,MEM00544,1,4.12
M01439,MEM00544,1,3.95
M01439,MEM00544,1,4.92
M01439,MEM00544,1,3.91
M01439,MEM00544,1,3.72
M01439,MEM00544,1,5.0
M01439,MEM00797,1,3.93
M01439,MEM00797,1,4.29
M01439,MEM00797,1,4.47
M01439,MEM00797,1,3.52
M01439,MEM00797,1,4.94
M01439,MEM00797,1,4.58
M01439,MEM00797,1,5.0
M01439,MEM00523,1,3.79
M01439,MEM00523,1,4.26
M01439,MEM00523,1,4.22
M01439,MEM00523,1,4.36
M01439,MEM00523,1,3.33
M01439,MEM00523,1,4.27
M01439,MEM00523,1,3.34
M01440,MEM00221,1,4.42
M01440,MEM00221,1,2.92
M01440,MEM00221,1,3.09
M01440,MEM00221,1,4.69
M01440,MEM00221,1,3.87
M01440,MEM00221,1,3.61
M01440,MEM00221,1,4.96
M01440,MEM00702,1,4.4
M01440,MEM00702,1,4.72
M01440,MEM00702,1,4.1
M01440,MEM00702,1,5.0
M01440,MEM00702,1,3.84
M01440,MEM00702,1,5.0
M01440,MEM00702,1,4.16
M01440,MEM00580,1,3.21
M01440,MEM00580,1,4.49
M01440,MEM00580,1,4.39
M01440,MEM00580,1,3.57
M01440,MEM00580,1,3.65
M01440,MEM00580,1,4.19
M01440,MEM00580,1,4.41
M01440,MEM00054,1,2.72
M01440,MEM00054,1,4.83
M01440,MEM00054,1,3.9
M01440,MEM00054,1,3.4
M01440,MEM00054,1,4.76
M01440,MEM00054,1,4.19
M01440,MEM00054,1,4.93
M01441,MEM00203,1,4.46
M01441,MEM00203,1,4.2
M01441,MEM00203,1,4.11
M01441,MEM00203,1,4.49
M01441,MEM00203,1,3.95
M01441,MEM00203,1,3.69
M01441,MEM00203,1,4.57
M01441,EXT00358,0,4.11
M01441,EXT00358,0,4.22
M01441,EXT00358,0,4.85
M01441,EXT00358,0,4.13
M01441,EXT00358,0,4.21
M01441,EXT00358,0,3.84
M01441,EXT00358,0,4.46
M01441,EXT00095,0,4.41
M01441,EXT00095,0,4.74
M01441,EXT00095,0,3.85
M01441,EXT00095,0,3.93
M01441,EXT00095,0,4.68
M01441,EXT00095,0,4.35
M01441,EXT00095,0,3.66
M01441,EXT00085,0,4.98
M01441,EXT00085,0,3.18
M01441,EXT00085,0,4.67
M01441,EXT00085,0,3.44
M01441,EXT00085,0,5.0
M01441,EXT00085,0,3.27
M01441,EXT00085,0,4.89
M01442,MEM00681,1,4.15
M01442,MEM00681,1,3.98
M01442,MEM00681,1,4.31
M01442,MEM00681,1,4.58
M01442,MEM00681,1,3.66
M01442,MEM00681,1,3.71
M01442,MEM00681,1,4.59
M01442,MEM00126,1,3.18
M01442,MEM00126,1,3.85
M01442,MEM00126,1,5.0
M01442,MEM00126,1,3.62
M01442,MEM00126,1,4.89
M01442,MEM00126,1,3.85
M01442,MEM00126,1,4.51
M01442,EXT00273,0,4.59
M01442,EXT00273,0,4.88
M01442,EXT00273,0,4.08
M01442,EXT00273,0,5.0
M01442,EXT00273,0,3.85
M01442,EXT00273,0,4.34
M01442,EXT00273,0,4.35
M01442,EXT00202,0,3.53
M01442,EXT00202,0,4.03
M01442,EXT00202,0,4.3
M01442,EXT00202,0,3.94
M01442,EXT00202,0,5.0
M01442,EXT00202,0,3.7
M01442,EXT00202,0,4.91
M01443,MEM00210,1,4.71
M01443,MEM00210,1,4.19
M01443,MEM00210,1,3.68
M01443,MEM00210,1,3.74
M01443,MEM00210,1,3.89
M01443,MEM00210,1,3.13
M01443,MEM00210,1,3.6
M01443,MEM00240,1,3.31
M01443,MEM00240,1,5.0
M01443,MEM00240,1,4.57
M01443,MEM00240,1,4.67
M01443,MEM00240,1,4.55
M01443,MEM00240,1,4.3
M01443,MEM00240,1,5.0
M01443,MEM00610,1,3.83
M01443,MEM00610,1,4.26
M01443,MEM00610,1,4.65
M01443,MEM00610,1,3.41
M01443,MEM00610,1,5.0
M01443,MEM00610,1,4.22
M01443,MEM00610,1,4.29
M01443,EXT00161,0,4.95
M01443,EXT00161,0,4.75
M01443,EXT00161,0,4.22
M01443,EXT00161,0,4.28
M01443,EXT00161,0,3.3
M01443,EXT00161,0,3.87
M01443,EXT00161,0,4.51
M01444,MEM00777,1,4.47
M01444,MEM00777,1,4.93
M01444,MEM00777,1,4.13
M01444,MEM00777,1,3.37
M01444,MEM00777,1,4.83
M01444,MEM00777,1,5.0
M01444,MEM00777,1,4.74
M01444,MEM00180,1,4.1
M01444,MEM00180,1,4.83
M01444,MEM00180,1,5.0
M01444,MEM00180,1,4.27
M01444,MEM00180,1,3.41
M01444,MEM00180,1,3.85
M01444,MEM00180,1,4.58
M01445,MEM00502,1,0.0
M01445,MEM00502,1,0.0
M01445,MEM00502,1,0.0
M01445,MEM00502,1,0.0
M01445,MEM00502,1,0.0
M01445,MEM00502,1,0.0
M01445,MEM00502,1,0.0
M01446,MEM00756,1,3.24
M01446,MEM00756,1,4.3
M01446,MEM00756,1,4.43
M01446,MEM00756,1,5.0
M01446,MEM00756,1,4.99
M01446,MEM00756,1,4.72
M01446,MEM00756,1,2.9
M01446,EXT00113,0,4.75
M01446,EXT00113,0,4.62
M01446,EXT00113,0,4.35
M01446,EXT00113,0,3.16
M01446,EXT00113,0,3.73
M01446,EXT00113,0,3.5
M01446,EXT00113,0,2.99
M01447,MEM00615,1,4.2
M01447,MEM00615,1,3.72
M01447,MEM00615,1,5.0
M01447,MEM00615,1,4.1
M01447,MEM00615,1,4.98
M01447,MEM00615,1,3.26
M01447,MEM00615,1,3.88
M01447,MEM00623,1,4.26
M01447,MEM00623,1,3.66
M01447,MEM00623,1,3.95
M01447,MEM00623,1,4.07
M01447,MEM00623,1,4.06
M01447,MEM00623,1,5.0
M01447,MEM00623,1,4.43
M01448,MEM00558,1,0.0
M01448,MEM00558,1,0.0
M01448,MEM00558,1,0.0
M01448,MEM00558,1,0.0
M01448,MEM00558,1,0.0
M01448,MEM00558,1,0.0
M01448,MEM00558,1,0.0
M01448,MEM00770,1,0.0
M01448,MEM00770,1,0.0
M01448,MEM00770,1,0.0
M01448,MEM00770,1,0.0
M01448,MEM00770,1,0.0
M01448,MEM00770,1,0.0
M01448,MEM00770,1,0.0
M01449,MEM00307,1,4.49
M01449,MEM00307,1,4.52
M01449,MEM00307,1,4.57
M01449,MEM00307,1,4.15
M01449,MEM00307,1,4.01
M01449,MEM00307,1,4.3
M01449,MEM00307,1,4.89
M01449,EXT00054,0,4.88
M01449,EXT00054,0,4.06
M01449,EXT00054,0,4.66
M01449,EXT00054,0,4.08
M01449,EXT00054,0,4.22
M01449,EXT00054,0,3.92
M01449,EXT00054,0,4.09
M01451,MEM00452,1,5.0
M01451,MEM00452,1,4.26
M01451,MEM00452,1,4.28
M01451,MEM00452,1,3.33
M01451,MEM00452,1,4.01
M01451,MEM00452,1,4.06
M01451,MEM00452,1,3.7
M01451,MEM00180,1,4.21
M01451,MEM00180,1,3.94
M01451,MEM00180,1,4.25
M01451,MEM00180,1,4.27
M01451,MEM00180,1,3.63
M01451,MEM00180,1,3.96
M01451,MEM00180,1,4.25
M01451,MEM00538,1,4.91
M01451,MEM00538,1,4.35
M01451,MEM00538,1,3.8
M01451,MEM00538,1,4.44
M01451,MEM00538,1,5.0
M01451,MEM00538,1,4.75
M01451,MEM00538,1,4.53
M01451,MEM00584,1,4.64
M01451,MEM00584,1,5.0
M01451,MEM00584,1,4.85
M01451,MEM00584,1,4.54
M01451,MEM00584,1,4.84
M01451,MEM00584,1,3.55
M01451,MEM00584,1,3.3
M01452,EXT00205,0,0.0
M01452,EXT00205,0,0.0
M01452,EXT00205,0,0.0
M01452,EXT00205,0,0.0
M01452,EXT00205,0,0.0
M01452,EXT00205,0,0.0
M01452,EXT00205,0,0.0
M01454,MEM00240,1,0.0
M01454,MEM00240,1,0.0
M01454,MEM00240,1,0.0
M01454,MEM00240,1,0.0
M01454,MEM00240,1,0.0
M01454,MEM00240,1,0.0
M01454,MEM00240,1,0.0
M01454,MEM00601,1,0.0
M01454,MEM00601,1,0.0
M01454,MEM00601,1,0.0
M01454,MEM00601,1,0.0
M01454,MEM00601,1,0.0
M01454,MEM00601,1,0.0
M01454,MEM00601,1,0.0
M01454,MEM00502,1,0.0
M01454,MEM00502,1,0.0
M01454,MEM00502,1,0.0
M01454,MEM00502,1,0.0
M01454,MEM00502,1,0.0
M01454,MEM00502,1,0.0
M01454,MEM00502,1,0.0
M01454,MEM00331,1,0.0
M01454,MEM00331,1,0.0
M01454,MEM00331,1,0.0
M01454,MEM00331,1,0.0
M01454,MEM00331,1,0.0
M01454,MEM00331,1,0.0
M01454,MEM00331,1,0.0
M01455,MEM00315,1,4.29
M01455,MEM00315,1,4.24
M01455,MEM00315,1,3.87
M01455,MEM00315,1,4.7
M01455,MEM00315,1,3.08
M01455,MEM00315,1,3.88
M01455,MEM00315,1,3.91
M01455,MEM00204,1,3.22
M01455,MEM00204,1,5.0
M01455,MEM00204,1,3.38
M01455,MEM00204,1,3.85
M01455,MEM00204,1,4.74
M01455,MEM00204,1,4.59
M01455,MEM00204,1,3.54
M01456,MEM00210,1,0.0
M01456,MEM00210,1,0.0
M01456,MEM00210,1,0.0
M01456,MEM00210,1,0.0
M01456,MEM00210,1,0.0
M01456,MEM00210,1,0.0
M01456,MEM00210,1,0.0
M01457,MEM00178,1,4.61
M01457,MEM00178,1,4.37
M01457,MEM00178,1,5.0
M01457,MEM00178,1,4.44
M01457,MEM00178,1,4.12
M01457,MEM00178,1,3.69
M01457,MEM00178,1,3.75
M01457,EXT00317,0,3.7
M01457,EXT00317,0,5.0
M01457,EXT00317,0,4.21
M01457,EXT00317,0,4.54
M01457,EXT00317,0,5.0
M01457,EXT00317,0,2.78
M01457,EXT00317,0,4.97
M01458,MEM00285,1,0.0
M01458,MEM00285,1,0.0
M01458,MEM00285,1,0.0
M01458,MEM00285,1,0.0
M01458,MEM00285,1,0.0
M01458,MEM00285,1,0.0
M01458,MEM00285,1,0.0
M01458,MEM00605,1,0.0
M01458,MEM00605,1,0.0
M01458,MEM00605,1,0.0
M01458,MEM00605,1,0.0
M01458,MEM00605,1,0.0
M01458,MEM00605,1,0.0
M01458,MEM00605,1,0.0
M01458,MEM00733,1,0.0
M01458,MEM00733,1,0.0
M01458,MEM00733,1,0.0
M01458,MEM00733,1,0.0
M01458,MEM00733,1,0.0
M01458,MEM00733,1,0.0
M01458,MEM00733,1,0.0
M01460,MEM00716,1,0.0
M01460,MEM00716,1,0.0
M01460,MEM00716,1,0.0
M01460,MEM00716,1,0.0
M01460,MEM00716,1,0.0
M01460,MEM00716,1,0.0
M01460,MEM00716,1,0.0
M01461,MEM00671,1,4.23
M01461,MEM00671,1,4.46
M01461,MEM00671,1,3.7
M01461,MEM00671,1,3.75
M01461,MEM00671,1,4.49
M01461,MEM00671,1,5.0
M01461,MEM00671,1,4.8
M01461,EXT00076,0,4.96
M01461,EXT00076,0,4.08
M01461,EXT00076,0,3.84
M01461,EXT00076,0,3.73
M01461,EXT00076,0,3.91
M01461,EXT00076,0,2.97
M01461,EXT00076,0,3.77
M01462,MEM00764,1,0.0
M01462,MEM00764,1,0.0
M01462,MEM00764,1,0.0
M01462,MEM00764,1,0.0
M01462,MEM00764,1,0.0
M01462,MEM00764,1,0.0
M01462,MEM00764,1,0.0
M01463,MEM00291,1,0.0
M01463,MEM00291,1,0.0
M01463,MEM00291,1,0.0
M01463,MEM00291,1,0.0
M01463,MEM00291,1,0.0
M01463,MEM00291,1,0.0
M01463,MEM00291,1,0.0
M01465,MEM00259,1,3.86
M01465,MEM00259,1,4.09
M01465,MEM00259,1,4.28
M01465,MEM00259,1,4.42
M01465,MEM00259,1,4.19
M01465,MEM00259,1,3.85
M01465,MEM00259,1,3.02
M01465,EXT00025,0,3.85
M01465,EXT00025,0,3.62
M01465,EXT00025,0,4.48
M01465,EXT00025,0,4.75
M01465,EXT00025,0,4.76
M01465,EXT00025,0,4.65
M01465,EXT00025,0,4.12
M01466,MEM00382,1,3.89
M01466,MEM00382,1,3.75
M01466,MEM00382,1,3.3
M01466,MEM00382,1,4.8
M01466,MEM00382,1,4.1
M01466,MEM00382,1,3.45
M01466,MEM00382,1,3.7
M01466,EXT00048,0,3.68
M01466,EXT00048,0,4.23
M01466,EXT00048,0,4.84
M01466,EXT00048,0,3.99
M01466,EXT00048,0,2.85
M01466,EXT00048,0,4.09
M01466,EXT00048,0,4.11
M01467,MEM00210,1,0.0
M01467,MEM00210,1,0.0
M01467,MEM00210,1,0.0
M01467,MEM00210,1,0.0
M01467,MEM00210,1,0.0
M01467,MEM00210,1,0.0
M01467,MEM00210,1,0.0
M01468,MEM00234,1,4.07
M01468,MEM00234,1,3.82
M01468,MEM00234,1,4.33
M01468,MEM00234,1,4.24
M01468,MEM00234,1,4.19
M01468,MEM00234,1,4.45
M01468,MEM00234,1,3.94
M01468,MEM00244,1,3.91
M01468,MEM00244,1,5.0
M01468,MEM00244,1,4.54
M01468,MEM00244,1,4.7
M01468,MEM00244,1,4.94
M01468,MEM00244,1,4.52
M01468,MEM00244,1,4.76
M01468,MEM00643,1,3.25
M01468,MEM00643,1,4.32
M01468,MEM00643,1,4.09
M01468,MEM00643,1,5.0
M01468,MEM00643,1,4.76
M01468,MEM00643,1,3.82
M01468,MEM00643,1,4.42
M01468,MEM00699,1,4.3
M01468,MEM00699,1,4.47
M01468,MEM00699,1,3.59
M01468,MEM00699,1,4.42
M01468,MEM00699,1,4.06
M01468,MEM00699,1,4.37
M01468,MEM00699,1,3.77
M01469,MEM00680,1,3.85
M01469,MEM00680,1,4.9
M01469,MEM00680,1,3.57
M01469,MEM00680,1,3.61
M01469,MEM00680,1,4.17
M01469,MEM00680,1,3.74
M01469,MEM00680,1,3.67
M01469,MEM00681,1,4.26
M01469,MEM00681,1,3.3
M01469,MEM00681,1,3.6
M01469,MEM00681,1,5.0
M01469,MEM00681,1,4.48
M01469,MEM00681,1,3.75
M01469,MEM00681,1,4.45
M01470,MEM00555,1,4.54
M01470,MEM00555,1,4.8
M01470,MEM00555,1,4.12
M01470,MEM00555,1,4.79
M01470,MEM00555,1,2.98
M01470,MEM00555,1,3.57
M01470,MEM00555,1,4.3
M01470,MEM00136,1,4.4
M01470,MEM00136,1,3.65
M01470,MEM00136,1,4.36
M01470,MEM00136,1,3.83
M01470,MEM00136,1,4.03
M01470,MEM00136,1,4.81
M01470,MEM00136,1,4.75
M01470,MEM00615,1,3.6
M01470,MEM00615,1,3.57
M01470,MEM00615,1,3.95
M01470,MEM00615,1,4.18
M01470,MEM00615,1,3.81
M01470,MEM00615,1,4.82
M01470,MEM00615,1,4.41
M01470,EXT00369,0,4.44
M01470,EXT00369,0,3.44
M01470,EXT00369,0,4.9
M01470,EXT00369,0,2.51
M01470,EXT00369,0,4.7
M01470,EXT00369,0,4.76
M01470,EXT00369,0,3.94
M01471,MEM00253,1,0.0
M01471,MEM00253,1,0.0
M01471,MEM00253,1,0.0
M01471,MEM00253,1,0.0
M01471,MEM00253,1,0.0
M01471,MEM00253,1,0.0
M01471,MEM00253,1,0.0
M01471,MEM00548,1,0.0
M01471,MEM00548,1,0.0
M01471,MEM00548,1,0.0
M01471,MEM00548,1,0.0
M01471,MEM00548,1,0.0
M01471,MEM00548,1,0.0
M01471,MEM00548,1,0.0
M01471,MEM00394,1,0.0
M01471,MEM00394,1,0.0
M01471,MEM00394,1,0.0
M01471,MEM00394,1,0.0
M01471,MEM00394,1,0.0
M01471,MEM00394,1,0.0
M01471,MEM00394,1,0.0
M01472,MEM00240,1,4.96
M01472,MEM00240,1,4.16
M01472,MEM00240,1,4.24
M01472,MEM00240,1,4.4
M01472,MEM00240,1,5.0
M01472,MEM00240,1,5.0
M01472,MEM00240,1,4.62
M01472,MEM00502,1,3.65
M01472,MEM00502,1,4.29
M01472,MEM00502,1,3.71
M01472,MEM00502,1,4.69
M01472,MEM00502,1,4.28
M01472,MEM00502,1,3.53
M01472,MEM00502,1,4.25
M01472,MEM00114,1,3.69
M01472,MEM00114,1,4.29
M01472,MEM00114,1,3.68
M01472,MEM00114,1,4.22
M01472,MEM00114,1,4.65
M01472,MEM00114,1,4.17
M01472,MEM00114,1,3.97
M01472,MEM00400,1,4.32
M01472,MEM00400,1,4.62
M01472,MEM00400,1,3.54
M01472,MEM00400,1,4.36
M01472,MEM00400,1,4.99
M01472,MEM00400,1,4.54
M01472,MEM00400,1,4.23
M01473,MEM00637,1,0.0
M01473,MEM00637,1,0.0
M01473,MEM00637,1,0.0
M01473,MEM00637,1,0.0
M01473,MEM00637,1,0.0
M01473,MEM00637,1,0.0
M01473,MEM00637,1,0.0
M01474,EXT00343,0,0.0
M01474,EXT00343,0,0.0
M01474,EXT00343,0,0.0
M01474,EXT00343,0,0.0
M01474,EXT00343,0,0.0
M01474,EXT00343,0,0.0
M01474,EXT00343,0,0.0
M01475,MEM00763,1,0.0
M01475,MEM00763,1,0.0
M01475,MEM00763,1,0.0
M01475,MEM00763,1,0.0
M01475,MEM00763,1,0.0
M01475,MEM00763,1,0.0
M01475,MEM00763,1,0.0
M01475,MEM00126,1,0.0
M01475,MEM00126,1,0.0
M01475,MEM00126,1,0.0
M01475,MEM00126,1,0.0
M01475,MEM00126,1,0.0
M01475,MEM00126,1,0.0
M01475,MEM00126,1,0.0
M01476,MEM00253,1,0.0
M01476,MEM00253,1,0.0
M01476,MEM00253,1,0.0
M01476,MEM00253,1,0.0
M01476,MEM00253,1,0.0
M01476,MEM00253,1,0.0
M01476,MEM00253,1,0.0
M01477,MEM00522,1,4.58
M01477,MEM00522,1,4.47
M01477,MEM00522,1,4.65
M01477,MEM00522,1,2.99
M01477,MEM00522,1,3.27
M01477,MEM00522,1,4.8
M01477,MEM00522,1,3.3
M01477,MEM00606,1,4.44
M01477,MEM00606,1,3.99
M01477,MEM00606,1,3.6
M01477,MEM00606,1,4.41
M01477,MEM00606,1,4.32
M01477,MEM00606,1,5.0
M01477,MEM00606,1,3.83
M01478,MEM00762,1,5.0
M01478,MEM00762,1,4.41
M01478,MEM00762,1,3.8
M01478,MEM00762,1,4.68
M01478,MEM00762,1,4.54
M01478,MEM00762,1,4.22
M01478,MEM00762,1,4.36
M01478,MEM00240,1,3.84
M01478,MEM00240,1,3.7
M01478,MEM00240,1,4.66
M01478,MEM00240,1,4.07
M01478,MEM00240,1,4.15
M01478,MEM00240,1,4.37
M01478,MEM00240,1,4.36
M01478,MEM00681,1,3.34
M01478,MEM00681,1,4.97
M01478,MEM00681,1,4.27
M01478,MEM00681,1,4.08
M01478,MEM00681,1,4.46
M01478,MEM00681,1,4.34
M01478,MEM00681,1,4.66
M01478,MEM00650,1,4.52
M01478,MEM00650,1,4.63
M01478,MEM00650,1,5.0
M01478,MEM00650,1,4.73
M01478,MEM00650,1,4.1
M01478,MEM00650,1,3.53
M01478,MEM00650,1,5.0
M01479,MEM00123,1,0.0
M01479,MEM00123,1,0.0
M01479,MEM00123,1,0.0
M01479,MEM00123,1,0.0
M01479,MEM00123,1,0.0
M01479,MEM00123,1,0.0
M01479,MEM00123,1,0.0
M01480,MEM00565,1,0.0
M01480,MEM00565,1,0.0
M01480,MEM00565,1,0.0
M01480,MEM00565,1,0.0
M01480,MEM00565,1,0.0
M01480,MEM00565,1,0.0
M01480,MEM00565,1,0.0
M01481,MEM00597,1,0.0
M01481,MEM00597,1,0.0
M01481,MEM00597,1,0.0
M01481,MEM00597,1,0.0
M01481,MEM00597,1,0.0
M01481,MEM00597,1,0.0
M01481,MEM00597,1,0.0
M01482,MEM00544,1,0.0
M01482,MEM00544,1,0.0
M01482,MEM00544,1,0.0
M01482,MEM00544,1,0.0
M01482,MEM00544,1,0.0
M01482,MEM00544,1,0.0
M01482,MEM00544,1,0.0
M01483,MEM00210,1,4.06
M01483,MEM00210,1,3.92
M01483,MEM00210,1,3.16
M01483,MEM00210,1,4.4
M01483,MEM00210,1,4.29
M01483,MEM00210,1,3.29
M01483,MEM00210,1,4.47
M01483,MEM00695,1,3.9
M01483,MEM00695,1,5.0
M01483,MEM00695,1,3.86
M01483,MEM00695,1,3.94
M01483,MEM00695,1,3.68
M01483,MEM00695,1,4.97
M01483,MEM00695,1,3.98
M01484,MEM00157,1,3.77
M01484,MEM00157,1,4.62
M01484,MEM00157,1,3.37
M01484,MEM00157,1,4.58
M01484,MEM00157,1,5.0
M01484,MEM00157,1,4.54
M01484,MEM00157,1,4.58
M01484,EXT00023,0,4.72
M01484,EXT00023,0,5.0
M01484,EXT00023,0,4.93
M01484,EXT00023,0,4.46
M01484,EXT00023,0,4.74
M01484,EXT00023,0,3.67
M01484,EXT00023,0,4.67
M01485,MEM00375,1,0.0
M01485,MEM00375,1,0.0
M01485,MEM00375,1,0.0
M01485,MEM00375,1,0.0
M01485,MEM00375,1,0.0
M01485,MEM00375,1,0.0
M01485,MEM00375,1,0.0
M01485,MEM00578,1,0.0
M01485,MEM00578,1,0.0
M01485,MEM00578,1,0.0
M01485,MEM00578,1,0.0
M01485,MEM00578,1,0.0
M01485,MEM00578,1,0.0
M01485,MEM00578,1,0.0
M01485,EXT00338,0,0.0
M01485,EXT00338,0,0.0
M01485,EXT00338,0,0.0
M01485,EXT00338,0,0.0
M01485,EXT00338,0,0.0
M01485,EXT00338,0,0.0
M01485,EXT00338,0,0.0
M01486,MEM00298,1,3.6
M01486,MEM00298,1,3.98
M01486,MEM00298,1,2.35
M01486,MEM00298,1,4.44
M01486,MEM00298,1,3.81
M01486,MEM00298,1,4.87
M01486,MEM00298,1,4.43
M01486,EXT00069,0,4.87
M01486,EXT00069,0,3.55
M01486,EXT00069,0,4.82
M01486,EXT00069,0,5.0
M01486,EXT00069,0,4.66
M01486,EXT00069,0,4.67
M01486,EXT00069,0,4.3
M01487,MEM00168,1,0.0
M01487,MEM00168,1,0.0
M01487,MEM00168,1,0.0
M01487,MEM00168,1,0.0
M01487,MEM00168,1,0.0
M01487,MEM00168,1,0.0
M01487,MEM00168,1,0.0
M01487,MEM00426,1,0.0
M01487,MEM00426,1,0.0
M01487,MEM00426,1,0.0
M01487,MEM00426,1,0.0
M01487,MEM00426,1,0.0
M01487,MEM00426,1,0.0
M01487,MEM00426,1,0.0
M01487,MEM00663,1,0.0
M01487,MEM00663,1,0.0
M01487,MEM00663,1,0.0
M01487,MEM00663,1,0.0
M01487,MEM00663,1,0.0
M01487,MEM00663,1,0.0
M01487,MEM00663,1,0.0
M01488,MEM00580,1,3.89
M01488,MEM00580,1,4.66
M01488,MEM00580,1,3.3
M01488,MEM00580,1,3.95
M01488,MEM00580,1,3.14
M01488,MEM00580,1,3.78
M01488,MEM00580,1,4.59
M01488,MEM00400,1,4.5
M01488,MEM00400,1,4.23
M01488,MEM00400,1,4.3
M01488,MEM00400,1,3.07
M01488,MEM00400,1,3.98
M01488,MEM00400,1,3.79
M01488,MEM00400,1,3.8
M01489,EXT00241,0,0.0
M01489,EXT00241,0,0.0
M01489,EXT00241,0,0.0
M01489,EXT00241,0,0.0
M01489,EXT00241,0,0.0
M01489,EXT00241,0,0.0
M01489,EXT00241,0,0.0
M01490,MEM00369,1,0.0
M01490,MEM00369,1,0.0
M01490,MEM00369,1,0.0
M01490,MEM00369,1,0.0
M01490,MEM00369,1,0.0
M01490,MEM00369,1,0.0
M01490,MEM00369,1,0.0
M01490,MEM00655,1,0.0
M01490,MEM00655,1,0.0
M01490,MEM00655,1,0.0
M01490,MEM00655,1,0.0
M01490,MEM00655,1,0.0
M01490,MEM00655,1,0.0
M01490,MEM00655,1,0.0
M01491,MEM00655,1,0.0
M01491,MEM00655,1,0.0
M01491,MEM00655,1,0.0
M01491,MEM00655,1,0.0
M01491,MEM00655,1,0.0
M01491,MEM00655,1,0.0
M01491,MEM00655,1,0.0
M01492,MEM00667,1,4.56
M01492,MEM00667,1,3.68
M01492,MEM00667,1,3.84
M01492,MEM00667,1,2.95
M01492,MEM00667,1,4.02
M01492,MEM00667,1,3.55
M01492,MEM00667,1,4.25
M01492,MEM00107,1,3.63
M01492,MEM00107,1,4.26
M01492,MEM00107,1,4.11
M01492,MEM00107,1,5.0
M01492,MEM00107,1,4.5
M01492,MEM00107,1,3.1
M01492,MEM00107,1,3.44
M01492,MEM00572,1,4.23
M01492,MEM00572,1,3.64
M01492,MEM00572,1,2.42
M01492,MEM00572,1,5.0
M01492,MEM00572,1,4.63
M01492,MEM00572,1,4.51
M01492,MEM00572,1,3.84
M01492,EXT00271,0,4.46
M01492,EXT00271,0,3.78
M01492,EXT00271,0,4.32
M01492,EXT00271,0,3.65
M01492,EXT00271,0,5.0
M01492,EXT00271,0,3.26
M01492,EXT00271,0,4.94
M01493,MEM00283,1,4.22
M01493,MEM00283,1,3.91
M01493,MEM00283,1,4.3
M01493,MEM00283,1,4.64
M01493,MEM00283,1,5.0
M01493,MEM00283,1,4.39
M01493,MEM00283,1,3.67
M01493,MEM00562,1,4.23
M01493,MEM00562,1,5.0
M01493,MEM00562,1,5.0
M01493,MEM00562,1,4.75
M01493,MEM00562,1,4.68
M01493,MEM00562,1,4.62
M01493,MEM00562,1,4.9
M01494,MEM00702,1,0.0
M01494,MEM00702,1,0.0
M01494,MEM00702,1,0.0
M01494,MEM00702,1,0.0
M01494,MEM00702,1,0.0
M01494,MEM00702,1,0.0
M01494,MEM00702,1,0.0
M01494,MEM00584,1,0.0
M01494,MEM00584,1,0.0
M01494,MEM00584,1,0.0
M01494,MEM00584,1,0.0
M01494,MEM00584,1,0.0
M01494,MEM00584,1,0.0
M01494,MEM00584,1,0.0
M01495,MEM00051,1,3.93
M01495,MEM00051,1,3.39
M01495,MEM00051,1,4.24
M01495,MEM00051,1,3.71
M01495,MEM00051,1,3.57
M01495,MEM00051,1,3.77
M01495,MEM00051,1,5.0
M01495,MEM00317,1,4.28
M01495,MEM00317,1,4.42
M01495,MEM00317,1,3.47
M01495,MEM00317,1,3.09
M01495,MEM00317,1,3.71
M01495,MEM00317,1,5.0
M01495,MEM00317,1,4.4
M01495,MEM00114,1,4.56
M01495,MEM00114,1,4.64
M01495,MEM00114,1,3.85
M01495,MEM00114,1,5.0
M01495,MEM00114,1,3.82
M01495,MEM00114,1,5.0
M01495,MEM00114,1,4.47
M01495,MEM00708,1,3.13
M01495,MEM00708,1,3.75
M01495,MEM00708,1,3.13
M01495,MEM00708,1,4.9
M01495,MEM00708,1,4.19
M01495,MEM00708,1,2.86
M01495,MEM00708,1,4.43
M01496,MEM00768,1,3.88
M01496,MEM00768,1,3.31
M01496,MEM00768,1,5.0
M01496,MEM00768,1,4.26
M01496,MEM00768,1,4.02
M01496,MEM00768,1,3.96
M01496,MEM00768,1,3.29
M01496,MEM00492,1,3.42
M01496,MEM00492,1,4.97
M01496,MEM00492,1,3.92
M01496,MEM00492,1,4.21
M01496,MEM00492,1,2.97
M01496,MEM00492,1,3.41
M01496,MEM00492,1,4.57
M01496,MEM00544,1,4.43
M01496,MEM00544,1,5.0
M01496,MEM00544,1,5.0
M01496,MEM00544,1,4.06
M01496,MEM00544,1,4.48
M01496,MEM00544,1,4.01
M01496,MEM00544,1,5.0
M01496,MEM00210,1,4.89
M01496,MEM00210,1,4.3
M01496,MEM00210,1,4.32
M01496,MEM00210,1,5.0
M01496,MEM00210,1,4.55
M01496,MEM00210,1,5.0
M01496,MEM00210,1,2.88
M01497,MEM00757,1,4.48
M01497,MEM00757,1,3.89
M01497,MEM00757,1,5.0
M01497,MEM00757,1,5.0
M01497,MEM00757,1,4.22
M01497,MEM00757,1,5.0
M01497,MEM00757,1,5.0
M01497,MEM00210,1,4.24
M01497,MEM00210,1,5.0
M01497,MEM00210,1,4.18
M01497,MEM00210,1,4.07
M01497,MEM00210,1,4.72
M01497,MEM00210,1,3.99
M01497,MEM00210,1,4.25
M01497,MEM00618,1,5.0
M01497,MEM00618,1,4.21
M01497,MEM00618,1,3.18
M01497,MEM00618,1,4.42
M01497,MEM00618,1,3.78
M01497,MEM00618,1,4.72
M01497,MEM00618,1,4.62
M01497,MEM00228,1,5.0
M01497,MEM00228,1,4.74
M01497,MEM00228,1,4.85
M01497,MEM00228,1,3.8
M01497,MEM00228,1,4.68
M01497,MEM00228,1,5.0
M01497,MEM00228,1,3.79
M01498,MEM00307,1,0.0
M01498,MEM00307,1,0.0
M01498,MEM00307,1,0.0
M01498,MEM00307,1,0.0
M01498,MEM00307,1,0.0
M01498,MEM00307,1,0.0
M01498,MEM00307,1,0.0
M01499,MEM00007,1,5.0
M01499,MEM00007,1,3.87
M01499,MEM00007,1,3.69
M01499,MEM00007,1,4.38
M01499,MEM00007,1,4.63
M01499,MEM00007,1,4.75
M01499,MEM00007,1,3.62
M01499,MEM00126,1,4.46
M01499,MEM00126,1,3.79
M01499,MEM00126,1,3.31
M01499,MEM00126,1,3.64
M01499,MEM00126,1,3.75
M01499,MEM00126,1,4.51
M01499,MEM00126,1,4.89
M01500,MEM00424,1,3.32
M01500,MEM00424,1,4.41
M01500,MEM00424,1,3.49
M01500,MEM00424,1,4.58
M01500,MEM00424,1,3.83
M01500,MEM00424,1,3.57
M01500,MEM00424,1,4.68
M01500,MEM00775,1,3.85
M01500,MEM00775,1,4.01
M01500,MEM00775,1,2.87
M01500,MEM00775,1,4.77
M01500,MEM00775,1,4.69
M01500,MEM00775,1,4.2
M01500,MEM00775,1,3.28
M01501,MEM00285,1,0.0
M01501,MEM00285,1,0.0
M01501,MEM00285,1,0.0
M01501,MEM00285,1,0.0
M01501,MEM00285,1,0.0
M01501,MEM00285,1,0.0
M01501,MEM00285,1,0.0
M01502,EXT00136,0,0.0
M01502,EXT00136,0,0.0
M01502,EXT00136,0,0.0
M01502,EXT00136,0,0.0
M01502,EXT00136,0,0.0
M01502,EXT00136,0,0.0
M01502,EXT00136,0,0.0
M01503,MEM00411,1,4.93
M01503,MEM00411,1,3.8
M01503,MEM00411,1,3.93
M01503,MEM00411,1,5.0
M01503,MEM00411,1,3.78
M01503,MEM00411,1,4.65
M01503,MEM00411,1,4.54
M01503,MEM00267,1,4.43
M01503,MEM00267,1,4.37
M01503,MEM00267,1,4.43
M01503,MEM00267,1,4.36
M01503,MEM00267,1,4.17
M01503,MEM00267,1,5.0
M01503,MEM00267,1,3.41
M01504,EXT00172,0,0.0
M01504,EXT00172,0,0.0
M01504,EXT00172,0,0.0
M01504,EXT00172,0,0.0
M01504,EXT00172,0,0.0
M01504,EXT00172,0,0.0
M01504,EXT00172,0,0.0
M01505,MEM00396,1,4.81
M01505,MEM00396,1,4.69
M01505,MEM00396,1,4.62
M01505,MEM00396,1,4.87
M01505,MEM00396,1,4.14
M01505,MEM00396,1,3.08
M01505,MEM00396,1,4.16
M01505,MEM00702,1,3.61
M01505,MEM00702,1,3.76
M01505,MEM00702,1,3.45
M01505,MEM00702,1,3.91
M01505,MEM00702,1,3.84
M01505,MEM00702,1,2.77
M01505,MEM00702,1,4.62
M01506,MEM00784,1,5.0
M01506,MEM00784,1,4.56
M01506,MEM00784,1,4.08
M01506,MEM00784,1,4.17
M01506,MEM00784,1,3.95
M01506,MEM00784,1,4.25
M01506,MEM00784,1,4.18
M01506,MEM00398,1,3.7
M01506,MEM00398,1,5.0
M01506,MEM00398,1,3.31
M01506,MEM00398,1,4.63
M01506,MEM00398,1,4.14
M01506,MEM00398,1,5.0
M01506,MEM00398,1,4.4
M01506,MEM00126,1,3.98
M01506,MEM00126,1,4.05
M01506,MEM00126,1,4.22
M01506,MEM00126,1,3.51
M01506,MEM00126,1,3.74
M01506,MEM00126,1,3.13
M01506,MEM00126,1,3.65
M01506,EXT00093,0,4.26
M01506,EXT00093,0,4.38
M01506,EXT00093,0,3.01
M01506,EXT00093,0,4.12
M01506,EXT00093,0,4.54
M01506,EXT00093,0,4.1
M01506,EXT00093,0,3.82
M01507,MEM00073,1,3.95
M01507,MEM00073,1,3.88
M01507,MEM00073,1,3.82
M01507,MEM00073,1,4.3
M01507,MEM00073,1,5.0
M01507,MEM00073,1,3.75
M01507,MEM00073,1,4.01
M01507,MEM00523,1,4.17
M01507,MEM00523,1,3.79
M01507,MEM00523,1,4.86
M01507,MEM00523,1,2.78
M01507,MEM00523,1,3.88
M01507,MEM00523,1,4.69
M01507,MEM00523,1,4.02
M01508,MEM00474,1,0.0
M01508,MEM00474,1,0.0
M01508,MEM00474,1,0.0
M01508,MEM00474,1,0.0
M01508,MEM00474,1,0.0
M01508,MEM00474,1,0.0
M01508,MEM00474,1,0.0
M01510,MEM00324,1,0.0
M01510,MEM00324,1,0.0
M01510,MEM00324,1,0.0
M01510,MEM00324,1,0.0
M01510,MEM00324,1,0.0
M01510,MEM00324,1,0.0
M01510,MEM00324,1,0.0
M01510,MEM00624,1,0.0
M01510,MEM00624,1,0.0
M01510,MEM00624,1,0.0
M01510,MEM00624,1,0.0
M01510,MEM00624,1,0.0
M01510,MEM00624,1,0.0
M01510,MEM00624,1,0.0
M01510,MEM00327,1,0.0
M01510,MEM00327,1,0.0
M01510,MEM00327,1,0.0
M01510,MEM00327,1,0.0
M01510,MEM00327,1,0.0
M01510,MEM00327,1,0.0
M01510,MEM00327,1,0.0
M01510,EXT00080,0,0.0
M01510,EXT00080,0,0.0
M01510,EXT00080,0,0.0
M01510,EXT00080,0,0.0
M01510,EXT00080,0,0.0
M01510,EXT00080,0,0.0
M01510,EXT00080,0,0.0
M01511,MEM00504,1,3.71
M01511,MEM00504,1,4.46
M01511,MEM00504,1,4.74
M01511,MEM00504,1,4.33
M01511,MEM00504,1,3.72
M01511,MEM00504,1,4.47
M01511,MEM00504,1,3.96
M01511,MEM00652,1,4.65
M01511,MEM00652,1,5.0
M01511,MEM00652,1,2.64
M01511,MEM00652,1,4.27
M01511,MEM00652,1,3.16
M01511,MEM00652,1,5.0
M01511,MEM00652,1,3.92
M01512,MEM00324,1,4.65
M01512,MEM00324,1,4.18
M01512,MEM00324,1,3.72
M01512,MEM00324,1,3.65
M01512,MEM00324,1,5.0
M01512,MEM00324,1,4.77
M01512,MEM00324,1,5.0
M01512,MEM00365,1,4.23
M01512,MEM00365,1,4.37
M01512,MEM00365,1,4.04
M01512,MEM00365,1,4.03
M01512,MEM00365,1,3.57
M01512,MEM00365,1,4.25
M01512,MEM00365,1,3.73
M01513,MEM00210,1,0.0
M01513,MEM00210,1,0.0
M01513,MEM00210,1,0.0
M01513,MEM00210,1,0.0
M01513,MEM00210,1,0.0
M01513,MEM00210,1,0.0
M01513,MEM00210,1,0.0
M01513,MEM00606,1,0.0
M01513,MEM00606,1,0.0
M01513,MEM00606,1,0.0
M01513,MEM00606,1,0.0
M01513,MEM00606,1,0.0
M01513,MEM00606,1,0.0
M01513,MEM00606,1,0.0
M01515,MEM00403,1,4.47
M01515,MEM00403,1,4.3
M01515,MEM00403,1,4.37
M01515,MEM00403,1,5.0
M01515,MEM00403,1,4.18
M01515,MEM00403,1,4.65
M01515,MEM00403,1,5.0
M01515,EXT00120,0,4.98
M01515,EXT00120,0,4.89
M01515,EXT00120,0,4.02
M01515,EXT00120,0,4.34
M01515,EXT00120,0,3.41
M01515,EXT00120,0,4.5
M01515,EXT00120,0,4.36
M01515,EXT00400,0,4.21
M01515,EXT00400,0,4.82
M01515,EXT00400,0,3.48
M01515,EXT00400,0,5.0
M01515,EXT00400,0,4.74
M01515,EXT00400,0,4.16
M01515,EXT00400,0,4.11
M01515,EXT00237,0,4.49
M01515,EXT00237,0,5.0
M01515,EXT00237,0,4.26
M01515,EXT00237,0,4.29
M01515,EXT00237,0,4.21
M01515,EXT00237,0,5.0
M01515,EXT00237,0,3.98
M01516,MEM00342,1,0.0
M01516,MEM00342,1,0.0
M01516,MEM00342,1,0.0
M01516,MEM00342,1,0.0
M01516,MEM00342,1,0.0
M01516,MEM00342,1,0.0
M01516,MEM00342,1,0.0
M01516,MEM00740,1,0.0
M01516,MEM00740,1,0.0
M01516,MEM00740,1,0.0
M01516,MEM00740,1,0.0
M01516,MEM00740,1,0.0
M01516,MEM00740,1,0.0
M01516,MEM00740,1,0.0
M01517,MEM00267,1,0.0
M01517,MEM00267,1,0.0
M01517,MEM00267,1,0.0
M01517,MEM00267,1,0.0
M01517,MEM00267,1,0.0
M01517,MEM00267,1,0.0
M01517,MEM00267,1,0.0
M01518,MEM00059,1,0.0
M01518,MEM00059,1,0.0
M01518,MEM00059,1,0.0
M01518,MEM00059,1,0.0
M01518,MEM00059,1,0.0
M01518,MEM00059,1,0.0
M01518,MEM00059,1,0.0
M01519,MEM00324,1,4.18
M01519,MEM00324,1,5.0
M01519,MEM00324,1,4.29
M01519,MEM00324,1,4.88
M01519,MEM00324,1,3.65
M01519,MEM00324,1,4.08
M01519,MEM00324,1,5.0
M01519,MEM00180,1,3.79
M01519,MEM00180,1,4.11
M01519,MEM00180,1,4.35
M01519,MEM00180,1,3.61
M01519,MEM00180,1,3.95
M01519,MEM00180,1,4.27
M01519,MEM00180,1,4.23
M01519,MEM00191,1,4.97
M01519,MEM00191,1,5.0
M01519,MEM00191,1,3.69
M01519,MEM00191,1,4.27
M01519,MEM00191,1,4.6
M01519,MEM00191,1,5.0
M01519,MEM00191,1,4.63
M01519,MEM00001,1,4.37
M01519,MEM00001,1,4.6
M01519,MEM00001,1,4.6
M01519,MEM00001,1,3.64
M01519,MEM00001,1,4.32
M01519,MEM00001,1,5.0
M01519,MEM00001,1,4.08
M01520,MEM00670,1,4.28
M01520,MEM00670,1,4.05
M01520,MEM00670,1,2.81
M01520,MEM00670,1,4.21
M01520,MEM00670,1,4.38
M01520,MEM00670,1,3.89
M01520,MEM00670,1,3.51
M01520,MEM00738,1,3.67
M01520,MEM00738,1,4.66
M01520,MEM00738,1,5.0
M01520,MEM00738,1,5.0
M01520,MEM00738,1,3.39
M01520,MEM00738,1,4.71
M01520,MEM00738,1,3.8
M01521,MEM00598,1,3.85
M01521,MEM00598,1,3.92
M01521,MEM00598,1,4.62
M01521,MEM00598,1,4.78
M01521,MEM00598,1,4.14
M01521,MEM00598,1,4.15
M01521,MEM00598,1,4.48
M01521,MEM00157,1,4.54
M01521,MEM00157,1,4.91
M01521,MEM00157,1,3.43
M01521,MEM00157,1,4.21
M01521,MEM00157,1,3.56
M01521,MEM00157,1,4.17
M01521,MEM00157,1,4.06
M01522,MEM00754,1,0.0
M01522,MEM00754,1,0.0
M01522,MEM00754,1,0.0
M01522,MEM00754,1,0.0
M01522,MEM00754,1,0.0
M01522,MEM00754,1,0.0
M01522,MEM00754,1,0.0
M01522,MEM00069,1,0.0
M01522,MEM00069,1,0.0
M01522,MEM00069,1,0.0
M01522,MEM00069,1,0.0
M01522,MEM00069,1,0.0
M01522,MEM00069,1,0.0
M01522,MEM00069,1,0.0
M01522,MEM00114,1,0.0
M01522,MEM00114,1,0.0
M01522,MEM00114,1,0.0
M01522,MEM00114,1,0.0
M01522,MEM00114,1,0.0
M01522,MEM00114,1,0.0
M01522,MEM00114,1,0.0
M01522,MEM00584,1,0.0
M01522,MEM00584,1,0.0
M01522,MEM00584,1,0.0
M01522,MEM00584,1,0.0
M01522,MEM00584,1,0.0
M01522,MEM00584,1,0.0
M01522,MEM00584,1,0.0
M01523,EXT00168,0,0.0
M01523,EXT00168,0,0.0
M01523,EXT00168,0,0.0
M01523,EXT00168,0,0.0
M01523,EXT00168,0,0.0
M01523,EXT00168,0,0.0
M01523,EXT00168,0,0.0
M01524,MEM00288,1,4.17
M01524,MEM00288,1,3.72
M01524,MEM00288,1,3.31
M01524,MEM00288,1,2.94
M01524,MEM00288,1,4.12
M01524,MEM00288,1,3.94
M01524,MEM00288,1,3.79
M01524,MEM00401,1,4.99
M01524,MEM00401,1,3.68
M01524,MEM00401,1,5.0
M01524,MEM00401,1,5.0
M01524,MEM00401,1,3.03
M01524,MEM00401,1,4.26
M01524,MEM00401,1,3.96
M01524,MEM00114,1,2.45
M01524,MEM00114,1,3.33
M01524,MEM00114,1,4.66
M01524,MEM00114,1,5.0
M01524,MEM00114,1,4.74
M01524,MEM00114,1,4.39
M01524,MEM00114,1,4.19
M01524,MEM00270,1,5.0
M01524,MEM00270,1,5.0
M01524,MEM00270,1,3.85
M01524,MEM00270,1,3.0
M01524,MEM00270,1,2.94
M01524,MEM00270,1,4.99
M01524,MEM00270,1,4.17
M01525,MEM00481,1,0.0
M01525,MEM00481,1,0.0
M01525,MEM00481,1,0.0
M01525,MEM00481,1,0.0
M01525,MEM00481,1,0.0
M01525,MEM00481,1,0.0
M01525,MEM00481,1,0.0
M01527,MEM00580,1,0.0
M01527,MEM00580,1,0.0
M01527,MEM00580,1,0.0
M01527,MEM00580,1,0.0
M01527,MEM00580,1,0.0
M01527,MEM00580,1,0.0
M01527,MEM00580,1,0.0
M01528,MEM00204,1,4.31
M01528,MEM00204,1,3.13
M01528,MEM00204,1,3.75
M01528,MEM00204,1,4.02
M01528,MEM00204,1,4.32
M01528,MEM00204,1,3.96
M01528,MEM00204,1,3.58
M01528,MEM00035,1,3.73
M01528,MEM00035,1,4.92
M01528,MEM00035,1,4.35
M01528,MEM00035,1,4.57
M01528,MEM00035,1,3.66
M01528,MEM00035,1,2.43
M01528,MEM00035,1,3.89
M01528,MEM00110,1,3.68
M01528,MEM00110,1,4.41
M01528,MEM00110,1,5.0
M01528,MEM00110,1,4.62
M01528,MEM00110,1,5.0
M01528,MEM00110,1,4.54
M01528,MEM00110,1,3.82
M01528,MEM00796,1,4.41
M01528,MEM00796,1,5.0
M01528,MEM00796,1,5.0
M01528,MEM00796,1,3.85
M01528,MEM00796,1,4.35
M01528,MEM00796,1,3.34
M01528,MEM00796,1,4.69
M01529,MEM00057,1,0.0
M01529,MEM00057,1,0.0
M01529,MEM00057,1,0.0
M01529,MEM00057,1,0.0
M01529,MEM00057,1,0.0
M01529,MEM00057,1,0.0
M01529,MEM00057,1,0.0
M01530,MEM00169,1,0.0
M01530,MEM00169,1,0.0
M01530,MEM00169,1,0.0
M01530,MEM00169,1,0.0
M01530,MEM00169,1,0.0
M01530,MEM00169,1,0.0
M01530,MEM00169,1,0.0
M01532,MEM00306,1,5.0
M01532,MEM00306,1,4.22
M01532,MEM00306,1,3.8
M01532,MEM00306,1,4.42
M01532,MEM00306,1,4.45
M01532,MEM00306,1,4.25
M01532,MEM00306,1,4.31
M01532,MEM00041,1,4.1
M01532,MEM00041,1,4.8
M01532,MEM00041,1,4.64
M01532,MEM00041,1,3.61
M01532,MEM00041,1,3.59
M01532,MEM00041,1,4.05
M01532,MEM00041,1,4.64
M01533,MEM00352,1,0.0
M01533,MEM00352,1,0.0
M01533,MEM00352,1,0.0
M01533,MEM00352,1,0.0
M01533,MEM00352,1,0.0
M01533,MEM00352,1,0.0
M01533,MEM00352,1,0.0
M01533,MEM00260,1,0.0
M01533,MEM00260,1,0.0
M01533,MEM00260,1,0.0
M01533,MEM00260,1,0.0
M01533,MEM00260,1,0.0
M01533,MEM00260,1,0.0
M01533,MEM00260,1,0.0
M01533,MEM00637,1,0.0
M01533,MEM00637,1,0.0
M01533,MEM00637,1,0.0
M01533,MEM00637,1,0.0
M01533,MEM00637,1,0.0
M01533,MEM00637,1,0.0
M01533,MEM00637,1,0.0
M01534,MEM00541,1,0.0
M01534,MEM00541,1,0.0
M01534,MEM00541,1,0.0
M01534,MEM00541,1,0.0
M01534,MEM00541,1,0.0
M01534,MEM00541,1,0.0
M01534,MEM00541,1,0.0
M01535,MEM00398,1,0.0
M01535,MEM00398,1,0.0
M01535,MEM00398,1,0.0
M01535,MEM00398,1,0.0
M01535,MEM00398,1,0.0
M01535,MEM00398,1,0.0
M01535,MEM00398,1,0.0
M01536,MEM00620,1,4.29
M01536,MEM00620,1,3.81
M01536,MEM00620,1,4.36
M01536,MEM00620,1,4.0
M01536,MEM00620,1,4.73
M01536,MEM00620,1,4.4
M01536,MEM00620,1,4.01
M01536,MEM00007,1,4.34
M01536,MEM00007,1,4.99
M01536,MEM00007,1,3.86
M01536,MEM00007,1,4.44
M01536,MEM00007,1,4.16
M01536,MEM00007,1,4.46
M01536,MEM00007,1,3.81
M01536,MEM00684,1,4.27
M01536,MEM00684,1,4.86
M01536,MEM00684,1,3.64
M01536,MEM00684,1,3.4
M01536,MEM00684,1,3.43
M01536,MEM00684,1,3.5
M01536,MEM00684,1,4.56
M01536,MEM00689,1,3.36
M01536,MEM00689,1,4.02
M01536,MEM00689,1,4.57
M01536,MEM00689,1,4.45
M01536,MEM00689,1,3.97
M01536,MEM00689,1,4.31
M01536,MEM00689,1,4.26
M01537,MEM00369,1,4.07
M01537,MEM00369,1,4.07
M01537,MEM00369,1,5.0
M01537,MEM00369,1,4.69
M01537,MEM00369,1,5.0
M01537,MEM00369,1,3.9
M01537,MEM00369,1,4.15
M01537,MEM00788,1,3.4
M01537,MEM00788,1,3.71
M01537,MEM00788,1,5.0
M01537,MEM00788,1,3.89
M01537,MEM00788,1,5.0
M01537,MEM00788,1,3.45
M01537,MEM00788,1,3.57
M01537,MEM00379,1,4.0
M01537,MEM00379,1,4.16
M01537,MEM00379,1,4.75
M01537,MEM00379,1,4.47
M01537,MEM00379,1,3.95
M01537,MEM00379,1,4.12
M01537,MEM00379,1,4.01
M01537,EXT00396,0,3.65
M01537,EXT00396,0,3.67
M01537,EXT00396,0,4.82
M01537,EXT00396,0,3.1
M01537,EXT00396,0,5.0
M01537,EXT00396,0,3.99
M01537,EXT00396,0,3.74
M01538,MEM00606,1,0.0
M01538,MEM00606,1,0.0
M01538,MEM00606,1,0.0
M01538,MEM00606,1,0.0
M01538,MEM00606,1,0.0
M01538,MEM00606,1,0.0
M01538,MEM00606,1,0.0
M01539,MEM00210,1,0.0
M01539,MEM00210,1,0.0
M01539,MEM00210,1,0.0
M01539,MEM00210,1,0.0
M01539,MEM00210,1,0.0
M01539,MEM00210,1,0.0
M01539,MEM00210,1,0.0
M01539,MEM00421,1,0.0
M01539,MEM00421,1,0.0
M01539,MEM00421,1,0.0
M01539,MEM00421,1,0.0
M01539,MEM00421,1,0.0
M01539,MEM00421,1,0.0
M01539,MEM00421,1,0.0
M01540,MEM00792,1,0.0
M01540,MEM00792,1,0.0
M01540,MEM00792,1,0.0
M01540,MEM00792,1,0.0
M01540,MEM00792,1,0.0
M01540,MEM00792,1,0.0
M01540,MEM00792,1,0.0
M01541,MEM00680,1,4.64
M01541,MEM00680,1,5.0
M01541,MEM00680,1,4.87
M01541,MEM00680,1,4.5
M01541,MEM00680,1,4.85
M01541,MEM00680,1,3.17
M01541,MEM00680,1,3.89
M01541,MEM00097,1,3.65
M01541,MEM00097,1,4.93
M01541,MEM00097,1,3.97
M01541,MEM00097,1,4.71
M01541,MEM00097,1,4.52
M01541,MEM00097,1,3.68
M01541,MEM00097,1,3.85
M01541,MEM00569,1,4.98
M01541,MEM00569,1,3.73
M01541,MEM00569,1,4.27
M01541,MEM00569,1,3.73
M01541,MEM00569,1,4.01
M01541,MEM00569,1,4.17
M01541,MEM00569,1,3.73
M01541,MEM00267,1,3.62
M01541,MEM00267,1,4.37
M01541,MEM00267,1,3.69
M01541,MEM00267,1,3.71
M01541,MEM00267,1,3.64
M01541,MEM00267,1,4.15
M01541,MEM00267,1,4.77
M01543,MEM00005,1,0.0
M01543,MEM00005,1,0.0
M01543,MEM00005,1,0.0
M01543,MEM00005,1,0.0
M01543,MEM00005,1,0.0
M01543,MEM00005,1,0.0
M01543,MEM00005,1,0.0
M01543,EXT00158,0,0.0
M01543,EXT00158,0,0.0
M01543,EXT00158,0,0.0
M01543,EXT00158,0,0.0
M01543,EXT00158,0,0.0
M01543,EXT00158,0,0.0
M01543,EXT00158,0,0.0
M01544,MEM00207,1,0.0
M01544,MEM00207,1,0.0
M01544,MEM00207,1,0.0
M01544,MEM00207,1,0.0
M01544,MEM00207,1,0.0
M01544,MEM00207,1,0.0
M01544,MEM00207,1,0.0
M01545,MEM00257,1,0.0
M01545,MEM00257,1,0.0
M01545,MEM00257,1,0.0
M01545,MEM00257,1,0.0
M01545,MEM00257,1,0.0
M01545,MEM00257,1,0.0
M01545,MEM00257,1,0.0
M01545,MEM00652,1,0.0
M01545,MEM00652,1,0.0
M01545,MEM00652,1,0.0
M01545,MEM00652,1,0.0
M01545,MEM00652,1,0.0
M01545,MEM00652,1,0.0
M01545,MEM00652,1,0.0
M01546,MEM00655,1,0.0
M01546,MEM00655,1,0.0
M01546,MEM00655,1,0.0
M01546,MEM00655,1,0.0
M01546,MEM00655,1,0.0
M01546,MEM00655,1,0.0
M01546,MEM00655,1,0.0
M01547,MEM00001,1,5.0
M01547,MEM00001,1,3.76
M01547,MEM00001,1,5.0
M01547,MEM00001,1,3.6
M01547,MEM00001,1,4.85
M01547,MEM00001,1,3.77
M01547,MEM00001,1,3.68
M01547,MEM00235,1,3.75
M01547,MEM00235,1,4.17
M01547,MEM00235,1,4.55
M01547,MEM00235,1,4.6
M01547,MEM00235,1,3.63
M01547,MEM00235,1,3.61
M01547,MEM00235,1,3.65
M01547,EXT00091,0,4.13
M01547,EXT00091,0,4.07
M01547,EXT00091,0,3.63
M01547,EXT00091,0,4.36
M01547,EXT00091,0,5.0
M01547,EXT00091,0,3.9
M01547,EXT00091,0,3.94
M01547,EXT00088,0,4.54
M01547,EXT00088,0,3.86
M01547,EXT00088,0,4.6
M01547,EXT00088,0,3.77
M01547,EXT00088,0,5.0
M01547,EXT00088,0,4.41
M01547,EXT00088,0,3.83
M01548,MEM00071,1,0.0
M01548,MEM00071,1,0.0
M01548,MEM00071,1,0.0
M01548,MEM00071,1,0.0
M01548,MEM00071,1,0.0
M01548,MEM00071,1,0.0
M01548,MEM00071,1,0.0
M01549,MEM00168,1,3.85
M01549,MEM00168,1,3.89
M01549,MEM00168,1,5.0
M01549,MEM00168,1,3.44
M01549,MEM00168,1,3.8
M01549,MEM00168,1,3.86
M01549,MEM00168,1,4.19
M01549,MEM00221,1,4.04
M01549,MEM00221,1,3.31
M01549,MEM00221,1,3.96
M01549,MEM00221,1,4.14
M01549,MEM00221,1,3.82
M01549,MEM00221,1,4.61
M01549,MEM00221,1,4.75
M01549,MEM00434,1,4.15
M01549,MEM00434,1,4.34
M01549,MEM00434,1,2.9
M01549,MEM00434,1,3.95
M01549,MEM00434,1,4.8
M01549,MEM00434,1,3.95
M01549,MEM00434,1,3.76
M01549,EXT00163,0,5.0
M01549,EXT00163,0,5.0
M01549,EXT00163,0,4.48
M01549,EXT00163,0,4.88
M01549,EXT00163,0,2.86
M01549,EXT00163,0,3.73
M01549,EXT00163,0,3.92
M01550,EXT00145,0,0.0
M01550,EXT00145,0,0.0
M01550,EXT00145,0,0.0
M01550,EXT00145,0,0.0
M01550,EXT00145,0,0.0
M01550,EXT00145,0,0.0
M01550,EXT00145,0,0.0
M01551,MEM00699,1,0.0
M01551,MEM00699,1,0.0
M01551,MEM00699,1,0.0
M01551,MEM00699,1,0.0
M01551,MEM00699,1,0.0
M01551,MEM00699,1,0.0
M01551,MEM00699,1,0.0
M01552,MEM00727,1,0.0
M01552,MEM00727,1,0.0
M01552,MEM00727,1,0.0
M01552,MEM00727,1,0.0
M01552,MEM00727,1,0.0
M01552,MEM00727,1,0.0
M01552,MEM00727,1,0.0
M01553,MEM00253,1,4.06
M01553,MEM00253,1,3.91
M01553,MEM00253,1,2.67
M01553,MEM00253,1,4.43
M01553,MEM00253,1,4.53
M01553,MEM00253,1,5.0
M01553,MEM00253,1,3.73
M01553,MEM00107,1,3.68
M01553,MEM00107,1,2.59
M01553,MEM00107,1,4.02
M01553,MEM00107,1,4.74
M01553,MEM00107,1,3.83
M01553,MEM00107,1,5.0
M01553,MEM00107,1,4.05
M01553,MEM00763,1,4.29
M01553,MEM00763,1,3.38
M01553,MEM00763,1,4.37
M01553,MEM00763,1,3.01
M01553,MEM00763,1,4.62
M01553,MEM00763,1,4.63
M01553,MEM00763,1,5.0
M01553,MEM00388,1,3.59
M01553,MEM00388,1,4.3
M01553,MEM00388,1,4.54
M01553,MEM00388,1,4.47
M01553,MEM00388,1,3.68
M01553,MEM00388,1,2.76
M01553,MEM00388,1,4.41
M01554,MEM00227,1,0.0
M01554,MEM00227,1,0.0
M01554,MEM00227,1,0.0
M01554,MEM00227,1,0.0
M01554,MEM00227,1,0.0
M01554,MEM00227,1,0.0
M01554,MEM00227,1,0.0
M01554,MEM00065,1,0.0
M01554,MEM00065,1,0.0
M01554,MEM00065,1,0.0
M01554,MEM00065,1,0.0
M01554,MEM00065,1,0.0
M01554,MEM00065,1,0.0
M01554,MEM00065,1,0.0
M01554,EXT00110,0,0.0
M01554,EXT00110,0,0.0
M01554,EXT00110,0,0.0
M01554,EXT00110,0,0.0
M01554,EXT00110,0,0.0
M01554,EXT00110,0,0.0
M01554,EXT00110,0,0.0
M01555,MEM00152,1,4.11
M01555,MEM00152,1,3.86
M01555,MEM00152,1,4.66
M01555,MEM00152,1,4.17
M01555,MEM00152,1,3.41
M01555,MEM00152,1,3.04
M01555,MEM00152,1,3.52
M01555,MEM00623,1,5.0
M01555,MEM00623,1,4.63
M01555,MEM00623,1,4.31
M01555,MEM00623,1,4.09
M01555,MEM00623,1,4.05
M01555,MEM00623,1,4.9
M01555,MEM00623,1,3.91
M01555,MEM00249,1,4.55
M01555,MEM00249,1,3.99
M01555,MEM00249,1,5.0
M01555,MEM00249,1,4.65
M01555,MEM00249,1,4.95
M01555,MEM00249,1,3.85
M01555,MEM00249,1,4.83
M01555,MEM00116,1,4.01
M01555,MEM00116,1,4.27
M01555,MEM00116,1,5.0
M01555,MEM00116,1,3.57
M01555,MEM00116,1,4.32
M01555,MEM00116,1,4.46
M01555,MEM00116,1,4.51
M01556,MEM00119,1,3.93
M01556,MEM00119,1,5.0
M01556,MEM00119,1,3.42
M01556,MEM00119,1,5.0
M01556,MEM00119,1,4.93
M01556,MEM00119,1,5.0
M01556,MEM00119,1,3.25
M01556,MEM00493,1,3.68
M01556,MEM00493,1,5.0
M01556,MEM00493,1,3.07
M01556,MEM00493,1,3.24
M01556,MEM00493,1,3.91
M01556,MEM00493,1,4.32
M01556,MEM00493,1,5.0
M01556,MEM00072,1,4.09
M01556,MEM00072,1,3.84
M01556,MEM00072,1,4.39
M01556,MEM00072,1,4.48
M01556,MEM00072,1,4.46
M01556,MEM00072,1,4.09
M01556,MEM00072,1,3.03
M01556,EXT00362,0,3.65
M01556,EXT00362,0,5.0
M01556,EXT00362,0,4.31
M01556,EXT00362,0,4.01
M01556,EXT00362,0,4.87
M01556,EXT00362,0,3.52
M01556,EXT00362,0,4.06
M01557,MEM00170,1,0.0
M01557,MEM00170,1,0.0
M01557,MEM00170,1,0.0
M01557,MEM00170,1,0.0
M01557,MEM00170,1,0.0
M01557,MEM00170,1,0.0
M01557,MEM00170,1,0.0
M01558,MEM00654,1,0.0
M01558,MEM00654,1,0.0
M01558,MEM00654,1,0.0
M01558,MEM00654,1,0.0
M01558,MEM00654,1,0.0
M01558,MEM00654,1,0.0
M01558,MEM00654,1,0.0
M01559,MEM00424,1,4.28
M01559,MEM00424,1,3.94
M01559,MEM00424,1,4.26
M01559,MEM00424,1,4.09
M01559,MEM00424,1,3.36
M01559,MEM00424,1,4.31
M01559,MEM00424,1,3.4
M01559,MEM00210,1,4.3
M01559,MEM00210,1,5.0
M01559,MEM00210,1,4.03
M01559,MEM00210,1,3.5
M01559,MEM00210,1,4.12
M01559,MEM00210,1,3.7
M01559,MEM00210,1,4.56
M01559,MEM00076,1,4.11
M01559,MEM00076,1,5.0
M01559,MEM00076,1,4.9
M01559,MEM00076,1,4.11
M01559,MEM00076,1,4.63
M01559,MEM00076,1,3.96
M01559,MEM00076,1,4.22
M01559,MEM00763,1,3.98
M01559,MEM00763,1,4.66
M01559,MEM00763,1,5.0
M01559,MEM00763,1,4.68
M01559,MEM00763,1,4.75
M01559,MEM00763,1,4.75
M01559,MEM00763,1,4.53
M01560,MEM00679,1,3.52
M01560,MEM00679,1,5.0
M01560,MEM00679,1,5.0
M01560,MEM00679,1,4.06
M01560,MEM00679,1,3.98
M01560,MEM00679,1,4.57
M01560,MEM00679,1,4.53
M01560,MEM00157,1,4.08
M01560,MEM00157,1,3.45
M01560,MEM00157,1,4.38
M01560,MEM00157,1,4.53
M01560,MEM00157,1,4.64
M01560,MEM00157,1,4.41
M01560,MEM00157,1,4.04
M01560,MEM00681,1,4.8
M01560,MEM00681,1,4.24
M01560,MEM00681,1,3.92
M01560,MEM00681,1,4.09
M01560,MEM00681,1,3.15
M01560,MEM00681,1,4.09
M01560,MEM00681,1,4.61
M01560,EXT00009,0,4.4
M01560,EXT00009,0,5.0
M01560,EXT00009,0,4.04
M01560,EXT00009,0,4.49
M01560,EXT00009,0,4.68
M01560,EXT00009,0,5.0
M01560,EXT00009,0,4.29
M01561,MEM00400,1,0.0
M01561,MEM00400,1,0.0
M01561,MEM00400,1,0.0
M01561,MEM00400,1,0.0
M01561,MEM00400,1,0.0
M01561,MEM00400,1,0.0
M01561,MEM00400,1,0.0
M01562,MEM00756,1,3.57
M01562,MEM00756,1,4.71
M01562,MEM00756,1,5.0
M01562,MEM00756,1,4.01
M01562,MEM00756,1,4.7
M01562,MEM00756,1,4.94
M01562,MEM00756,1,4.81
M01562,MEM00615,1,4.28
M01562,MEM00615,1,3.78
M01562,MEM00615,1,4.15
M01562,MEM00615,1,4.48
M01562,MEM00615,1,4.74
M01562,MEM00615,1,4.4
M01562,MEM00615,1,3.97
M01562,EXT00362,0,4.53
M01562,EXT00362,0,4.72
M01562,EXT00362,0,4.43
M01562,EXT00362,0,3.7
M01562,EXT00362,0,4.09
M01562,EXT00362,0,4.77
M01562,EXT00362,0,3.37
M01562,EXT00326,0,2.94
M01562,EXT00326,0,5.0
M01562,EXT00326,0,4.51
M01562,EXT00326,0,4.56
M01562,EXT00326,0,3.55
M01562,EXT00326,0,4.64
M01562,EXT00326,0,4.37
M01563,MEM00710,1,0.0
M01563,MEM00710,1,0.0
M01563,MEM00710,1,0.0
M01563,MEM00710,1,0.0
M01563,MEM00710,1,0.0
M01563,MEM00710,1,0.0
M01563,MEM00710,1,0.0
M01564,MEM00178,1,3.25
M01564,MEM00178,1,5.0
M01564,MEM00178,1,4.3
M01564,MEM00178,1,3.96
M01564,MEM00178,1,3.97
M01564,MEM00178,1,2.99
M01564,MEM00178,1,4.56
M01564,MEM00219,1,4.36
M01564,MEM00219,1,4.08
M01564,MEM00219,1,4.97
M01564,MEM00219,1,3.37
M01564,MEM00219,1,3.84
M01564,MEM00219,1,3.69
M01564,MEM00219,1,4.03
M01565,EXT00109,0,0.0
M01565,EXT00109,0,0.0
M01565,EXT00109,0,0.0
M01565,EXT00109,0,0.0
M01565,EXT00109,0,0.0
M01565,EXT00109,0,0.0
M01565,EXT00109,0,0.0
M01565,EXT00145,0,0.0
M01565,EXT00145,0,0.0
M01565,EXT00145,0,0.0
M01565,EXT00145,0,0.0
M01565,EXT00145,0,0.0
M01565,EXT00145,0,0.0
M01565,EXT00145,0,0.0
M01566,MEM00307,1,0.0
M01566,MEM00307,1,0.0
M01566,MEM00307,1,0.0
M01566,MEM00307,1,0.0
M01566,MEM00307,1,0.0
M01566,MEM00307,1,0.0
M01566,MEM00307,1,0.0
M01567,MEM00424,1,4.24
M01567,MEM00424,1,4.46
M01567,MEM00424,1,3.99
M01567,MEM00424,1,3.67
M01567,MEM00424,1,5.0
M01567,MEM00424,1,5.0
M01567,MEM00424,1,4.29
M01567,MEM00148,1,3.75
M01567,MEM00148,1,5.0
M01567,MEM00148,1,3.33
M01567,MEM00148,1,4.0
M01567,MEM00148,1,3.78
M01567,MEM00148,1,3.5
M01567,MEM00148,1,4.03
M01568,MEM00557,1,3.68
M01568,MEM00557,1,4.21
M01568,MEM00557,1,4.22
M01568,MEM00557,1,3.83
M01568,MEM00557,1,3.98
M01568,MEM00557,1,4.06
M01568,MEM00557,1,4.69
M01568,MEM00157,1,4.11
M01568,MEM00157,1,4.69
M01568,MEM00157,1,4.55
M01568,MEM00157,1,4.54
M01568,MEM00157,1,5.0
M01568,MEM00157,1,3.53
M01568,MEM00157,1,3.92
M01569,EXT00114,0,0.0
M01569,EXT00114,0,0.0
M01569,EXT00114,0,0.0
M01569,EXT00114,0,0.0
M01569,EXT00114,0,0.0
M01569,EXT00114,0,0.0
M01569,EXT00114,0,0.0
M01570,MEM00632,1,5.0
M01570,MEM00632,1,4.05
M01570,MEM00632,1,2.51
M01570,MEM00632,1,4.08
M01570,MEM00632,1,4.28
M01570,MEM00632,1,2.63
M01570,MEM00632,1,5.0
M01570,MEM00395,1,3.77
M01570,MEM00395,1,4.4
M01570,MEM00395,1,4.06
M01570,MEM00395,1,3.43
M01570,MEM00395,1,3.56
M01570,MEM00395,1,3.64
M01570,MEM00395,1,4.85
M01572,MEM00142,1,4.11
M01572,MEM00142,1,3.89
M01572,MEM00142,1,3.64
M01572,MEM00142,1,4.92
M01572,MEM00142,1,5.0
M01572,MEM00142,1,4.91
M01572,MEM00142,1,4.5
M01572,MEM00595,1,4.37
M01572,MEM00595,1,3.47
M01572,MEM00595,1,4.05
M01572,MEM00595,1,3.79
M01572,MEM00595,1,3.1
M01572,MEM00595,1,4.83
M01572,MEM00595,1,3.78
M01572,MEM00502,1,4.92
M01572,MEM00502,1,4.73
M01572,MEM00502,1,4.53
M01572,MEM00502,1,4.57
M01572,MEM00502,1,3.83
M01572,MEM00502,1,5.0
M01572,MEM00502,1,4.23
M01572,EXT00218,0,4.38
M01572,EXT00218,0,3.81
M01572,EXT00218,0,3.64
M01572,EXT00218,0,4.49
M01572,EXT00218,0,4.33
M01572,EXT00218,0,3.73
M01572,EXT00218,0,3.34
M01573,MEM00087,1,0.0
M01573,MEM00087,1,0.0
M01573,MEM00087,1,0.0
M01573,MEM00087,1,0.0
M01573,MEM00087,1,0.0
M01573,MEM00087,1,0.0
M01573,MEM00087,1,0.0
M01574,MEM00293,1,0.0
M01574,MEM00293,1,0.0
M01574,MEM00293,1,0.0
M01574,MEM00293,1,0.0
M01574,MEM00293,1,0.0
M01574,MEM00293,1,0.0
M01574,MEM00293,1,0.0
M01574,MEM00323,1,0.0
M01574,MEM00323,1,0.0
M01574,MEM00323,1,0.0
M01574,MEM00323,1,0.0
M01574,MEM00323,1,0.0
M01574,MEM00323,1,0.0
M01574,MEM00323,1,0.0
M01575,MEM00211,1,0.0
M01575,MEM00211,1,0.0
M01575,MEM00211,1,0.0
M01575,MEM00211,1,0.0
M01575,MEM00211,1,0.0
M01575,MEM00211,1,0.0
M01575,MEM00211,1,0.0
M01575,MEM00041,1,0.0
M01575,MEM00041,1,0.0
M01575,MEM00041,1,0.0
M01575,MEM00041,1,0.0
M01575,MEM00041,1,0.0
M01575,MEM00041,1,0.0
M01575,MEM00041,1,0.0
M01576,MEM00763,1,0.0
M01576,MEM00763,1,0.0
M01576,MEM00763,1,0.0
M01576,MEM00763,1,0.0
M01576,MEM00763,1,0.0
M01576,MEM00763,1,0.0
M01576,MEM00763,1,0.0
M01577,MEM00763,1,0.0
M01577,MEM00763,1,0.0
M01577,MEM00763,1,0.0
M01577,MEM00763,1,0.0
M01577,MEM00763,1,0.0
M01577,MEM00763,1,0.0
M01577,MEM00763,1,0.0
M01578,MEM00271,1,3.44
M01578,MEM00271,1,4.92
M01578,MEM00271,1,3.83
M01578,MEM00271,1,4.0
M01578,MEM00271,1,5.0
M01578,MEM00271,1,3.53
M01578,MEM00271,1,3.76
M01578,MEM00048,1,3.74
M01578,MEM00048,1,5.0
M01578,MEM00048,1,5.0
M01578,MEM00048,1,4.65
M01578,MEM00048,1,4.67
M01578,MEM00048,1,3.85
M01578,MEM00048,1,5.0
M01578,EXT00072,0,4.36
M01578,EXT00072,0,4.71
M01578,EXT00072,0,4.14
M01578,EXT00072,0,4.04
M01578,EXT00072,0,5.0
M01578,EXT00072,0,4.52
M01578,EXT00072,0,5.0
M01578,EXT00154,0,4.35
M01578,EXT00154,0,3.69
M01578,EXT00154,0,3.85
M01578,EXT00154,0,4.26
M01578,EXT00154,0,3.82
M01578,EXT00154,0,3.54
M01578,EXT00154,0,4.92
M01580,MEM00763,1,3.87
M01580,MEM00763,1,4.28
M01580,MEM00763,1,4.38
M01580,MEM00763,1,3.85
M01580,MEM00763,1,5.0
M01580,MEM00763,1,3.53
M01580,MEM00763,1,4.36
M01580,MEM00127,1,4.35
M01580,MEM00127,1,4.17
M01580,MEM00127,1,3.42
M01580,MEM00127,1,4.72
M01580,MEM00127,1,4.65
M01580,MEM00127,1,3.79
M01580,MEM00127,1,4.62
M01580,EXT00310,0,4.42
M01580,EXT00310,0,3.43
M01580,EXT00310,0,3.69
M01580,EXT00310,0,4.88
M01580,EXT00310,0,4.39
M01580,EXT00310,0,3.86
M01580,EXT00310,0,3.68
M01580,EXT00048,0,3.89
M01580,EXT00048,0,3.93
M01580,EXT00048,0,3.69
M01580,EXT00048,0,3.15
M01580,EXT00048,0,4.88
M01580,EXT00048,0,4.78
M01580,EXT00048,0,3.44
M01581,MEM00783,1,0.0
M01581,MEM00783,1,0.0
M01581,MEM00783,1,0.0
M01581,MEM00783,1,0.0
M01581,MEM00783,1,0.0
M01581,MEM00783,1,0.0
M01581,MEM00783,1,0.0
M01581,EXT00149,0,0.0
M01581,EXT00149,0,0.0
M01581,EXT00149,0,0.0
M01581,EXT00149,0,0.0
M01581,EXT00149,0,0.0
M01581,EXT00149,0,0.0
M01581,EXT00149,0,0.0
M01581,EXT00314,0,0.0
M01581,EXT00314,0,0.0
M01581,EXT00314,0,0.0
M01581,EXT00314,0,0.0
M01581,EXT00314,0,0.0
M01581,EXT00314,0,0.0
M01581,EXT00314,0,0.0
M01582,MEM00262,1,4.28
M01582,MEM00262,1,3.66
M01582,MEM00262,1,4.04
M01582,MEM00262,1,3.99
M01582,MEM00262,1,3.94
M01582,MEM00262,1,5.0
M01582,MEM00262,1,3.94
M01582,MEM00489,1,3.72
M01582,MEM00489,1,3.74
M01582,MEM00489,1,4.83
M01582,MEM00489,1,3.21
M01582,MEM00489,1,3.74
M01582,MEM00489,1,5.0
M01582,MEM00489,1,4.35
M01583,MEM00174,1,4.32
M01583,MEM00174,1,5.0
M01583,MEM00174,1,4.35
M01583,MEM00174,1,3.78
M01583,MEM00174,1,4.03
M01583,MEM00174,1,3.52
M01583,MEM00174,1,4.95
M01583,MEM00136,1,4.54
M01583,MEM00136,1,4.87
M01583,MEM00136,1,4.93
M01583,MEM00136,1,3.95
M01583,MEM00136,1,3.63
M01583,MEM00136,1,4.17
M01583,MEM00136,1,3.68
M01584,MEM00756,1,0.0
M01584,MEM00756,1,0.0
M01584,MEM00756,1,0.0
M01584,MEM00756,1,0.0
M01584,MEM00756,1,0.0
M01584,MEM00756,1,0.0
M01584,MEM00756,1,0.0
M01585,MEM00739,1,4.3
M01585,MEM00739,1,4.88
M01585,MEM00739,1,4.1
M01585,MEM00739,1,4.29
M01585,MEM00739,1,4.14
M01585,MEM00739,1,4.68
M01585,MEM00739,1,3.8
M01585,MEM00710,1,2.88
M01585,MEM00710,1,4.48
M01585,MEM00710,1,4.79
M01585,MEM00710,1,4.47
M01585,MEM00710,1,3.82
M01585,MEM00710,1,3.52
M01585,MEM00710,1,4.5
M01586,MEM00489,1,0.0
M01586,MEM00489,1,0.0
M01586,MEM00489,1,0.0
M01586,MEM00489,1,0.0
M01586,MEM00489,1,0.0
M01586,MEM00489,1,0.0
M01586,MEM00489,1,0.0
M01587,MEM00254,1,4.28
M01587,MEM00254,1,4.12
M01587,MEM00254,1,5.0
M01587,MEM00254,1,3.63
M01587,MEM00254,1,5.0
M01587,MEM00254,1,4.22
M01587,MEM00254,1,3.1
M01587,MEM00642,1,4.09
M01587,MEM00642,1,4.78
M01587,MEM00642,1,3.98
M01587,MEM00642,1,3.32
M01587,MEM00642,1,4.1
M01587,MEM00642,1,3.69
M01587,MEM00642,1,4.5
M01587,MEM00071,1,4.66
M01587,MEM00071,1,3.57
M01587,MEM00071,1,3.78
M01587,MEM00071,1,4.65
M01587,MEM00071,1,3.68
M01587,MEM00071,1,3.55
M01587,MEM00071,1,3.49
M01587,EXT00116,0,4.41
M01587,EXT00116,0,4.39
M01587,EXT00116,0,3.79
M01587,EXT00116,0,4.2
M01587,EXT00116,0,5.0
M01587,EXT00116,0,3.62
M01587,EXT00116,0,3.03
M01588,MEM00495,1,0.0
M01588,MEM00495,1,0.0
M01588,MEM00495,1,0.0
M01588,MEM00495,1,0.0
M01588,MEM00495,1,0.0
M01588,MEM00495,1,0.0
M01588,MEM00495,1,0.0
M01589,MEM00274,1,0.0
M01589,MEM00274,1,0.0
M01589,MEM00274,1,0.0
M01589,MEM00274,1,0.0
M01589,MEM00274,1,0.0
M01589,MEM00274,1,0.0
M01589,MEM00274,1,0.0
M01591,MEM00136,1,0.0
M01591,MEM00136,1,0.0
M01591,MEM00136,1,0.0
M01591,MEM00136,1,0.0
M01591,MEM00136,1,0.0
M01591,MEM00136,1,0.0
M01591,MEM00136,1,0.0
M01592,MEM00651,1,4.47
M01592,MEM00651,1,4.13
M01592,MEM00651,1,3.77
M01592,MEM00651,1,4.59
M01592,MEM00651,1,4.7
M01592,MEM00651,1,2.88
M01592,MEM00651,1,3.81
M01592,MEM00475,1,5.0
M01592,MEM00475,1,4.55
M01592,MEM00475,1,4.61
M01592,MEM00475,1,4.9
M01592,MEM00475,1,4.21
M01592,MEM00475,1,4.68
M01592,MEM00475,1,4.63
M01593,MEM00297,1,4.52
M01593,MEM00297,1,4.01
M01593,MEM00297,1,4.3
M01593,MEM00297,1,3.85
M01593,MEM00297,1,4.21
M01593,MEM00297,1,3.5
M01593,MEM00297,1,3.73
M01593,EXT00090,0,4.03
M01593,EXT00090,0,3.63
M01593,EXT00090,0,3.9
M01593,EXT00090,0,4.1
M01593,EXT00090,0,4.44
M01593,EXT00090,0,4.77
M01593,EXT00090,0,3.92
M01593,EXT00080,0,5.0
M01593,EXT00080,0,4.76
M01593,EXT00080,0,4.5
M01593,EXT00080,0,4.29
M01593,EXT00080,0,4.39
M01593,EXT00080,0,4.91
M01593,EXT00080,0,4.93
M01593,EXT00055,0,5.0
M01593,EXT00055,0,4.22
M01593,EXT00055,0,4.53
M01593,EXT00055,0,5.0
M01593,EXT00055,0,3.83
M01593,EXT00055,0,4.01
M01593,EXT00055,0,4.21
M01594,MEM00477,1,4.74
M01594,MEM00477,1,4.75
M01594,MEM00477,1,4.06
M01594,MEM00477,1,3.29
M01594,MEM00477,1,4.35
M01594,MEM00477,1,3.65
M01594,MEM00477,1,3.31
M01594,MEM00501,1,3.44
M01594,MEM00501,1,4.4
M01594,MEM00501,1,5.0
M01594,MEM00501,1,4.22
M01594,MEM00501,1,4.33
M01594,MEM00501,1,4.91
M01594,MEM00501,1,3.27
M01594,MEM00230,1,4.51
M01594,MEM00230,1,4.19
M01594,MEM00230,1,4.54
M01594,MEM00230,1,3.91
M01594,MEM00230,1,3.71
M01594,MEM00230,1,4.28
M01594,MEM00230,1,5.0
M01594,MEM00562,1,4.72
M01594,MEM00562,1,3.9
M01594,MEM00562,1,3.4
M01594,MEM00562,1,3.19
M01594,MEM00562,1,4.99
M01594,MEM00562,1,3.63
M01594,MEM00562,1,4.0
M01595,MEM00655,1,0.0
M01595,MEM00655,1,0.0
M01595,MEM00655,1,0.0
M01595,MEM00655,1,0.0
M01595,MEM00655,1,0.0
M01595,MEM00655,1,0.0
M01595,MEM00655,1,0.0
M01595,MEM00283,1,0.0
M01595,MEM00283,1,0.0
M01595,MEM00283,1,0.0
M01595,MEM00283,1,0.0
M01595,MEM00283,1,0.0
M01595,MEM00283,1,0.0
M01595,MEM00283,1,0.0
M01596,MEM00180,1,4.99
M01596,MEM00180,1,3.23
M01596,MEM00180,1,5.0
M01596,MEM00180,1,4.05
M01596,MEM00180,1,3.51
M01596,MEM00180,1,4.05
M01596,MEM00180,1,3.77
M01596,EXT00188,0,4.46
M01596,EXT00188,0,3.81
M01596,EXT00188,0,3.05
M01596,EXT00188,0,4.07
M01596,EXT00188,0,3.39
M01596,EXT00188,0,4.32
M01596,EXT00188,0,3.49
M01597,MEM00635,1,0.0
M01597,MEM00635,1,0.0
M01597,MEM00635,1,0.0
M01597,MEM00635,1,0.0
M01597,MEM00635,1,0.0
M01597,MEM00635,1,0.0
M01597,MEM00635,1,0.0
M01598,MEM00262,1,3.91
M01598,MEM00262,1,4.31
M01598,MEM00262,1,4.07
M01598,MEM00262,1,4.35
M01598,MEM00262,1,4.61
M01598,MEM00262,1,3.51
M01598,MEM00262,1,4.16
M01598,MEM00109,1,2.2
M01598,MEM00109,1,4.35
M01598,MEM00109,1,4.02
M01598,MEM00109,1,3.61
M01598,MEM00109,1,4.39
M01598,MEM00109,1,4.9
M01598,MEM00109,1,3.91
M01598,MEM00165,1,3.63
M01598,MEM00165,1,4.3
M01598,MEM00165,1,3.4
M01598,MEM00165,1,3.8
M01598,MEM00165,1,4.93
M01598,MEM00165,1,4.24
M01598,MEM00165,1,3.07
M01598,MEM00708,1,3.12
M01598,MEM00708,1,4.3
M01598,MEM00708,1,4.72
M01598,MEM00708,1,3.23
M01598,MEM00708,1,4.47
M01598,MEM00708,1,5.0
M01598,MEM00708,1,5.0
M01600,MEM00549,1,4.4
M01600,MEM00549,1,4.5
M01600,MEM00549,1,2.92
M01600,MEM00549,1,5.0
M01600,MEM00549,1,3.85
M01600,MEM00549,1,3.64
M01600,MEM00549,1,4.05
M01600,EXT00013,0,5.0
M01600,EXT00013,0,5.0
M01600,EXT00013,0,4.28
M01600,EXT00013,0,4.8
M01600,EXT00013,0,4.23
M01600,EXT00013,0,3.58
M01600,EXT00013,0,5.0
M01601,MEM00555,1,0.0
M01601,MEM00555,1,0.0
M01601,MEM00555,1,0.0
M01601,MEM00555,1,0.0
M01601,MEM00555,1,0.0
M01601,MEM00555,1,0.0
M01601,MEM00555,1,0.0
M01601,MEM00060,1,0.0
M01601,MEM00060,1,0.0
M01601,MEM00060,1,0.0
M01601,MEM00060,1,0.0
M01601,MEM00060,1,0.0
M01601,MEM00060,1,0.0
M01601,MEM00060,1,0.0
M01601,MEM00244,1,0.0
M01601,MEM00244,1,0.0
M01601,MEM00244,1,0.0
M01601,MEM00244,1,0.0
M01601,MEM00244,1,0.0
M01601,MEM00244,1,0.0
M01601,MEM00244,1,0.0
M01602,MEM00210,1,3.83
M01602,MEM00210,1,5.0
M01602,MEM00210,1,4.98
M01602,MEM00210,1,4.57
M01602,MEM00210,1,5.0
M01602,MEM00210,1,5.0
M01602,MEM00210,1,4.09
M01602,MEM00479,1,3.71
M01602,MEM00479,1,3.08
M01602,MEM00479,1,5.0
M01602,MEM00479,1,3.94
M01602,MEM00479,1,4.88
M01602,MEM00479,1,3.76
M01602,MEM00479,1,5.0
M01603,MEM00300,1,3.78
M01603,MEM00300,1,3.48
M01603,MEM00300,1,4.07
M01603,MEM00300,1,3.88
M01603,MEM00300,1,4.56
M01603,MEM00300,1,4.17
M01603,MEM00300,1,4.58
M01603,MEM00136,1,4.03
M01603,MEM00136,1,3.8
M01603,MEM00136,1,3.85
M01603,MEM00136,1,5.0
M01603,MEM00136,1,4.34
M01603,MEM00136,1,3.01
M01603,MEM00136,1,3.89
M01603,MEM00079,1,4.26
M01603,MEM00079,1,5.0
M01603,MEM00079,1,4.82
M01603,MEM00079,1,3.65
M01603,MEM00079,1,5.0
M01603,MEM00079,1,4.18
M01603,MEM00079,1,4.95
M01603,EXT00110,0,3.51
M01603,EXT00110,0,2.76
M01603,EXT00110,0,3.35
M01603,EXT00110,0,2.25
M01603,EXT00110,0,5.0
M01603,EXT00110,0,4.33
M01603,EXT00110,0,3.65
M01604,MEM00088,1,0.0
M01604,MEM00088,1,0.0
M01604,MEM00088,1,0.0
M01604,MEM00088,1,0.0
M01604,MEM00088,1,0.0
M01604,MEM00088,1,0.0
M01604,MEM00088,1,0.0
M01604,MEM00735,1,0.0
M01604,MEM00735,1,0.0
M01604,MEM00735,1,0.0
M01604,MEM00735,1,0.0
M01604,MEM00735,1,0.0
M01604,MEM00735,1,0.0
M01604,MEM00735,1,0.0
M01604,EXT00003,0,0.0
M01604,EXT00003,0,0.0
M01604,EXT00003,0,0.0
M01604,EXT00003,0,0.0
M01604,EXT00003,0,0.0
M01604,EXT00003,0,0.0
M01604,EXT00003,0,0.0
M01605,MEM00379,1,4.47
M01605,MEM00379,1,4.31
M01605,MEM00379,1,4.57
M01605,MEM00379,1,4.93
M01605,MEM00379,1,4.03
M01605,MEM00379,1,3.67
M01605,MEM00379,1,4.7
M01605,EXT00366,0,4.68
M01605,EXT00366,0,4.26
M01605,EXT00366,0,5.0
M01605,EXT00366,0,3.94
M01605,EXT00366,0,3.66
M01605,EXT00366,0,4.45
M01605,EXT00366,0,3.8
M01605,EXT00050,0,4.5
M01605,EXT00050,0,3.7
M01605,EXT00050,0,3.96
M01605,EXT00050,0,5.0
M01605,EXT00050,0,3.96
M01605,EXT00050,0,3.72
M01605,EXT00050,0,4.9
M01605,EXT00114,0,3.57
M01605,EXT00114,0,3.78
M01605,EXT00114,0,4.55
M01605,EXT00114,0,4.76
M01605,EXT00114,0,4.93
M01605,EXT00114,0,3.75
M01605,EXT00114,0,4.56
M01606,MEM00597,1,3.92
M01606,MEM00597,1,3.84
M01606,MEM00597,1,4.92
M01606,MEM00597,1,3.87
M01606,MEM00597,1,4.37
M01606,MEM00597,1,4.29
M01606,MEM00597,1,3.56
M01606,MEM00180,1,4.78
M01606,MEM00180,1,4.54
M01606,MEM00180,1,3.01
M01606,MEM00180,1,4.37
M01606,MEM00180,1,3.74
M01606,MEM00180,1,4.86
M01606,MEM00180,1,3.33
M01606,MEM00150,1,3.99
M01606,MEM00150,1,4.42
M01606,MEM00150,1,4.23
M01606,MEM00150,1,4.66
M01606,MEM00150,1,3.29
M01606,MEM00150,1,5.0
M01606,MEM00150,1,4.52
M01606,MEM00770,1,5.0
M01606,MEM00770,1,4.72
M01606,MEM00770,1,4.19
M01606,MEM00770,1,3.43
M01606,MEM00770,1,3.86
M01606,MEM00770,1,5.0
M01606,MEM00770,1,5.0
M01607,MEM00425,1,0.0
M01607,MEM00425,1,0.0
M01607,MEM00425,1,0.0
M01607,MEM00425,1,0.0
M01607,MEM00425,1,0.0
M01607,MEM00425,1,0.0
M01607,MEM00425,1,0.0
M01608,MEM00708,1,0.0
M01608,MEM00708,1,0.0
M01608,MEM00708,1,0.0
M01608,MEM00708,1,0.0
M01608,MEM00708,1,0.0
M01608,MEM00708,1,0.0
M01608,MEM00708,1,0.0
M01609,MEM00429,1,3.83
M01609,MEM00429,1,2.51
M01609,MEM00429,1,4.07
M01609,MEM00429,1,4.03
M01609,MEM00429,1,4.05
M01609,MEM00429,1,4.52
M01609,MEM00429,1,4.73
M01609,EXT00213,0,4.79
M01609,EXT00213,0,4.47
M01609,EXT00213,0,3.12
M01609,EXT00213,0,4.0
M01609,EXT00213,0,5.0
M01609,EXT00213,0,4.42
M01609,EXT00213,0,4.42
M01611,EXT00080,0,0.0
M01611,EXT00080,0,0.0
M01611,EXT00080,0,0.0
M01611,EXT00080,0,0.0
M01611,EXT00080,0,0.0
M01611,EXT00080,0,0.0
M01611,EXT00080,0,0.0
M01612,MEM00155,1,4.42
M01612,MEM00155,1,4.45
M01612,MEM00155,1,2.77
M01612,MEM00155,1,4.06
M01612,MEM00155,1,4.18
M01612,MEM00155,1,4.97
M01612,MEM00155,1,4.23
M01612,MEM00285,1,3.21
M01612,MEM00285,1,4.46
M01612,MEM00285,1,3.72
M01612,MEM00285,1,3.47
M01612,MEM00285,1,3.7
M01612,MEM00285,1,4.53
M01612,MEM00285,1,4.96
M01612,MEM00739,1,4.49
M01612,MEM00739,1,4.58
M01612,MEM00739,1,4.48
M01612,MEM00739,1,4.26
M01612,MEM00739,1,4.62
M01612,MEM00739,1,2.75
M01612,MEM00739,1,4.27
M01612,MEM00253,1,3.57
M01612,MEM00253,1,4.9
M01612,MEM00253,1,4.11
M01612,MEM00253,1,4.22
M01612,MEM00253,1,3.3
M01612,MEM00253,1,4.81
M01612,MEM00253,1,4.58
M01613,MEM00258,1,4.53
M01613,MEM00258,1,3.71
M01613,MEM00258,1,3.74
M01613,MEM00258,1,4.33
M01613,MEM00258,1,3.78
M01613,MEM00258,1,4.46
M01613,MEM00258,1,2.9
M01613,MEM00610,1,3.91
M01613,MEM00610,1,5.0
M01613,MEM00610,1,4.46
M01613,MEM00610,1,4.3
M01613,MEM00610,1,5.0
M01613,MEM00610,1,2.8
M01613,MEM00610,1,3.71
M01613,EXT00372,0,3.96
M01613,EXT00372,0,4.72
M01613,EXT00372,0,4.73
M01613,EXT00372,0,3.68
M01613,EXT00372,0,4.8
M01613,EXT00372,0,3.96
M01613,EXT00372,0,4.93
M01613,EXT00301,0,3.58
M01613,EXT00301,0,4.13
M01613,EXT00301,0,3.91
M01613,EXT00301,0,4.83
M01613,EXT00301,0,3.89
M01613,EXT00301,0,4.17
M01613,EXT00301,0,4.5
M01615,MEM00210,1,4.53
M01615,MEM00210,1,4.73
M01615,MEM00210,1,4.33
M01615,MEM00210,1,3.95
M01615,MEM00210,1,3.99
M01615,MEM00210,1,4.22
M01615,MEM00210,1,4.35
M01615,MEM00706,1,4.11
M01615,MEM00706,1,4.21
M01615,MEM00706,1,3.29
M01615,MEM00706,1,4.6
M01615,MEM00706,1,4.31
M01615,MEM00706,1,4.8
M01615,MEM00706,1,4.2
M01615,MEM00054,1,3.16
M01615,MEM00054,1,3.98
M01615,MEM00054,1,4.08
M01615,MEM00054,1,4.65
M01615,MEM00054,1,2.96
M01615,MEM00054,1,4.22
M01615,MEM00054,1,4.51
M01615,MEM00475,1,3.8
M01615,MEM00475,1,4.24
M01615,MEM00475,1,3.82
M01615,MEM00475,1,3.76
M01615,MEM00475,1,3.95
M01615,MEM00475,1,3.77
M01615,MEM00475,1,4.61
M01616,EXT00187,0,0.0
M01616,EXT00187,0,0.0
M01616,EXT00187,0,0.0
M01616,EXT00187,0,0.0
M01616,EXT00187,0,0.0
M01616,EXT00187,0,0.0
M01616,EXT00187,0,0.0
M01617,MEM00201,1,0.0
M01617,MEM00201,1,0.0
M01617,MEM00201,1,0.0
M01617,MEM00201,1,0.0
M01617,MEM00201,1,0.0
M01617,MEM00201,1,0.0
M01617,MEM00201,1,0.0
M01618,EXT00303,0,0.0
M01618,EXT00303,0,0.0
M01618,EXT00303,0,0.0
M01618,EXT00303,0,0.0
M01618,EXT00303,0,0.0
M01618,EXT00303,0,0.0
M01618,EXT00303,0,0.0
M01620,MEM00328,1,0.0
M01620,MEM00328,1,0.0
M01620,MEM00328,1,0.0
M01620,MEM00328,1,0.0
M01620,MEM00328,1,0.0
M01620,MEM00328,1,0.0
M01620,MEM00328,1,0.0
M01620,MEM00739,1,0.0
M01620,MEM00739,1,0.0
M01620,MEM00739,1,0.0
M01620,MEM00739,1,0.0
M01620,MEM00739,1,0.0
M01620,MEM00739,1,0.0
M01620,MEM00739,1,0.0
M01621,MEM00261,1,0.0
M01621,MEM00261,1,0.0
M01621,MEM00261,1,0.0
M01621,MEM00261,1,0.0
M01621,MEM00261,1,0.0
M01621,MEM00261,1,0.0
M01621,MEM00261,1,0.0
M01622,MEM00768,1,3.76
M01622,MEM00768,1,3.66
M01622,MEM00768,1,5.0
M01622,MEM00768,1,4.78
M01622,MEM00768,1,3.08
M01622,MEM00768,1,3.74
M01622,MEM00768,1,4.35
M01622,MEM00353,1,4.39
M01622,MEM00353,1,3.31
M01622,MEM00353,1,4.9
M01622,MEM00353,1,4.7
M01622,MEM00353,1,4.49
M01622,MEM00353,1,5.0
M01622,MEM00353,1,4.47
M01622,MEM00271,1,4.47
M01622,MEM00271,1,5.0
M01622,MEM00271,1,4.86
M01622,MEM00271,1,3.7
M01622,MEM00271,1,4.58
M01622,MEM00271,1,3.8
M01622,MEM00271,1,4.5
M01622,MEM00387,1,4.49
M01622,MEM00387,1,3.37
M01622,MEM00387,1,4.13
M01622,MEM00387,1,4.36
M01622,MEM00387,1,3.94
M01622,MEM00387,1,4.39
M01622,MEM00387,1,4.68
M01623,MEM00446,1,0.0
M01623,MEM00446,1,0.0
M01623,MEM00446,1,0.0
M01623,MEM00446,1,0.0
M01623,MEM00446,1,0.0
M01623,MEM00446,1,0.0
M01623,MEM00446,1,0.0
M01623,MEM00733,1,0.0
M01623,MEM00733,1,0.0
M01623,MEM00733,1,0.0
M01623,MEM00733,1,0.0
M01623,MEM00733,1,0.0
M01623,MEM00733,1,0.0
M01623,MEM00733,1,0.0
M01624,MEM00611,1,0.0
M01624,MEM00611,1,0.0
M01624,MEM00611,1,0.0
M01624,MEM00611,1,0.0
M01624,MEM00611,1,0.0
M01624,MEM00611,1,0.0
M01624,MEM00611,1,0.0
M01625,MEM00339,1,4.18
M01625,MEM00339,1,4.33
M01625,MEM00339,1,5.0
M01625,MEM00339,1,4.48
M01625,MEM00339,1,4.32
M01625,MEM00339,1,3.63
M01625,MEM00339,1,4.6
M01625,MEM00649,1,4.4
M01625,MEM00649,1,4.97
M01625,MEM00649,1,4.23
M01625,MEM00649,1,3.11
M01625,MEM00649,1,3.18
M01625,MEM00649,1,4.64
M01625,MEM00649,1,3.86
M01625,MEM00260,1,4.46
M01625,MEM00260,1,4.27
M01625,MEM00260,1,4.1
M01625,MEM00260,1,4.14
M01625,MEM00260,1,3.68
M01625,MEM00260,1,4.19
M01625,MEM00260,1,3.85
M01625,EXT00337,0,3.98
M01625,EXT00337,0,4.01
M01625,EXT00337,0,4.06
M01625,EXT00337,0,4.75
M01625,EXT00337,0,4.12
M01625,EXT00337,0,4.81
M01625,EXT00337,0,5.0
M01626,MEM00283,1,0.0
M01626,MEM00283,1,0.0
M01626,MEM00283,1,0.0
M01626,MEM00283,1,0.0
M01626,MEM00283,1,0.0
M01626,MEM00283,1,0.0
M01626,MEM00283,1,0.0
M01627,MEM00757,1,4.71
M01627,MEM00757,1,4.52
M01627,MEM00757,1,4.4
M01627,MEM00757,1,4.72
M01627,MEM00757,1,4.25
M01627,MEM00757,1,4.79
M01627,MEM00757,1,4.57
M01627,MEM00597,1,3.98
M01627,MEM00597,1,4.74
M01627,MEM00597,1,4.25
M01627,MEM00597,1,4.14
M01627,MEM00597,1,3.91
M01627,MEM00597,1,4.3
M01627,MEM00597,1,4.8
M01627,MEM00485,1,4.73
M01627,MEM00485,1,4.41
M01627,MEM00485,1,4.56
M01627,MEM00485,1,4.96
M01627,MEM00485,1,4.11
M01627,MEM00485,1,3.53
M01627,MEM00485,1,4.98
M01627,MEM00630,1,3.88
M01627,MEM00630,1,3.79
M01627,MEM00630,1,3.12
M01627,MEM00630,1,4.54
M01627,MEM00630,1,3.23
M01627,MEM00630,1,3.75
M01627,MEM00630,1,4.55
M01628,MEM00308,1,4.63
M01628,MEM00308,1,3.81
M01628,MEM00308,1,4.12
M01628,MEM00308,1,3.68
M01628,MEM00308,1,3.87
M01628,MEM00308,1,4.36
M01628,MEM00308,1,3.9
M01628,MEM00671,1,4.05
M01628,MEM00671,1,3.32
M01628,MEM00671,1,4.88
M01628,MEM00671,1,4.51
M01628,MEM00671,1,4.68
M01628,MEM00671,1,4.97
M01628,MEM00671,1,3.7
M01628,MEM00642,1,3.98
M01628,MEM00642,1,3.06
M01628,MEM00642,1,5.0
M01628,MEM00642,1,4.11
M01628,MEM00642,1,4.82
M01628,MEM00642,1,3.46
M01628,MEM00642,1,4.8
M01628,EXT00023,0,5.0
M01628,EXT00023,0,4.16
M01628,EXT00023,0,3.59
M01628,EXT00023,0,4.12
M01628,EXT00023,0,2.86
M01628,EXT00023,0,4.18
M01628,EXT00023,0,4.69
M01629,MEM00313,1,0.0
M01629,MEM00313,1,0.0
M01629,MEM00313,1,0.0
M01629,MEM00313,1,0.0
M01629,MEM00313,1,0.0
M01629,MEM00313,1,0.0
M01629,MEM00313,1,0.0
M01631,MEM00539,1,0.0
M01631,MEM00539,1,0.0
M01631,MEM00539,1,0.0
M01631,MEM00539,1,0.0
M01631,MEM00539,1,0.0
M01631,MEM00539,1,0.0
M01631,MEM00539,1,0.0
M01631,EXT00180,0,0.0
M01631,EXT00180,0,0.0
M01631,EXT00180,0,0.0
M01631,EXT00180,0,0.0
M01631,EXT00180,0,0.0
M01631,EXT00180,0,0.0
M01631,EXT00180,0,0.0
M01632,MEM00276,1,4.18
M01632,MEM00276,1,4.03
M01632,MEM00276,1,4.52
M01632,MEM00276,1,4.56
M01632,MEM00276,1,3.2
M01632,MEM00276,1,4.25
M01632,MEM00276,1,5.0
M01632,MEM00604,1,3.4
M01632,MEM00604,1,4.15
M01632,MEM00604,1,5.0
M01632,MEM00604,1,4.86
M01632,MEM00604,1,3.89
M01632,MEM00604,1,4.32
M01632,MEM00604,1,4.2
M01633,MEM00493,1,0.0
M01633,MEM00493,1,0.0
M01633,MEM00493,1,0.0
M01633,MEM00493,1,0.0
M01633,MEM00493,1,0.0
M01633,MEM00493,1,0.0
M01633,MEM00493,1,0.0
M01634,MEM00168,1,3.75
M01634,MEM00168,1,4.16
M01634,MEM00168,1,4.03
M01634,MEM00168,1,4.27
M01634,MEM00168,1,3.75
M01634,MEM00168,1,3.43
M01634,MEM00168,1,4.18
M01634,MEM00180,1,5.0
M01634,MEM00180,1,4.25
M01634,MEM00180,1,4.0
M01634,MEM00180,1,4.65
M01634,MEM00180,1,4.11
M01634,MEM00180,1,5.0
M01634,MEM00180,1,4.2
M01634,MEM00424,1,4.62
M01634,MEM00424,1,3.75
M01634,MEM00424,1,4.5
M01634,MEM00424,1,4.37
M01634,MEM00424,1,4.17
M01634,MEM00424,1,3.9
M01634,MEM00424,1,3.82
M01634,MEM00604,1,4.37
M01634,MEM00604,1,4.58
M01634,MEM00604,1,4.12
M01634,MEM00604,1,4.37
M01634,MEM00604,1,4.18
M01634,MEM00604,1,4.26
M01634,MEM00604,1,4.08
M01635,MEM00379,1,4.21
M01635,MEM00379,1,5.0
M01635,MEM00379,1,4.39
M01635,MEM00379,1,4.59
M01635,MEM00379,1,4.46
M01635,MEM00379,1,4.04
M01635,MEM00379,1,4.98
M01635,MEM00221,1,4.03
M01635,MEM00221,1,4.83
M01635,MEM00221,1,4.0
M01635,MEM00221,1,3.62
M01635,MEM00221,1,4.42
M01635,MEM00221,1,3.54
M01635,MEM00221,1,4.52
M01635,MEM00186,1,3.48
M01635,MEM00186,1,4.01
M01635,MEM00186,1,3.34
M01635,MEM00186,1,5.0
M01635,MEM00186,1,3.21
M01635,MEM00186,1,4.21
M01635,MEM00186,1,4.89
M01635,MEM00604,1,4.82
M01635,MEM00604,1,4.71
M01635,MEM00604,1,4.01
M01635,MEM00604,1,5.0
M01635,MEM00604,1,4.75
M01635,MEM00604,1,4.33
M01635,MEM00604,1,4.34
M01636,MEM00575,1,0.0
M01636,MEM00575,1,0.0
M01636,MEM00575,1,0.0
M01636,MEM00575,1,0.0
M01636,MEM00575,1,0.0
M01636,MEM00575,1,0.0
M01636,MEM00575,1,0.0
M01636,MEM00770,1,0.0
M01636,MEM00770,1,0.0
M01636,MEM00770,1,0.0
M01636,MEM00770,1,0.0
M01636,MEM00770,1,0.0
M01636,MEM00770,1,0.0
M01636,MEM00770,1,0.0
M01637,MEM00331,1,0.0
M01637,MEM00331,1,0.0
M01637,MEM00331,1,0.0
M01637,MEM00331,1,0.0
M01637,MEM00331,1,0.0
M01637,MEM00331,1,0.0
M01637,MEM00331,1,0.0
M01637,MEM00765,1,0.0
M01637,MEM00765,1,0.0
M01637,MEM00765,1,0.0
M01637,MEM00765,1,0.0
M01637,MEM00765,1,0.0
M01637,MEM00765,1,0.0
M01637,MEM00765,1,0.0
M01638,MEM00375,1,4.02
M01638,MEM00375,1,3.65
M01638,MEM00375,1,4.94
M01638,MEM00375,1,4.99
M01638,MEM00375,1,3.67
M01638,MEM00375,1,4.11
M01638,MEM00375,1,4.11
M01638,EXT00358,0,4.18
M01638,EXT00358,0,4.24
M01638,EXT00358,0,4.77
M01638,EXT00358,0,3.75
M01638,EXT00358,0,3.69
M01638,EXT00358,0,4.94
M01638,EXT00358,0,3.92
M01639,MEM00416,1,0.0
M01639,MEM00416,1,0.0
M01639,MEM00416,1,0.0
M01639,MEM00416,1,0.0
M01639,MEM00416,1,0.0
M01639,MEM00416,1,0.0
M01639,MEM00416,1,0.0
M01640,MEM00571,1,3.44
M01640,MEM00571,1,3.91
M01640,MEM00571,1,4.0
M01640,MEM00571,1,5.0
M01640,MEM00571,1,4.75
M01640,MEM00571,1,4.89
M01640,MEM00571,1,4.69
M01640,MEM00210,1,4.77
M01640,MEM00210,1,3.79
M01640,MEM00210,1,4.08
M01640,MEM00210,1,3.61
M01640,MEM00210,1,4.07
M01640,MEM00210,1,4.61
M01640,MEM00210,1,4.28
M01641,MEM00180,1,4.99
M01641,MEM00180,1,3.52
M01641,MEM00180,1,4.5
M01641,MEM00180,1,3.45
M01641,MEM00180,1,4.26
M01641,MEM00180,1,4.64
M01641,MEM00180,1,4.07
M01641,MEM00355,1,4.53
M01641,MEM00355,1,3.62
M01641,MEM00355,1,3.2
M01641,MEM00355,1,4.53
M01641,MEM00355,1,5.0
M01641,MEM00355,1,3.6
M01641,MEM00355,1,4.93
M01641,MEM00117,1,4.23
M01641,MEM00117,1,3.4
M01641,MEM00117,1,3.52
M01641,MEM00117,1,4.21
M01641,MEM00117,1,3.96
M01641,MEM00117,1,3.41
M01641,MEM00117,1,3.18
M01641,MEM00001,1,3.69
M01641,MEM00001,1,4.32
M01641,MEM00001,1,4.2
M01641,MEM00001,1,3.9
M01641,MEM00001,1,4.32
M01641,MEM00001,1,4.82
M01641,MEM00001,1,4.44
M01643,MEM00210,1,4.13
M01643,MEM00210,1,4.76
M01643,MEM00210,1,3.62
M01643,MEM00210,1,4.07
M01643,MEM00210,1,4.08
M01643,MEM00210,1,3.46
M01643,MEM00210,1,3.95
M01643,MEM00778,1,2.96
M01643,MEM00778,1,5.0
M01643,MEM00778,1,3.64
M01643,MEM00778,1,5.0
M01643,MEM00778,1,4.22
M01643,MEM00778,1,4.54
M01643,MEM00778,1,3.91
M01643,MEM00524,1,4.32
M01643,MEM00524,1,4.59
M01643,MEM00524,1,4.6
M01643,MEM00524,1,4.66
M01643,MEM00524,1,3.98
M01643,MEM00524,1,3.91
M01643,MEM00524,1,3.24
M01643,MEM00041,1,4.51
M01643,MEM00041,1,4.85
M01643,MEM00041,1,5.0
M01643,MEM00041,1,4.38
M01643,MEM00041,1,3.74
M01643,MEM00041,1,3.18
M01643,MEM00041,1,4.83
M01645,MEM00668,1,0.0
M01645,MEM00668,1,0.0
M01645,MEM00668,1,0.0
M01645,MEM00668,1,0.0
M01645,MEM00668,1,0.0
M01645,MEM00668,1,0.0
M01645,MEM00668,1,0.0
M01646,MEM00584,1,3.12
M01646,MEM00584,1,4.0
M01646,MEM00584,1,4.07
M01646,MEM00584,1,4.16
M01646,MEM00584,1,4.22
M01646,MEM00584,1,4.28
M01646,MEM00584,1,2.75
M01646,MEM00428,1,4.21
M01646,MEM00428,1,2.86
M01646,MEM00428,1,4.64
M01646,MEM00428,1,3.87
M01646,MEM00428,1,2.91
M01646,MEM00428,1,3.71
M01646,MEM00428,1,3.86
M01646,MEM00141,1,4.91
M01646,MEM00141,1,4.32
M01646,MEM00141,1,4.41
M01646,MEM00141,1,4.91
M01646,MEM00141,1,4.14
M01646,MEM00141,1,4.65
M01646,MEM00141,1,4.61
M01646,EXT00240,0,3.43
M01646,EXT00240,0,5.0
M01646,EXT00240,0,3.35
M01646,EXT00240,0,4.75
M01646,EXT00240,0,3.29
M01646,EXT00240,0,4.56
M01646,EXT00240,0,5.0
M01647,MEM00585,1,0.0
M01647,MEM00585,1,0.0
M01647,MEM00585,1,0.0
M01647,MEM00585,1,0.0
M01647,MEM00585,1,0.0
M01647,MEM00585,1,0.0
M01647,MEM00585,1,0.0
M01648,MEM00615,1,0.0
M01648,MEM00615,1,0.0
M01648,MEM00615,1,0.0
M01648,MEM00615,1,0.0
M01648,MEM00615,1,0.0
M01648,MEM00615,1,0.0
M01648,MEM00615,1,0.0
M01649,MEM00775,1,4.07
M01649,MEM00775,1,4.05
M01649,MEM00775,1,4.57
M01649,MEM00775,1,4.0
M01649,MEM00775,1,5.0
M01649,MEM00775,1,4.32
M01649,MEM00775,1,4.01
M01649,EXT00226,0,3.88
M01649,EXT00226,0,3.64
M01649,EXT00226,0,3.82
M01649,EXT00226,0,3.99
M01649,EXT00226,0,3.91
M01649,EXT00226,0,3.81
M01649,EXT00226,0,5.0
M01650,MEM00260,1,3.58
M01650,MEM00260,1,4.29
M01650,MEM00260,1,4.56
M01650,MEM00260,1,4.58
M01650,MEM00260,1,4.16
M01650,MEM00260,1,4.06
M01650,MEM00260,1,4.47
M01650,EXT00027,0,4.36
M01650,EXT00027,0,4.04
M01650,EXT00027,0,3.26
M01650,EXT00027,0,3.92
M01650,EXT00027,0,3.51
M01650,EXT00027,0,3.8
M01650,EXT00027,0,4.22
M01650,EXT00358,0,4.42
M01650,EXT00358,0,5.0
M01650,EXT00358,0,3.88
M01650,EXT00358,0,4.66
M01650,EXT00358,0,4.38
M01650,EXT00358,0,4.98
M01650,EXT00358,0,4.55
M01650,EXT00258,0,3.59
M01650,EXT00258,0,3.17
M01650,EXT00258,0,4.39
M01650,EXT00258,0,3.88
M01650,EXT00258,0,3.61
M01650,EXT00258,0,3.44
M01650,EXT00258,0,4.3
M01651,MEM00253,1,0.0
M01651,MEM00253,1,0.0
M01651,MEM00253,1,0.0
M01651,MEM00253,1,0.0
M01651,MEM00253,1,0.0
M01651,MEM00253,1,0.0
M01651,MEM00253,1,0.0
M01651,MEM00651,1,0.0
M01651,MEM00651,1,0.0
M01651,MEM00651,1,0.0
M01651,MEM00651,1,0.0
M01651,MEM00651,1,0.0
M01651,MEM00651,1,0.0
M01651,MEM00651,1,0.0
M01651,MEM00114,1,0.0
M01651,MEM00114,1,0.0
M01651,MEM00114,1,0.0
M01651,MEM00114,1,0.0
M01651,MEM00114,1,0.0
M01651,MEM00114,1,0.0
M01651,MEM00114,1,0.0
M01651,EXT00239,0,0.0
M01651,EXT00239,0,0.0
M01651,EXT00239,0,0.0
M01651,EXT00239,0,0.0
M01651,EXT00239,0,0.0
M01651,EXT00239,0,0.0
M01651,EXT00239,0,0.0
M01652,MEM00375,1,5.0
M01652,MEM00375,1,3.95
M01652,MEM00375,1,4.55
M01652,MEM00375,1,4.14
M01652,MEM00375,1,3.43
M01652,MEM00375,1,4.64
M01652,MEM00375,1,3.54
M01652,MEM00307,1,4.21
M01652,MEM00307,1,4.0
M01652,MEM00307,1,4.74
M01652,MEM00307,1,3.57
M01652,MEM00307,1,4.43
M01652,MEM00307,1,3.7
M01652,MEM00307,1,3.89
M01653,MEM00259,1,2.02
M01653,MEM00259,1,5.0
M01653,MEM00259,1,4.53
M01653,MEM00259,1,3.74
M01653,MEM00259,1,3.53
M01653,MEM00259,1,3.9
M01653,MEM00259,1,4.63
M01653,MEM00679,1,3.06
M01653,MEM00679,1,4.12
M01653,MEM00679,1,5.0
M01653,MEM00679,1,3.52
M01653,MEM00679,1,4.25
M01653,MEM00679,1,5.0
M01653,MEM00679,1,4.58
M01654,MEM00692,1,0.0
M01654,MEM00692,1,0.0
M01654,MEM00692,1,0.0
M01654,MEM00692,1,0.0
M01654,MEM00692,1,0.0
M01654,MEM00692,1,0.0
M01654,MEM00692,1,0.0
M01655,MEM00087,1,4.28
M01655,MEM00087,1,4.5
M01655,MEM00087,1,3.96
M01655,MEM00087,1,4.98
M01655,MEM00087,1,3.96
M01655,MEM00087,1,3.02
M01655,MEM00087,1,3.97
M01655,MEM00619,1,3.62
M01655,MEM00619,1,4.03
M01655,MEM00619,1,4.04
M01655,MEM00619,1,4.92
M01655,MEM00619,1,4.62
M01655,MEM00619,1,4.36
M01655,MEM00619,1,4.2
M01656,MEM00673,1,0.0
M01656,MEM00673,1,0.0
M01656,MEM00673,1,0.0
M01656,MEM00673,1,0.0
M01656,MEM00673,1,0.0
M01656,MEM00673,1,0.0
M01656,MEM00673,1,0.0
M01657,MEM00166,1,0.0
M01657,MEM00166,1,0.0
M01657,MEM00166,1,0.0
M01657,MEM00166,1,0.0
M01657,MEM00166,1,0.0
M01657,MEM00166,1,0.0
M01657,MEM00166,1,0.0
M01658,MEM00335,1,0.0
M01658,MEM00335,1,0.0
M01658,MEM00335,1,0.0
M01658,MEM00335,1,0.0
M01658,MEM00335,1,0.0
M01658,MEM00335,1,0.0
M01658,MEM00335,1,0.0
M01659,MEM00421,1,0.0
M01659,MEM00421,1,0.0
M01659,MEM00421,1,0.0
M01659,MEM00421,1,0.0
M01659,MEM00421,1,0.0
M01659,MEM00421,1,0.0
M01659,MEM00421,1,0.0
M01659,MEM00154,1,0.0
M01659,MEM00154,1,0.0
M01659,MEM00154,1,0.0
M01659,MEM00154,1,0.0
M01659,MEM00154,1,0.0
M01659,MEM00154,1,0.0
M01659,MEM00154,1,0.0
M01659,MEM00570,1,0.0
M01659,MEM00570,1,0.0
M01659,MEM00570,1,0.0
M01659,MEM00570,1,0.0
M01659,MEM00570,1,0.0
M01659,MEM00570,1,0.0
M01659,MEM00570,1,0.0
M01660,MEM00494,1,3.56
M01660,MEM00494,1,2.89
M01660,MEM00494,1,4.27
M01660,MEM00494,1,4.68
M01660,MEM00494,1,4.13
M01660,MEM00494,1,3.88
M01660,MEM00494,1,4.48
M01660,MEM00181,1,4.15
M01660,MEM00181,1,5.0
M01660,MEM00181,1,4.94
M01660,MEM00181,1,4.78
M01660,MEM00181,1,4.65
M01660,MEM00181,1,3.43
M01660,MEM00181,1,4.6
M01660,MEM00178,1,4.43
M01660,MEM00178,1,4.56
M01660,MEM00178,1,4.5
M01660,MEM00178,1,4.47
M01660,MEM00178,1,5.0
M01660,MEM00178,1,4.15
M01660,MEM00178,1,4.76
M01660,EXT00020,0,3.92
M01660,EXT00020,0,4.67
M01660,EXT00020,0,4.76
M01660,EXT00020,0,4.42
M01660,EXT00020,0,5.0
M01660,EXT00020,0,3.67
M01660,EXT00020,0,3.91
M01661,MEM00249,1,0.0
M01661,MEM00249,1,0.0
M01661,MEM00249,1,0.0
M01661,MEM00249,1,0.0
M01661,MEM00249,1,0.0
M01661,MEM00249,1,0.0
M01661,MEM00249,1,0.0
M01662,MEM00435,1,0.0
M01662,MEM00435,1,0.0
M01662,MEM00435,1,0.0
M01662,MEM00435,1,0.0
M01662,MEM00435,1,0.0
M01662,MEM00435,1,0.0
M01662,MEM00435,1,0.0
M01663,MEM00680,1,0.0
M01663,MEM00680,1,0.0
M01663,MEM00680,1,0.0
M01663,MEM00680,1,0.0
M01663,MEM00680,1,0.0
M01663,MEM00680,1,0.0
M01663,MEM00680,1,0.0
M01663,EXT00268,0,0.0
M01663,EXT00268,0,0.0
M01663,EXT00268,0,0.0
M01663,EXT00268,0,0.0
M01663,EXT00268,0,0.0
M01663,EXT00268,0,0.0
M01663,EXT00268,0,0.0
M01664,MEM00342,1,4.33
M01664,MEM00342,1,4.73
M01664,MEM00342,1,4.31
M01664,MEM00342,1,4.97
M01664,MEM00342,1,3.8
M01664,MEM00342,1,3.52
M01664,MEM00342,1,4.38
M01664,MEM00763,1,4.15
M01664,MEM00763,1,4.53
M01664,MEM00763,1,4.18
M01664,MEM00763,1,4.0
M01664,MEM00763,1,4.16
M01664,MEM00763,1,4.22
M01664,MEM00763,1,4.02
M01665,MEM00755,1,4.08
M01665,MEM00755,1,3.96
M01665,MEM00755,1,4.71
M01665,MEM00755,1,4.32
M01665,MEM00755,1,5.0
M01665,MEM00755,1,4.3
M01665,MEM00755,1,3.87
M01665,MEM00580,1,5.0
M01665,MEM00580,1,4.45
M01665,MEM00580,1,4.79
M01665,MEM00580,1,4.56
M01665,MEM00580,1,4.57
M01665,MEM00580,1,4.52
M01665,MEM00580,1,3.54
M01666,MEM00417,1,0.0
M01666,MEM00417,1,0.0
M01666,MEM00417,1,0.0
M01666,MEM00417,1,0.0
M01666,MEM00417,1,0.0
M01666,MEM00417,1,0.0
M01666,MEM00417,1,0.0
M01666,EXT00095,0,0.0
M01666,EXT00095,0,0.0
M01666,EXT00095,0,0.0
M01666,EXT00095,0,0.0
M01666,EXT00095,0,0.0
M01666,EXT00095,0,0.0
M01666,EXT00095,0,0.0
M01667,MEM00056,1,0.0
M01667,MEM00056,1,0.0
M01667,MEM00056,1,0.0
M01667,MEM00056,1,0.0
M01667,MEM00056,1,0.0
M01667,MEM00056,1,0.0
M01667,MEM00056,1,0.0
M01667,MEM00584,1,0.0
M01667,MEM00584,1,0.0
M01667,MEM00584,1,0.0
M01667,MEM00584,1,0.0
M01667,MEM00584,1,0.0
M01667,MEM00584,1,0.0
M01667,MEM00584,1,0.0
M01668,MEM00115,1,0.0
M01668,MEM00115,1,0.0
M01668,MEM00115,1,0.0
M01668,MEM00115,1,0.0
M01668,MEM00115,1,0.0
M01668,MEM00115,1,0.0
M01668,MEM00115,1,0.0
M01669,MEM00235,1,0.0
M01669,MEM00235,1,0.0
M01669,MEM00235,1,0.0
M01669,MEM00235,1,0.0
M01669,MEM00235,1,0.0
M01669,MEM00235,1,0.0
M01669,MEM00235,1,0.0
M01670,MEM00420,1,4.42
M01670,MEM00420,1,3.41
M01670,MEM00420,1,4.1
M01670,MEM00420,1,3.76
M01670,MEM00420,1,4.41
M01670,MEM00420,1,4.4
M01670,MEM00420,1,4.49
M01670,MEM00437,1,4.37
M01670,MEM00437,1,3.84
M01670,MEM00437,1,4.04
M01670,MEM00437,1,4.75
M01670,MEM00437,1,4.84
M01670,MEM00437,1,3.51
M01670,MEM00437,1,3.28
M01671,MEM00477,1,0.0
M01671,MEM00477,1,0.0
M01671,MEM00477,1,0.0
M01671,MEM00477,1,0.0
M01671,MEM00477,1,0.0
M01671,MEM00477,1,0.0
M01671,MEM00477,1,0.0
M01673,EXT00069,0,3.76
M01673,EXT00069,0,4.83
M01673,EXT00069,0,4.93
M01673,EXT00069,0,3.65
M01673,EXT00069,0,4.38
M01673,EXT00069,0,5.0
M01673,EXT00069,0,4.45
M01673,EXT00146,0,5.0
M01673,EXT00146,0,4.8
M01673,EXT00146,0,3.65
M01673,EXT00146,0,4.09
M01673,EXT00146,0,4.22
M01673,EXT00146,0,4.26
M01673,EXT00146,0,4.75
M01674,MEM00479,1,4.45
M01674,MEM00479,1,2.44
M01674,MEM00479,1,3.41
M01674,MEM00479,1,2.89
M01674,MEM00479,1,4.31
M01674,MEM00479,1,4.34
M01674,MEM00479,1,4.37
M01674,MEM00771,1,3.62
M01674,MEM00771,1,4.6
M01674,MEM00771,1,4.63
M01674,MEM00771,1,3.45
M01674,MEM00771,1,3.32
M01674,MEM00771,1,4.2
M01674,MEM00771,1,5.0
M01675,MEM00584,1,0.0
M01675,MEM00584,1,0.0
M01675,MEM00584,1,0.0
M01675,MEM00584,1,0.0
M01675,MEM00584,1,0.0
M01675,MEM00584,1,0.0
M01675,MEM00584,1,0.0
M01676,MEM00471,1,0.0
M01676,MEM00471,1,0.0
M01676,MEM00471,1,0.0
M01676,MEM00471,1,0.0
M01676,MEM00471,1,0.0
M01676,MEM00471,1,0.0
M01676,MEM00471,1,0.0
M01676,MEM00743,1,0.0
M01676,MEM00743,1,0.0
M01676,MEM00743,1,0.0
M01676,MEM00743,1,0.0
M01676,MEM00743,1,0.0
M01676,MEM00743,1,0.0
M01676,MEM00743,1,0.0
M01676,MEM00611,1,0.0
M01676,MEM00611,1,0.0
M01676,MEM00611,1,0.0
M01676,MEM00611,1,0.0
M01676,MEM00611,1,0.0
M01676,MEM00611,1,0.0
M01676,MEM00611,1,0.0
M01677,MEM00529,1,5.0
M01677,MEM00529,1,4.54
M01677,MEM00529,1,3.76
M01677,MEM00529,1,4.73
M01677,MEM00529,1,3.93
M01677,MEM00529,1,3.74
M01677,MEM00529,1,2.91
M01677,MEM00479,1,4.26
M01677,MEM00479,1,3.82
M01677,MEM00479,1,4.26
M01677,MEM00479,1,2.82
M01677,MEM00479,1,4.3
M01677,MEM00479,1,2.74
M01677,MEM00479,1,4.85
M01677,MEM00174,1,4.51
M01677,MEM00174,1,4.03
M01677,MEM00174,1,4.54
M01677,MEM00174,1,3.61
M01677,MEM00174,1,4.24
M01677,MEM00174,1,4.68
M01677,MEM00174,1,2.34
M01677,MEM00485,1,3.93
M01677,MEM00485,1,4.19
M01677,MEM00485,1,4.08
M01677,MEM00485,1,5.0
M01677,MEM00485,1,3.53
M01677,MEM00485,1,3.83
M01677,MEM00485,1,3.05
M01678,MEM00388,1,5.0
M01678,MEM00388,1,4.05
M01678,MEM00388,1,3.94
M01678,MEM00388,1,4.17
M01678,MEM00388,1,4.58
M01678,MEM00388,1,4.41
M01678,MEM00388,1,5.0
M01678,MEM00417,1,4.47
M01678,MEM00417,1,3.92
M01678,MEM00417,1,3.86
M01678,MEM00417,1,3.96
M01678,MEM00417,1,3.3
M01678,MEM00417,1,4.22
M01678,MEM00417,1,4.67
M01679,MEM00254,1,0.0
M01679,MEM00254,1,0.0
M01679,MEM00254,1,0.0
M01679,MEM00254,1,0.0
M01679,MEM00254,1,0.0
M01679,MEM00254,1,0.0
M01679,MEM00254,1,0.0
M01680,MEM00410,1,0.0
M01680,MEM00410,1,0.0
M01680,MEM00410,1,0.0
M01680,MEM00410,1,0.0
M01680,MEM00410,1,0.0
M01680,MEM00410,1,0.0
M01680,MEM00410,1,0.0
M01682,MEM00178,1,0.0
M01682,MEM00178,1,0.0
M01682,MEM00178,1,0.0
M01682,MEM00178,1,0.0
M01682,MEM00178,1,0.0
M01682,MEM00178,1,0.0
M01682,MEM00178,1,0.0
M01683,MEM00642,1,0.0
M01683,MEM00642,1,0.0
M01683,MEM00642,1,0.0
M01683,MEM00642,1,0.0
M01683,MEM00642,1,0.0
M01683,MEM00642,1,0.0
M01683,MEM00642,1,0.0
M01684,MEM00168,1,0.0
M01684,MEM00168,1,0.0
M01684,MEM00168,1,0.0
M01684,MEM00168,1,0.0
M01684,MEM00168,1,0.0
M01684,MEM00168,1,0.0
M01684,MEM00168,1,0.0
M01685,MEM00343,1,3.83
M01685,MEM00343,1,3.72
M01685,MEM00343,1,5.0
M01685,MEM00343,1,3.34
M01685,MEM00343,1,2.96
M01685,MEM00343,1,3.51
M01685,MEM00343,1,3.28
M01685,MEM00083,1,4.43
M01685,MEM00083,1,3.98
M01685,MEM00083,1,4.07
M01685,MEM00083,1,4.89
M01685,MEM00083,1,3.79
M01685,MEM00083,1,4.67
M01685,MEM00083,1,5.0
M01685,MEM00346,1,3.93
M01685,MEM00346,1,4.64
M01685,MEM00346,1,4.05
M01685,MEM00346,1,4.75
M01685,MEM00346,1,3.26
M01685,MEM00346,1,3.21
M01685,MEM00346,1,3.97
M01685,MEM00517,1,3.67
M01685,MEM00517,1,3.89
M01685,MEM00517,1,4.07
M01685,MEM00517,1,4.63
M01685,MEM00517,1,3.96
M01685,MEM00517,1,3.71
M01685,MEM00517,1,3.99
M01686,MEM00212,1,0.0
M01686,MEM00212,1,0.0
M01686,MEM00212,1,0.0
M01686,MEM00212,1,0.0
M01686,MEM00212,1,0.0
M01686,MEM00212,1,0.0
M01686,MEM00212,1,0.0
M01687,MEM00756,1,3.74
M01687,MEM00756,1,3.64
M01687,MEM00756,1,3.23
M01687,MEM00756,1,4.24
M01687,MEM00756,1,3.86
M01687,MEM00756,1,4.78
M01687,MEM00756,1,3.33
M01687,MEM00743,1,3.87
M01687,MEM00743,1,5.0
M01687,MEM00743,1,3.64
M01687,MEM00743,1,4.06
M01687,MEM00743,1,3.47
M01687,MEM00743,1,3.39
M01687,MEM00743,1,5.0
M01687,MEM00267,1,4.3
M01687,MEM00267,1,4.28
M01687,MEM00267,1,3.18
M01687,MEM00267,1,4.42
M01687,MEM00267,1,4.89
M01687,MEM00267,1,4.89
M01687,MEM00267,1,4.6
M01687,EXT00203,0,3.52
M01687,EXT00203,0,4.39
M01687,EXT00203,0,4.6
M01687,EXT00203,0,3.12
M01687,EXT00203,0,3.53
M01687,EXT00203,0,4.73
M01687,EXT00203,0,4.73
M01688,EXT00123,0,0.0
M01688,EXT00123,0,0.0
M01688,EXT00123,0,0.0
M01688,EXT00123,0,0.0
M01688,EXT00123,0,0.0
M01688,EXT00123,0,0.0
M01688,EXT00123,0,0.0
M01689,MEM00593,1,3.27
M01689,MEM00593,1,4.68
M01689,MEM00593,1,4.26
M01689,MEM00593,1,4.67
M01689,MEM00593,1,3.82
M01689,MEM00593,1,4.59
M01689,MEM00593,1,4.71
M01689,MEM00375,1,3.99
M01689,MEM00375,1,4.21
M01689,MEM00375,1,3.81
M01689,MEM00375,1,5.0
M01689,MEM00375,1,4.13
M01689,MEM00375,1,3.65
M01689,MEM00375,1,3.77
M01689,MEM00037,1,4.28
M01689,MEM00037,1,4.65
M01689,MEM00037,1,3.4
M01689,MEM00037,1,5.0
M01689,MEM00037,1,4.39
M01689,MEM00037,1,4.48
M01689,MEM00037,1,4.14
M01689,EXT00128,0,4.21
M01689,EXT00128,0,4.11
M01689,EXT00128,0,4.81
M01689,EXT00128,0,4.2
M01689,EXT00128,0,4.66
M01689,EXT00128,0,3.94
M01689,EXT00128,0,4.32
M01690,MEM00740,1,3.72
M01690,MEM00740,1,4.93
M01690,MEM00740,1,3.7
M01690,MEM00740,1,4.01
M01690,MEM00740,1,4.01
M01690,MEM00740,1,3.99
M01690,MEM00740,1,4.63
M01690,EXT00008,0,4.01
M01690,EXT00008,0,5.0
M01690,EXT00008,0,3.71
M01690,EXT00008,0,4.3
M01690,EXT00008,0,3.73
M01690,EXT00008,0,4.45
M01690,EXT00008,0,4.19
M01691,MEM00083,1,4.11
M01691,MEM00083,1,4.91
M01691,MEM00083,1,3.81
M01691,MEM00083,1,4.55
M01691,MEM00083,1,3.74
M01691,MEM00083,1,4.27
M01691,MEM00083,1,3.48
M01691,MEM00379,1,3.8
M01691,MEM00379,1,4.15
M01691,MEM00379,1,5.0
M01691,MEM00379,1,4.26
M01691,MEM00379,1,5.0
M01691,MEM00379,1,4.33
M01691,MEM00379,1,3.97
M01691,MEM00595,1,5.0
M01691,MEM00595,1,4.46
M01691,MEM00595,1,3.81
M01691,MEM00595,1,4.48
M01691,MEM00595,1,4.02
M01691,MEM00595,1,3.01
M01691,MEM00595,1,4.76
M01691,MEM00429,1,4.86
M01691,MEM00429,1,5.0
M01691,MEM00429,1,4.45
M01691,MEM00429,1,4.05
M01691,MEM00429,1,4.7
M01691,MEM00429,1,4.71
M01691,MEM00429,1,5.0
M01692,MEM00773,1,0.0
M01692,MEM00773,1,0.0
M01692,MEM00773,1,0.0
M01692,MEM00773,1,0.0
M01692,MEM00773,1,0.0
M01692,MEM00773,1,0.0
M01692,MEM00773,1,0.0
M01693,MEM00409,1,0.0
M01693,MEM00409,1,0.0
M01693,MEM00409,1,0.0
M01693,MEM00409,1,0.0
M01693,MEM00409,1,0.0
M01693,MEM00409,1,0.0
M01693,MEM00409,1,0.0
M01694,MEM00479,1,4.17
M01694,MEM00479,1,4.1
M01694,MEM00479,1,3.77
M01694,MEM00479,1,4.52
M01694,MEM00479,1,3.27
M01694,MEM00479,1,4.67
M01694,MEM00479,1,4.55
M01694,MEM00208,1,4.55
M01694,MEM00208,1,4.28
M01694,MEM00208,1,5.0
M01694,MEM00208,1,4.72
M01694,MEM00208,1,3.84
M01694,MEM00208,1,3.85
M01694,MEM00208,1,3.67
M01695,MEM00379,1,0.0
M01695,MEM00379,1,0.0
M01695,MEM00379,1,0.0
M01695,MEM00379,1,0.0
M01695,MEM00379,1,0.0
M01695,MEM00379,1,0.0
M01695,MEM00379,1,0.0
M01696,MEM00107,1,4.53
M01696,MEM00107,1,3.6
M01696,MEM00107,1,4.85
M01696,MEM00107,1,4.99
M01696,MEM00107,1,3.67
M01696,MEM00107,1,4.09
M01696,MEM00107,1,4.21
M01696,MEM00665,1,4.73
M01696,MEM00665,1,5.0
M01696,MEM00665,1,3.19
M01696,MEM00665,1,4.01
M01696,MEM00665,1,4.04
M01696,MEM00665,1,3.36
M01696,MEM00665,1,3.91
M01696,MEM00334,1,4.46
M01696,MEM00334,1,4.03
M01696,MEM00334,1,3.27
M01696,MEM00334,1,5.0
M01696,MEM00334,1,4.36
M01696,MEM00334,1,4.27
M01696,MEM00334,1,3.54
M01696,MEM00074,1,4.36
M01696,MEM00074,1,4.1
M01696,MEM00074,1,3.07
M01696,MEM00074,1,3.56
M01696,MEM00074,1,4.68
M01696,MEM00074,1,5.0
M01696,MEM00074,1,4.42
M01697,MEM00615,1,4.86
M01697,MEM00615,1,4.11
M01697,MEM00615,1,4.15
M01697,MEM00615,1,4.85
M01697,MEM00615,1,5.0
M01697,MEM00615,1,4.98
M01697,MEM00615,1,3.56
M01697,MEM00210,1,4.16
M01697,MEM00210,1,4.37
M01697,MEM00210,1,4.04
M01697,MEM00210,1,4.43
M01697,MEM00210,1,4.69
M01697,MEM00210,1,4.8
M01697,MEM00210,1,5.0
M01697,MEM00176,1,4.0
M01697,MEM00176,1,3.38
M01697,MEM00176,1,4.41
M01697,MEM00176,1,5.0
M01697,MEM00176,1,3.91
M01697,MEM00176,1,4.61
M01697,MEM00176,1,4.62
M01697,MEM00395,1,4.31
M01697,MEM00395,1,4.2
M01697,MEM00395,1,3.65
M01697,MEM00395,1,2.83
M01697,MEM00395,1,3.53
M01697,MEM00395,1,3.97
M01697,MEM00395,1,4.86
M01698,MEM00066,1,0.0
M01698,MEM00066,1,0.0
M01698,MEM00066,1,0.0
M01698,MEM00066,1,0.0
M01698,MEM00066,1,0.0
M01698,MEM00066,1,0.0
M01698,MEM00066,1,0.0
M01700,MEM00455,1,0.0
M01700,MEM00455,1,0.0
M01700,MEM00455,1,0.0
M01700,MEM00455,1,0.0
M01700,MEM00455,1,0.0
M01700,MEM00455,1,0.0
M01700,MEM00455,1,0.0
M01701,MEM00114,1,0.0
M01701,MEM00114,1,0.0
M01701,MEM00114,1,0.0
M01701,MEM00114,1,0.0
M01701,MEM00114,1,0.0
M01701,MEM00114,1,0.0
M01701,MEM00114,1,0.0
M01702,MEM00037,1,0.0
M01702,MEM00037,1,0.0
M01702,MEM00037,1,0.0
M01702,MEM00037,1,0.0
M01702,MEM00037,1,0.0
M01702,MEM00037,1,0.0
M01702,MEM00037,1,0.0
M01703,MEM00056,1,0.0
M01703,MEM00056,1,0.0
M01703,MEM00056,1,0.0
M01703,MEM00056,1,0.0
M01703,MEM00056,1,0.0
M01703,MEM00056,1,0.0
M01703,MEM00056,1,0.0
M01704,MEM00659,1,0.0
M01704,MEM00659,1,0.0
M01704,MEM00659,1,0.0
M01704,MEM00659,1,0.0
M01704,MEM00659,1,0.0
M01704,MEM00659,1,0.0
M01704,MEM00659,1,0.0
M01705,EXT00048,0,0.0
M01705,EXT00048,0,0.0
M01705,EXT00048,0,0.0
M01705,EXT00048,0,0.0
M01705,EXT00048,0,0.0
M01705,EXT00048,0,0.0
M01705,EXT00048,0,0.0
M01706,MEM00049,1,4.14
M01706,MEM00049,1,3.89
M01706,MEM00049,1,3.67
M01706,MEM00049,1,4.59
M01706,MEM00049,1,5.0
M01706,MEM00049,1,4.84
M01706,MEM00049,1,4.56
M01706,MEM00346,1,3.31
M01706,MEM00346,1,3.99
M01706,MEM00346,1,5.0
M01706,MEM00346,1,4.87
M01706,MEM00346,1,3.28
M01706,MEM00346,1,4.17
M01706,MEM00346,1,4.42
M01707,MEM00210,1,0.0
M01707,MEM00210,1,0.0
M01707,MEM00210,1,0.0
M01707,MEM00210,1,0.0
M01707,MEM00210,1,0.0
M01707,MEM00210,1,0.0
M01707,MEM00210,1,0.0
M01707,MEM00327,1,0.0
M01707,MEM00327,1,0.0
M01707,MEM00327,1,0.0
M01707,MEM00327,1,0.0
M01707,MEM00327,1,0.0
M01707,MEM00327,1,0.0
M01707,MEM00327,1,0.0
M01707,MEM00670,1,0.0
M01707,MEM00670,1,0.0
M01707,MEM00670,1,0.0
M01707,MEM00670,1,0.0
M01707,MEM00670,1,0.0
M01707,MEM00670,1,0.0
M01707,MEM00670,1,0.0
M01707,EXT00020,0,0.0
M01707,EXT00020,0,0.0
M01707,EXT00020,0,0.0
M01707,EXT00020,0,0.0
M01707,EXT00020,0,0.0
M01707,EXT00020,0,0.0
M01707,EXT00020,0,0.0
M01708,MEM00359,1,0.0
M01708,MEM00359,1,0.0
M01708,MEM00359,1,0.0
M01708,MEM00359,1,0.0
M01708,MEM00359,1,0.0
M01708,MEM00359,1,0.0
M01708,MEM00359,1,0.0
M01709,MEM00457,1,0.0
M01709,MEM00457,1,0.0
M01709,MEM00457,1,0.0
M01709,MEM00457,1,0.0
M01709,MEM00457,1,0.0
M01709,MEM00457,1,0.0
M01709,MEM00457,1,0.0
M01709,EXT00225,0,0.0
M01709,EXT00225,0,0.0
M01709,EXT00225,0,0.0
M01709,EXT00225,0,0.0
M01709,EXT00225,0,0.0
M01709,EXT00225,0,0.0
M01709,EXT00225,0,0.0
M01710,MEM00253,1,3.74
M01710,MEM00253,1,2.81
M01710,MEM00253,1,4.26
M01710,MEM00253,1,3.73
M01710,MEM00253,1,3.73
M01710,MEM00253,1,3.99
M01710,MEM00253,1,4.12
M01710,MEM00243,1,4.19
M01710,MEM00243,1,3.67
M01710,MEM00243,1,4.07
M01710,MEM00243,1,3.15
M01710,MEM00243,1,4.39
M01710,MEM00243,1,2.49
M01710,MEM00243,1,4.03
M01711,MEM00615,1,4.75
M01711,MEM00615,1,3.56
M01711,MEM00615,1,4.63
M01711,MEM00615,1,4.89
M01711,MEM00615,1,2.22
M01711,MEM00615,1,4.11
M01711,MEM00615,1,2.47
M01711,MEM00285,1,4.13
M01711,MEM00285,1,4.2
M01711,MEM00285,1,2.71
M01711,MEM00285,1,5.0
M01711,MEM00285,1,4.37
M01711,MEM00285,1,3.69
M01711,MEM00285,1,5.0
M01711,MEM00100,1,3.12
M01711,MEM00100,1,3.46
M01711,MEM00100,1,2.82
M01711,MEM00100,1,5.0
M01711,MEM00100,1,4.4
M01711,MEM00100,1,4.6
M01711,MEM00100,1,4.38
M01711,MEM00107,1,4.54
M01711,MEM00107,1,4.25
M01711,MEM00107,1,4.36
M01711,MEM00107,1,4.26
M01711,MEM00107,1,3.83
M01711,MEM00107,1,4.17
M01711,MEM00107,1,4.36
M01712,MEM00477,1,4.27
M01712,MEM00477,1,3.31
M01712,MEM00477,1,3.39
M01712,MEM00477,1,4.85
M01712,MEM00477,1,4.02
M01712,MEM00477,1,4.55
M01712,MEM00477,1,3.54
M01712,MEM00771,1,3.32
M01712,MEM00771,1,3.69
M01712,MEM00771,1,4.07
M01712,MEM00771,1,3.8
M01712,MEM00771,1,4.98
M01712,MEM00771,1,4.31
M01712,MEM00771,1,5.0
M01712,MEM00689,1,4.44
M01712,MEM00689,1,2.75
M01712,MEM00689,1,4.83
M01712,MEM00689,1,3.29
M01712,MEM00689,1,4.34
M01712,MEM00689,1,3.74
M01712,MEM00689,1,5.0
M01712,MEM00770,1,5.0
M01712,MEM00770,1,3.75
M01712,MEM00770,1,4.12
M01712,MEM00770,1,4.35
M01712,MEM00770,1,4.72
M01712,MEM00770,1,4.22
M01712,MEM00770,1,3.59
M01713,MEM00221,1,0.0
M01713,MEM00221,1,0.0
M01713,MEM00221,1,0.0
M01713,MEM00221,1,0.0
M01713,MEM00221,1,0.0
M01713,MEM00221,1,0.0
M01713,MEM00221,1,0.0
M01713,MEM00491,1,0.0
M01713,MEM00491,1,0.0
M01713,MEM00491,1,0.0
M01713,MEM00491,1,0.0
M01713,MEM00491,1,0.0
M01713,MEM00491,1,0.0
M01713,MEM00491,1,0.0
M01713,MEM00563,1,0.0
M01713,MEM00563,1,0.0
M01713,MEM00563,1,0.0
M01713,MEM00563,1,0.0
M01713,MEM00563,1,0.0
M01713,MEM00563,1,0.0
M01713,MEM00563,1,0.0
M01715,MEM00379,1,3.77
M01715,MEM00379,1,4.2
M01715,MEM00379,1,4.94
M01715,MEM00379,1,4.46
M01715,MEM00379,1,3.74
M01715,MEM00379,1,4.59
M01715,MEM00379,1,3.97
M01715,MEM00610,1,4.73
M01715,MEM00610,1,5.0
M01715,MEM00610,1,3.98
M01715,MEM00610,1,4.68
M01715,MEM00610,1,3.75
M01715,MEM00610,1,4.13
M01715,MEM00610,1,4.22
M01715,MEM00363,1,4.08
M01715,MEM00363,1,5.0
M01715,MEM00363,1,4.02
M01715,MEM00363,1,4.55
M01715,MEM00363,1,3.04
M01715,MEM00363,1,4.46
M01715,MEM00363,1,4.89
M01715,EXT00106,0,3.88
M01715,EXT00106,0,2.69
M01715,EXT00106,0,4.18
M01715,EXT00106,0,4.21
M01715,EXT00106,0,4.63
M01715,EXT00106,0,5.0
M01715,EXT00106,0,3.97
M01717,MEM00246,1,0.0
M01717,MEM00246,1,0.0
M01717,MEM00246,1,0.0
M01717,MEM00246,1,0.0
M01717,MEM00246,1,0.0
M01717,MEM00246,1,0.0
M01717,MEM00246,1,0.0
M01718,MEM00745,1,0.0
M01718,MEM00745,1,0.0
M01718,MEM00745,1,0.0
M01718,MEM00745,1,0.0
M01718,MEM00745,1,0.0
M01718,MEM00745,1,0.0
M01718,MEM00745,1,0.0
M01719,MEM00380,1,3.69
M01719,MEM00380,1,3.5
M01719,MEM00380,1,4.32
M01719,MEM00380,1,4.49
M01719,MEM00380,1,3.87
M01719,MEM00380,1,4.67
M01719,MEM00380,1,4.48
M01719,MEM00060,1,4.23
M01719,MEM00060,1,3.66
M01719,MEM00060,1,3.91
M01719,MEM00060,1,2.74
M01719,MEM00060,1,4.34
M01719,MEM00060,1,4.22
M01719,MEM00060,1,4.31
M01719,MEM00479,1,4.5
M01719,MEM00479,1,4.43
M01719,MEM00479,1,4.13
M01719,MEM00479,1,4.23
M01719,MEM00479,1,3.36
M01719,MEM00479,1,3.85
M01719,MEM00479,1,4.23
M01719,MEM00736,1,3.76
M01719,MEM00736,1,4.72
M01719,MEM00736,1,3.8
M01719,MEM00736,1,4.33
M01719,MEM00736,1,4.27
M01719,MEM00736,1,4.65
M01719,MEM00736,1,4.74
M01720,MEM00425,1,4.62
M01720,MEM00425,1,2.94
M01720,MEM00425,1,4.92
M01720,MEM00425,1,5.0
M01720,MEM00425,1,3.91
M01720,MEM00425,1,4.34
M01720,MEM00425,1,3.67
M01720,EXT00093,0,3.03
M01720,EXT00093,0,3.76
M01720,EXT00093,0,3.88
M01720,EXT00093,0,3.99
M01720,EXT00093,0,3.62
M01720,EXT00093,0,3.76
M01720,EXT00093,0,4.19
M01721,MEM00264,1,0.0
M01721,MEM00264,1,0.0
M01721,MEM00264,1,0.0
M01721,MEM00264,1,0.0
M01721,MEM00264,1,0.0
M01721,MEM00264,1,0.0
M01721,MEM00264,1,0.0
M01722,MEM00678,1,3.74
M01722,MEM00678,1,4.53
M01722,MEM00678,1,4.61
M01722,MEM00678,1,5.0
M01722,MEM00678,1,4.88
M01722,MEM00678,1,4.35
M01722,MEM00678,1,3.83
M01722,MEM00405,1,4.38
M01722,MEM00405,1,4.4
M01722,MEM00405,1,3.89
M01722,MEM00405,1,4.67
M01722,MEM00405,1,3.36
M01722,MEM00405,1,4.05
M01722,MEM00405,1,4.53
M01722,MEM00435,1,4.03
M01722,MEM00435,1,4.08
M01722,MEM00435,1,4.12
M01722,MEM00435,1,3.7
M01722,MEM00435,1,4.9
M01722,MEM00435,1,3.59
M01722,MEM00435,1,4.39
M01722,EXT00043,0,4.45
M01722,EXT00043,0,3.63
M01722,EXT00043,0,4.24
M01722,EXT00043,0,3.65
M01722,EXT00043,0,5.0
M01722,EXT00043,0,3.52
M01722,EXT00043,0,3.81
M01723,MEM00768,1,0.0
M01723,MEM00768,1,0.0
M01723,MEM00768,1,0.0
M01723,MEM00768,1,0.0
M01723,MEM00768,1,0.0
M01723,MEM00768,1,0.0
M01723,MEM00768,1,0.0
M01723,MEM00292,1,0.0
M01723,MEM00292,1,0.0
M01723,MEM00292,1,0.0
M01723,MEM00292,1,0.0
M01723,MEM00292,1,0.0
M01723,MEM00292,1,0.0
M01723,MEM00292,1,0.0
M01723,MEM00479,1,0.0
M01723,MEM00479,1,0.0
M01723,MEM00479,1,0.0
M01723,MEM00479,1,0.0
M01723,MEM00479,1,0.0
M01723,MEM00479,1,0.0
M01723,MEM00479,1,0.0
M01723,MEM00013,1,0.0
M01723,MEM00013,1,0.0
M01723,MEM00013,1,0.0
M01723,MEM00013,1,0.0
M01723,MEM00013,1,0.0
M01723,MEM00013,1,0.0
M01723,MEM00013,1,0.0
M01724,MEM00078,1,3.47
M01724,MEM00078,1,3.39
M01724,MEM00078,1,5.0
M01724,MEM00078,1,4.53
M01724,MEM00078,1,4.28
M01724,MEM00078,1,3.81
M01724,MEM00078,1,4.74
M01724,EXT00279,0,3.71
M01724,EXT00279,0,4.68
M01724,EXT00279,0,3.68
M01724,EXT00279,0,3.81
M01724,EXT00279,0,4.65
M01724,EXT00279,0,4.72
M01724,EXT00279,0,4.56
M01725,MEM00119,1,3.57
M01725,MEM00119,1,3.93
M01725,MEM00119,1,4.29
M01725,MEM00119,1,3.69
M01725,MEM00119,1,5.0
M01725,MEM00119,1,2.76
M01725,MEM00119,1,3.73
M01725,MEM00756,1,3.89
M01725,MEM00756,1,2.49
M01725,MEM00756,1,3.36
M01725,MEM00756,1,4.58
M01725,MEM00756,1,4.22
M01725,MEM00756,1,5.0
M01725,MEM00756,1,5.0
M01725,MEM00454,1,4.46
M01725,MEM00454,1,4.39
M01725,MEM00454,1,4.24
M01725,MEM00454,1,2.61
M01725,MEM00454,1,3.36
M01725,MEM00454,1,4.26
M01725,MEM00454,1,4.57
M01725,MEM00461,1,4.37
M01725,MEM00461,1,3.66
M01725,MEM00461,1,4.76
M01725,MEM00461,1,5.0
M01725,MEM00461,1,4.76
M01725,MEM00461,1,4.79
M01725,MEM00461,1,3.86
M01726,MEM00315,1,4.85
M01726,MEM00315,1,4.29
M01726,MEM00315,1,4.51
M01726,MEM00315,1,4.42
M01726,MEM00315,1,4.13
M01726,MEM00315,1,3.68
M01726,MEM00315,1,4.15
M01726,MEM00615,1,4.79
M01726,MEM00615,1,3.94
M01726,MEM00615,1,4.74
M01726,MEM00615,1,4.64
M01726,MEM00615,1,4.02
M01726,MEM00615,1,5.0
M01726,MEM00615,1,3.99
M01726,EXT00258,0,5.0
M01726,EXT00258,0,4.46
M01726,EXT00258,0,4.19
M01726,EXT00258,0,3.67
M01726,EXT00258,0,4.15
M01726,EXT00258,0,4.08
M01726,EXT00258,0,3.45
M01726,EXT00355,0,4.07
M01726,EXT00355,0,3.72
M01726,EXT00355,0,4.55
M01726,EXT00355,0,4.98
M01726,EXT00355,0,3.46
M01726,EXT00355,0,5.0
M01726,EXT00355,0,4.12
M01727,MEM00719,1,3.61
M01727,MEM00719,1,4.65
M01727,MEM00719,1,3.93
M01727,MEM00719,1,4.15
M01727,MEM00719,1,3.96
M01727,MEM00719,1,3.71
M01727,MEM00719,1,4.63
M01727,MEM00236,1,4.03
M01727,MEM00236,1,3.34
M01727,MEM00236,1,4.53
M01727,MEM00236,1,3.48
M01727,MEM00236,1,3.51
M01727,MEM00236,1,4.92
M01727,MEM00236,1,3.48
M01727,MEM00486,1,2.81
M01727,MEM00486,1,4.57
M01727,MEM00486,1,4.02
M01727,MEM00486,1,4.07
M01727,MEM00486,1,4.01
M01727,MEM00486,1,4.34
M01727,MEM00486,1,3.75
M01727,MEM00123,1,5.0
M01727,MEM00123,1,3.31
M01727,MEM00123,1,4.47
M01727,MEM00123,1,4.59
M01727,MEM00123,1,3.74
M01727,MEM00123,1,3.59
M01727,MEM00123,1,4.81
M01728,MEM00543,1,3.61
M01728,MEM00543,1,3.84
M01728,MEM00543,1,4.73
M01728,MEM00543,1,4.22
M01728,MEM00543,1,3.12
M01728,MEM00543,1,5.0
M01728,MEM00543,1,3.88
M01728,MEM00180,1,3.96
M01728,MEM00180,1,4.35
M01728,MEM00180,1,4.58
M01728,MEM00180,1,5.0
M01728,MEM00180,1,3.2
M01728,MEM00180,1,4.7
M01728,MEM00180,1,4.65
M01728,MEM00610,1,4.12
M01728,MEM00610,1,4.67
M01728,MEM00610,1,4.76
M01728,MEM00610,1,3.37
M01728,MEM00610,1,5.0
M01728,MEM00610,1,3.26
M01728,MEM00610,1,3.52
M01728,MEM00733,1,4.04
M01728,MEM00733,1,5.0
M01728,MEM00733,1,4.02
M01728,MEM00733,1,4.18
M01728,MEM00733,1,5.0
M01728,MEM00733,1,4.02
M01728,MEM00733,1,3.49
M01729,MEM00167,1,3.95
M01729,MEM00167,1,5.0
M01729,MEM00167,1,4.24
M01729,MEM00167,1,5.0
M01729,MEM00167,1,4.64
M01729,MEM00167,1,3.81
M01729,MEM00167,1,4.23
M01729,MEM00232,1,3.69
M01729,MEM00232,1,3.8
M01729,MEM00232,1,5.0
M01729,MEM00232,1,4.81
M01729,MEM00232,1,4.72
M01729,MEM00232,1,3.83
M01729,MEM00232,1,5.0
M01730,MEM00606,1,0.0
M01730,MEM00606,1,0.0
M01730,MEM00606,1,0.0
M01730,MEM00606,1,0.0
M01730,MEM00606,1,0.0
M01730,MEM00606,1,0.0
M01730,MEM00606,1,0.0
M01731,MEM00198,1,4.86
M01731,MEM00198,1,5.0
M01731,MEM00198,1,5.0
M01731,MEM00198,1,3.31
M01731,MEM00198,1,3.53
M01731,MEM00198,1,3.6
M01731,MEM00198,1,3.63
M01731,MEM00375,1,4.39
M01731,MEM00375,1,3.86
M01731,MEM00375,1,5.0
M01731,MEM00375,1,5.0
M01731,MEM00375,1,4.2
M01731,MEM00375,1,5.0
M01731,MEM00375,1,5.0
M01731,MEM00042,1,3.93
M01731,MEM00042,1,2.99
M01731,MEM00042,1,4.07
M01731,MEM00042,1,3.81
M01731,MEM00042,1,4.32
M01731,MEM00042,1,4.25
M01731,MEM00042,1,4.24
M01731,MEM00479,1,4.51
M01731,MEM00479,1,3.47
M01731,MEM00479,1,4.45
M01731,MEM00479,1,3.94
M01731,MEM00479,1,4.32
M01731,MEM00479,1,4.77
M01731,MEM00479,1,3.47
M01732,MEM00252,1,4.03
M01732,MEM00252,1,4.13
M01732,MEM00252,1,3.89
M01732,MEM00252,1,4.74
M01732,MEM00252,1,3.77
M01732,MEM00252,1,3.87
M01732,MEM00252,1,3.77
M01732,MEM00374,1,4.86
M01732,MEM00374,1,3.9
M01732,MEM00374,1,4.48
M01732,MEM00374,1,5.0
M01732,MEM00374,1,4.16
M01732,MEM00374,1,4.87
M01732,MEM00374,1,5.0
M01733,MEM00786,1,0.0
M01733,MEM00786,1,0.0
M01733,MEM00786,1,0.0
M01733,MEM00786,1,0.0
M01733,MEM00786,1,0.0
M01733,MEM00786,1,0.0
M01733,MEM00786,1,0.0
M01733,MEM00136,1,0.0
M01733,MEM00136,1,0.0
M01733,MEM00136,1,0.0
M01733,MEM00136,1,0.0
M01733,MEM00136,1,0.0
M01733,MEM00136,1,0.0
M01733,MEM00136,1,0.0
M01733,EXT00081,0,0.0
M01733,EXT00081,0,0.0
M01733,EXT00081,0,0.0
M01733,EXT00081,0,0.0
M01733,EXT00081,0,0.0
M01733,EXT00081,0,0.0
M01733,EXT00081,0,0.0
M01734,MEM00615,1,4.82
M01734,MEM00615,1,4.19
M01734,MEM00615,1,4.59
M01734,MEM00615,1,3.43
M01734,MEM00615,1,3.73
M01734,MEM00615,1,3.84
M01734,MEM00615,1,5.0
M01734,MEM00180,1,3.71
M01734,MEM00180,1,3.7
M01734,MEM00180,1,3.57
M01734,MEM00180,1,4.54
M01734,MEM00180,1,4.29
M01734,MEM00180,1,4.85
M01734,MEM00180,1,4.6
M01734,MEM00123,1,3.37
M01734,MEM00123,1,3.72
M01734,MEM00123,1,5.0
M01734,MEM00123,1,4.08
M01734,MEM00123,1,4.91
M01734,MEM00123,1,4.11
M01734,MEM00123,1,3.62
M01734,MEM00329,1,4.02
M01734,MEM00329,1,3.62
M01734,MEM00329,1,3.86
M01734,MEM00329,1,4.32
M01734,MEM00329,1,4.51
M01734,MEM00329,1,3.25
M01734,MEM00329,1,4.19
M01736,MEM00021,1,3.85
M01736,MEM00021,1,3.81
M01736,MEM00021,1,4.28
M01736,MEM00021,1,3.87
M01736,MEM00021,1,5.0
M01736,MEM00021,1,4.91
M01736,MEM00021,1,4.91
M01736,MEM00440,1,3.9
M01736,MEM00440,1,3.62
M01736,MEM00440,1,4.25
M01736,MEM00440,1,4.11
M01736,MEM00440,1,3.83
M01736,MEM00440,1,3.49
M01736,MEM00440,1,4.18
M01737,MEM00035,1,0.0
M01737,MEM00035,1,0.0
M01737,MEM00035,1,0.0
M01737,MEM00035,1,0.0
M01737,MEM00035,1,0.0
M01737,MEM00035,1,0.0
M01737,MEM00035,1,0.0
M01738,MEM00353,1,0.0
M01738,MEM00353,1,0.0
M01738,MEM00353,1,0.0
M01738,MEM00353,1,0.0
M01738,MEM00353,1,0.0
M01738,MEM00353,1,0.0
M01738,MEM00353,1,0.0
M01739,MEM00651,1,0.0
M01739,MEM00651,1,0.0
M01739,MEM00651,1,0.0
M01739,MEM00651,1,0.0
M01739,MEM00651,1,0.0
M01739,MEM00651,1,0.0
M01739,MEM00651,1,0.0
M01740,MEM00085,1,3.96
M01740,MEM00085,1,4.61
M01740,MEM00085,1,4.6
M01740,MEM00085,1,4.86
M01740,MEM00085,1,3.44
M01740,MEM00085,1,4.44
M01740,MEM00085,1,3.76
M01740,MEM00708,1,3.47
M01740,MEM00708,1,3.94
M01740,MEM00708,1,4.84
M01740,MEM00708,1,3.98
M01740,MEM00708,1,5.0
M01740,MEM00708,1,4.53
M01740,MEM00708,1,3.96
M01741,EXT00215,0,0.0
M01741,EXT00215,0,0.0
M01741,EXT00215,0,0.0
M01741,EXT00215,0,0.0
M01741,EXT00215,0,0.0
M01741,EXT00215,0,0.0
M01741,EXT00215,0,0.0
M01742,MEM00737,1,0.0
M01742,MEM00737,1,0.0
M01742,MEM00737,1,0.0
M01742,MEM00737,1,0.0
M01742,MEM00737,1,0.0
M01742,MEM00737,1,0.0
M01742,MEM00737,1,0.0
M01743,MEM00303,1,0.0
M01743,MEM00303,1,0.0
M01743,MEM00303,1,0.0
M01743,MEM00303,1,0.0
M01743,MEM00303,1,0.0
M01743,MEM00303,1,0.0
M01743,MEM00303,1,0.0
M01744,MEM00655,1,4.9
M01744,MEM00655,1,4.47
M01744,MEM00655,1,3.64
M01744,MEM00655,1,5.0
M01744,MEM00655,1,4.36
M01744,MEM00655,1,4.21
M01744,MEM00655,1,3.69
M01744,MEM00125,1,4.91
M01744,MEM00125,1,4.51
M01744,MEM00125,1,4.58
M01744,MEM00125,1,3.9
M01744,MEM00125,1,4.7
M01744,MEM00125,1,4.75
M01744,MEM00125,1,3.8
M01745,MEM00605,1,0.0
M01745,MEM00605,1,0.0
M01745,MEM00605,1,0.0
M01745,MEM00605,1,0.0
M01745,MEM00605,1,0.0
M01745,MEM00605,1,0.0
M01745,MEM00605,1,0.0
M01745,MEM00756,1,0.0
M01745,MEM00756,1,0.0
M01745,MEM00756,1,0.0
M01745,MEM00756,1,0.0
M01745,MEM00756,1,0.0
M01745,MEM00756,1,0.0
M01745,MEM00756,1,0.0
M01746,MEM00757,1,0.0
M01746,MEM00757,1,0.0
M01746,MEM00757,1,0.0
M01746,MEM00757,1,0.0
M01746,MEM00757,1,0.0
M01746,MEM00757,1,0.0
M01746,MEM00757,1,0.0
M01747,MEM00543,1,0.0
M01747,MEM00543,1,0.0
M01747,MEM00543,1,0.0
M01747,MEM00543,1,0.0
M01747,MEM00543,1,0.0
M01747,MEM00543,1,0.0
M01747,MEM00543,1,0.0
M01748,MEM00283,1,0.0
M01748,MEM00283,1,0.0
M01748,MEM00283,1,0.0
M01748,MEM00283,1,0.0
M01748,MEM00283,1,0.0
M01748,MEM00283,1,0.0
M01748,MEM00283,1,0.0
M01749,MEM00212,1,0.0
M01749,MEM00212,1,0.0
M01749,MEM00212,1,0.0
M01749,MEM00212,1,0.0
M01749,MEM00212,1,0.0
M01749,MEM00212,1,0.0
M01749,MEM00212,1,0.0
M01749,MEM00756,1,0.0
M01749,MEM00756,1,0.0
M01749,MEM00756,1,0.0
M01749,MEM00756,1,0.0
M01749,MEM00756,1,0.0
M01749,MEM00756,1,0.0
M01749,MEM00756,1,0.0
M01750,MEM00253,1,0.0
M01750,MEM00253,1,0.0
M01750,MEM00253,1,0.0
M01750,MEM00253,1,0.0
M01750,MEM00253,1,0.0
M01750,MEM00253,1,0.0
M01750,MEM00253,1,0.0
M01750,MEM00563,1,0.0
M01750,MEM00563,1,0.0
M01750,MEM00563,1,0.0
M01750,MEM00563,1,0.0
M01750,MEM00563,1,0.0
M01750,MEM00563,1,0.0
M01750,MEM00563,1,0.0
M01751,MEM00754,1,0.0
M01751,MEM00754,1,0.0
M01751,MEM00754,1,0.0
M01751,MEM00754,1,0.0
M01751,MEM00754,1,0.0
M01751,MEM00754,1,0.0
M01751,MEM00754,1,0.0
M01751,MEM00180,1,0.0
M01751,MEM00180,1,0.0
M01751,MEM00180,1,0.0
M01751,MEM00180,1,0.0
M01751,MEM00180,1,0.0
M01751,MEM00180,1,0.0
M01751,MEM00180,1,0.0
M01751,MEM00615,1,0.0
M01751,MEM00615,1,0.0
M01751,MEM00615,1,0.0
M01751,MEM00615,1,0.0
M01751,MEM00615,1,0.0
M01751,MEM00615,1,0.0
M01751,MEM00615,1,0.0
M01752,MEM00632,1,0.0
M01752,MEM00632,1,0.0
M01752,MEM00632,1,0.0
M01752,MEM00632,1,0.0
M01752,MEM00632,1,0.0
M01752,MEM00632,1,0.0
M01752,MEM00632,1,0.0
M01753,MEM00594,1,0.0
M01753,MEM00594,1,0.0
M01753,MEM00594,1,0.0
M01753,MEM00594,1,0.0
M01753,MEM00594,1,0.0
M01753,MEM00594,1,0.0
M01753,MEM00594,1,0.0
M01754,MEM00301,1,3.35
M01754,MEM00301,1,4.55
M01754,MEM00301,1,3.26
M01754,MEM00301,1,4.29
M01754,MEM00301,1,3.93
M01754,MEM00301,1,4.93
M01754,MEM00301,1,3.96
M01754,MEM00066,1,4.86
M01754,MEM00066,1,3.89
M01754,MEM00066,1,4.8
M01754,MEM00066,1,5.0
M01754,MEM00066,1,3.56
M01754,MEM00066,1,4.38
M01754,MEM00066,1,5.0
M01754,MEM00235,1,4.24
M01754,MEM00235,1,4.24
M01754,MEM00235,1,4.67
M01754,MEM00235,1,4.22
M01754,MEM00235,1,3.18
M01754,MEM00235,1,4.88
M01754,MEM00235,1,3.0
M01754,MEM00216,1,3.95
M01754,MEM00216,1,4.92
M01754,MEM00216,1,3.99
M01754,MEM00216,1,3.78
M01754,MEM00216,1,4.73
M01754,MEM00216,1,3.69
M01754,MEM00216,1,3.47
M01755,MEM00784,1,4.36
M01755,MEM00784,1,4.09
M01755,MEM00784,1,3.45
M01755,MEM00784,1,4.58
M01755,MEM00784,1,4.48
M01755,MEM00784,1,3.98
M01755,MEM00784,1,4.03
M01755,MEM00501,1,4.48
M01755,MEM00501,1,4.91
M01755,MEM00501,1,4.03
M01755,MEM00501,1,4.59
M01755,MEM00501,1,4.54
M01755,MEM00501,1,4.73
M01755,MEM00501,1,4.22
M01756,MEM00777,1,3.65
M01756,MEM00777,1,3.92
M01756,MEM00777,1,4.41
M01756,MEM00777,1,5.0
M01756,MEM00777,1,3.91
M01756,MEM00777,1,4.68
M01756,MEM00777,1,4.0
M01756,MEM00578,1,4.27
M01756,MEM00578,1,5.0
M01756,MEM00578,1,4.66
M01756,MEM00578,1,3.46
M01756,MEM00578,1,3.86
M01756,MEM00578,1,4.95
M01756,MEM00578,1,4.29
M01756,EXT00321,0,3.51
M01756,EXT00321,0,3.71
M01756,EXT00321,0,4.62
M01756,EXT00321,0,4.8
M01756,EXT00321,0,4.21
M01756,EXT00321,0,5.0
M01756,EXT00321,0,4.69
M01756,EXT00145,0,4.05
M01756,EXT00145,0,3.71
M01756,EXT00145,0,3.62
M01756,EXT00145,0,4.4
M01756,EXT00145,0,3.91
M01756,EXT00145,0,5.0
M01756,EXT00145,0,5.0
M01757,MEM00341,1,0.0
M01757,MEM00341,1,0.0
M01757,MEM00341,1,0.0
M01757,MEM00341,1,0.0
M01757,MEM00341,1,0.0
M01757,MEM00341,1,0.0
M01757,MEM00341,1,0.0
M01758,MEM00188,1,4.58
M01758,MEM00188,1,3.49
M01758,MEM00188,1,3.8
M01758,MEM00188,1,4.95
M01758,MEM00188,1,3.86
M01758,MEM00188,1,4.87
M01758,MEM00188,1,4.48
M01758,MEM00763,1,4.23
M01758,MEM00763,1,3.78
M01758,MEM00763,1,4.14
M01758,MEM00763,1,4.31
M01758,MEM00763,1,4.82
M01758,MEM00763,1,3.67
M01758,MEM00763,1,4.04
M01758,MEM00165,1,4.23
M01758,MEM00165,1,4.6
M01758,MEM00165,1,3.65
M01758,MEM00165,1,3.41
M01758,MEM00165,1,4.6
M01758,MEM00165,1,3.29
M01758,MEM00165,1,4.97
M01758,MEM00692,1,4.11
M01758,MEM00692,1,3.27
M01758,MEM00692,1,3.91
M01758,MEM00692,1,4.43
M01758,MEM00692,1,3.88
M01758,MEM00692,1,4.21
M01758,MEM00692,1,4.64
M01759,MEM00252,1,0.0
M01759,MEM00252,1,0.0
M01759,MEM00252,1,0.0
M01759,MEM00252,1,0.0
M01759,MEM00252,1,0.0
M01759,MEM00252,1,0.0
M01759,MEM00252,1,0.0
M01759,MEM00307,1,0.0
M01759,MEM00307,1,0.0
M01759,MEM00307,1,0.0
M01759,MEM00307,1,0.0
M01759,MEM00307,1,0.0
M01759,MEM00307,1,0.0
M01759,MEM00307,1,0.0
M01759,MEM00606,1,0.0
M01759,MEM00606,1,0.0
M01759,MEM00606,1,0.0
M01759,MEM00606,1,0.0
M01759,MEM00606,1,0.0
M01759,MEM00606,1,0.0
M01759,MEM00606,1,0.0
M01759,MEM00479,1,0.0
M01759,MEM00479,1,0.0
M01759,MEM00479,1,0.0
M01759,MEM00479,1,0.0
M01759,MEM00479,1,0.0
M01759,MEM00479,1,0.0
M01759,MEM00479,1,0.0
M01760,MEM00598,1,0.0
M01760,MEM00598,1,0.0
M01760,MEM00598,1,0.0
M01760,MEM00598,1,0.0
M01760,MEM00598,1,0.0
M01760,MEM00598,1,0.0
M01760,MEM00598,1,0.0
M01760,MEM00353,1,0.0
M01760,MEM00353,1,0.0
M01760,MEM00353,1,0.0
M01760,MEM00353,1,0.0
M01760,MEM00353,1,0.0
M01760,MEM00353,1,0.0
M01760,MEM00353,1,0.0
M01760,MEM00062,1,0.0
M01760,MEM00062,1,0.0
M01760,MEM00062,1,0.0
M01760,MEM00062,1,0.0
M01760,MEM00062,1,0.0
M01760,MEM00062,1,0.0
M01760,MEM00062,1,0.0
M01760,MEM00202,1,0.0
M01760,MEM00202,1,0.0
M01760,MEM00202,1,0.0
M01760,MEM00202,1,0.0
M01760,MEM00202,1,0.0
M01760,MEM00202,1,0.0
M01760,MEM00202,1,0.0
M01761,MEM00375,1,4.08
M01761,MEM00375,1,3.64
M01761,MEM00375,1,4.02
M01761,MEM00375,1,5.0
M01761,MEM00375,1,5.0
M01761,MEM00375,1,2.99
M01761,MEM00375,1,4.85
M01761,MEM00230,1,4.35
M01761,MEM00230,1,4.75
M01761,MEM00230,1,3.87
M01761,MEM00230,1,3.14
M01761,MEM00230,1,4.55
M01761,MEM00230,1,3.64
M01761,MEM00230,1,3.37
M01763,MEM00273,1,3.41
M01763,MEM00273,1,4.56
M01763,MEM00273,1,4.28
M01763,MEM00273,1,4.67
M01763,MEM00273,1,4.6
M01763,MEM00273,1,3.95
M01763,MEM00273,1,4.16
M01763,MEM00060,1,3.89
M01763,MEM00060,1,4.07
M01763,MEM00060,1,3.62
M01763,MEM00060,1,4.43
M01763,MEM00060,1,4.85
M01763,MEM00060,1,3.71
M01763,MEM00060,1,4.97
M01763,MEM00157,1,4.27
M01763,MEM00157,1,4.34
M01763,MEM00157,1,3.18
M01763,MEM00157,1,3.12
M01763,MEM00157,1,4.29
M01763,MEM00157,1,4.67
M01763,MEM00157,1,3.8
M01763,MEM00312,1,5.0
M01763,MEM00312,1,4.64
M01763,MEM00312,1,3.65
M01763,MEM00312,1,4.22
M01763,MEM00312,1,5.0
M01763,MEM00312,1,3.45
M01763,MEM00312,1,4.52
M01764,MEM00461,1,4.01
M01764,MEM00461,1,4.62
M01764,MEM00461,1,4.96
M01764,MEM00461,1,3.97
M01764,MEM00461,1,4.87
M01764,MEM00461,1,5.0
M01764,MEM00461,1,4.24
M01764,EXT00356,0,4.67
M01764,EXT00356,0,3.85
M01764,EXT00356,0,4.21
M01764,EXT00356,0,4.09
M01764,EXT00356,0,4.68
M01764,EXT00356,0,4.92
M01764,EXT00356,0,4.13
M01765,MEM00139,1,0.0
M01765,MEM00139,1,0.0
M01765,MEM00139,1,0.0
M01765,MEM00139,1,0.0
M01765,MEM00139,1,0.0
M01765,MEM00139,1,0.0
M01765,MEM00139,1,0.0
M01765,EXT00239,0,0.0
M01765,EXT00239,0,0.0
M01765,EXT00239,0,0.0
M01765,EXT00239,0,0.0
M01765,EXT00239,0,0.0
M01765,EXT00239,0,0.0
M01765,EXT00239,0,0.0
M01765,EXT00268,0,0.0
M01765,EXT00268,0,0.0
M01765,EXT00268,0,0.0
M01765,EXT00268,0,0.0
M01765,EXT00268,0,0.0
M01765,EXT00268,0,0.0
M01765,EXT00268,0,0.0
M01766,MEM00324,1,5.0
M01766,MEM00324,1,5.0
M01766,MEM00324,1,4.71
M01766,MEM00324,1,3.89
M01766,MEM00324,1,3.83
M01766,MEM00324,1,3.71
M01766,MEM00324,1,4.77
M01766,MEM00563,1,3.47
M01766,MEM00563,1,4.61
M01766,MEM00563,1,3.55
M01766,MEM00563,1,4.69
M01766,MEM00563,1,4.21
M01766,MEM00563,1,5.0
M01766,MEM00563,1,4.88
M01767,MEM00320,1,5.0
M01767,MEM00320,1,5.0
M01767,MEM00320,1,4.29
M01767,MEM00320,1,3.5
M01767,MEM00320,1,3.57
M01767,MEM00320,1,2.95
M01767,MEM00320,1,3.55
M01767,MEM00395,1,4.24
M01767,MEM00395,1,3.86
M01767,MEM00395,1,4.09
M01767,MEM00395,1,4.5
M01767,MEM00395,1,4.02
M01767,MEM00395,1,3.53
M01767,MEM00395,1,4.17
M01768,MEM00005,1,0.0
M01768,MEM00005,1,0.0
M01768,MEM00005,1,0.0
M01768,MEM00005,1,0.0
M01768,MEM00005,1,0.0
M01768,MEM00005,1,0.0
M01768,MEM00005,1,0.0
M01769,MEM00558,1,0.0
M01769,MEM00558,1,0.0
M01769,MEM00558,1,0.0
M01769,MEM00558,1,0.0
M01769,MEM00558,1,0.0
M01769,MEM00558,1,0.0
M01769,MEM00558,1,0.0
M01769,MEM00520,1,0.0
M01769,MEM00520,1,0.0
M01769,MEM00520,1,0.0
M01769,MEM00520,1,0.0
M01769,MEM00520,1,0.0
M01769,MEM00520,1,0.0
M01769,MEM00520,1,0.0
M01769,EXT00020,0,0.0
M01769,EXT00020,0,0.0
M01769,EXT00020,0,0.0
M01769,EXT00020,0,0.0
M01769,EXT00020,0,0.0
M01769,EXT00020,0,0.0
M01769,EXT00020,0,0.0
M01770,MEM00780,1,3.66
M01770,MEM00780,1,4.04
M01770,MEM00780,1,5.0
M01770,MEM00780,1,4.04
M01770,MEM00780,1,5.0
M01770,MEM00780,1,5.0
M01770,MEM00780,1,3.85
M01770,MEM00285,1,3.53
M01770,MEM00285,1,4.17
M01770,MEM00285,1,4.89
M01770,MEM00285,1,3.91
M01770,MEM00285,1,4.74
M01770,MEM00285,1,4.93
M01770,MEM00285,1,3.74
M01771,EXT00164,0,0.0
M01771,EXT00164,0,0.0
M01771,EXT00164,0,0.0
M01771,EXT00164,0,0.0
M01771,EXT00164,0,0.0
M01771,EXT00164,0,0.0
M01771,EXT00164,0,0.0
M01772,MEM00394,1,0.0
M01772,MEM00394,1,0.0
M01772,MEM00394,1,0.0
M01772,MEM00394,1,0.0
M01772,MEM00394,1,0.0
M01772,MEM00394,1,0.0
M01772,MEM00394,1,0.0
M01772,EXT00362,0,0.0
M01772,EXT00362,0,0.0
M01772,EXT00362,0,0.0
M01772,EXT00362,0,0.0
M01772,EXT00362,0,0.0
M01772,EXT00362,0,0.0
M01772,EXT00362,0,0.0
M01772,EXT00291,0,0.0
M01772,EXT00291,0,0.0
M01772,EXT00291,0,0.0
M01772,EXT00291,0,0.0
M01772,EXT00291,0,0.0
M01772,EXT00291,0,0.0
M01772,EXT00291,0,0.0
M01774,MEM00688,1,3.79
M01774,MEM00688,1,4.63
M01774,MEM00688,1,4.29
M01774,MEM00688,1,3.79
M01774,MEM00688,1,3.99
M01774,MEM00688,1,4.16
M01774,MEM00688,1,3.26
M01774,MEM00461,1,4.66
M01774,MEM00461,1,3.91
M01774,MEM00461,1,2.53
M01774,MEM00461,1,4.19
M01774,MEM00461,1,3.76
M01774,MEM00461,1,5.0
M01774,MEM00461,1,3.85
M01774,MEM00632,1,3.54
M01774,MEM00632,1,4.5
M01774,MEM00632,1,3.8
M01774,MEM00632,1,3.73
M01774,MEM00632,1,4.51
M01774,MEM00632,1,3.58
M01774,MEM00632,1,3.33
M01774,EXT00184,0,5.0
M01774,EXT00184,0,4.55
M01774,EXT00184,0,4.04
M01774,EXT00184,0,4.2
M01774,EXT00184,0,4.5
M01774,EXT00184,0,4.78
M01774,EXT00184,0,3.75
M01775,MEM00300,1,4.42
M01775,MEM00300,1,3.9
M01775,MEM00300,1,4.09
M01775,MEM00300,1,4.3
M01775,MEM00300,1,4.2
M01775,MEM00300,1,4.64
M01775,MEM00300,1,4.49
M01775,MEM00375,1,3.3
M01775,MEM00375,1,3.39
M01775,MEM00375,1,3.98
M01775,MEM00375,1,5.0
M01775,MEM00375,1,3.69
M01775,MEM00375,1,4.08
M01775,MEM00375,1,3.88
M01775,EXT00382,0,3.87
M01775,EXT00382,0,4.31
M01775,EXT00382,0,5.0
M01775,EXT00382,0,4.47
M01775,EXT00382,0,3.72
M01775,EXT00382,0,5.0
M01775,EXT00382,0,4.25
M01775,EXT00284,0,3.85
M01775,EXT00284,0,5.0
M01775,EXT00284,0,3.92
M01775,EXT00284,0,5.0
M01775,EXT00284,0,3.68
M01775,EXT00284,0,5.0
M01775,EXT00284,0,4.32
M01776,MEM00083,1,4.97
M01776,MEM00083,1,5.0
M01776,MEM00083,1,3.52
M01776,MEM00083,1,4.97
M01776,MEM00083,1,3.35
M01776,MEM00083,1,3.57
M01776,MEM00083,1,3.72
M01776,EXT00344,0,4.5
M01776,EXT00344,0,4.22
M01776,EXT00344,0,4.1
M01776,EXT00344,0,4.29
M01776,EXT00344,0,4.55
M01776,EXT00344,0,4.6
M01776,EXT00344,0,4.86
M01777,MEM00379,1,0.0
M01777,MEM00379,1,0.0
M01777,MEM00379,1,0.0
M01777,MEM00379,1,0.0
M01777,MEM00379,1,0.0
M01777,MEM00379,1,0.0
M01777,MEM00379,1,0.0
M01779,MEM00324,1,5.0
M01779,MEM00324,1,4.19
M01779,MEM00324,1,3.89
M01779,MEM00324,1,4.57
M01779,MEM00324,1,3.51
M01779,MEM00324,1,3.79
M01779,MEM00324,1,4.8
M01779,MEM00701,1,4.13
M01779,MEM00701,1,3.48
M01779,MEM00701,1,3.31
M01779,MEM00701,1,4.23
M01779,MEM00701,1,4.89
M01779,MEM00701,1,4.88
M01779,MEM00701,1,4.27
M01779,MEM00426,1,5.0
M01779,MEM00426,1,4.14
M01779,MEM00426,1,4.12
M01779,MEM00426,1,2.66
M01779,MEM00426,1,3.93
M01779,MEM00426,1,4.71
M01779,MEM00426,1,5.0
M01779,MEM00071,1,3.7
M01779,MEM00071,1,4.48
M01779,MEM00071,1,4.83
M01779,MEM00071,1,4.21
M01779,MEM00071,1,2.83
M01779,MEM00071,1,4.35
M01779,MEM00071,1,4.66
M01780,MEM00180,1,0.0
M01780,MEM00180,1,0.0
M01780,MEM00180,1,0.0
M01780,MEM00180,1,0.0
M01780,MEM00180,1,0.0
M01780,MEM00180,1,0.0
M01780,MEM00180,1,0.0
M01781,MEM00655,1,3.63
M01781,MEM00655,1,4.05
M01781,MEM00655,1,3.51
M01781,MEM00655,1,2.66
M01781,MEM00655,1,4.82
M01781,MEM00655,1,4.2
M01781,MEM00655,1,5.0
M01781,MEM00435,1,4.71
M01781,MEM00435,1,3.99
M01781,MEM00435,1,4.15
M01781,MEM00435,1,4.54
M01781,MEM00435,1,4.78
M01781,MEM00435,1,4.39
M01781,MEM00435,1,4.86
M01782,MEM00059,1,0.0
M01782,MEM00059,1,0.0
M01782,MEM00059,1,0.0
M01782,MEM00059,1,0.0
M01782,MEM00059,1,0.0
M01782,MEM00059,1,0.0
M01782,MEM00059,1,0.0
M01783,MEM00221,1,0.0
M01783,MEM00221,1,0.0
M01783,MEM00221,1,0.0
M01783,MEM00221,1,0.0
M01783,MEM00221,1,0.0
M01783,MEM00221,1,0.0
M01783,MEM00221,1,0.0
M01783,MEM00402,1,0.0
M01783,MEM00402,1,0.0
M01783,MEM00402,1,0.0
M01783,MEM00402,1,0.0
M01783,MEM00402,1,0.0
M01783,MEM00402,1,0.0
M01783,MEM00402,1,0.0
M01783,MEM00773,1,0.0
M01783,MEM00773,1,0.0
M01783,MEM00773,1,0.0
M01783,MEM00773,1,0.0
M01783,MEM00773,1,0.0
M01783,MEM00773,1,0.0
M01783,MEM00773,1,0.0
M01786,MEM00680,1,0.0
M01786,MEM00680,1,0.0
M01786,MEM00680,1,0.0
M01786,MEM00680,1,0.0
M01786,MEM00680,1,0.0
M01786,MEM00680,1,0.0
M01786,MEM00680,1,0.0
M01786,MEM00375,1,0.0
M01786,MEM00375,1,0.0
M01786,MEM00375,1,0.0
M01786,MEM00375,1,0.0
M01786,MEM00375,1,0.0
M01786,MEM00375,1,0.0
M01786,MEM00375,1,0.0
M01786,MEM00235,1,0.0
M01786,MEM00235,1,0.0
M01786,MEM00235,1,0.0
M01786,MEM00235,1,0.0
M01786,MEM00235,1,0.0
M01786,MEM00235,1,0.0
M01786,MEM00235,1,0.0
M01786,EXT00078,0,0.0
M01786,EXT00078,0,0.0
M01786,EXT00078,0,0.0
M01786,EXT00078,0,0.0
M01786,EXT00078,0,0.0
M01786,EXT00078,0,0.0
M01786,EXT00078,0,0.0
M01787,MEM00227,1,0.0
M01787,MEM00227,1,0.0
M01787,MEM00227,1,0.0
M01787,MEM00227,1,0.0
M01787,MEM00227,1,0.0
M01787,MEM00227,1,0.0
M01787,MEM00227,1,0.0
M01787,MEM00121,1,0.0
M01787,MEM00121,1,0.0
M01787,MEM00121,1,0.0
M01787,MEM00121,1,0.0
M01787,MEM00121,1,0.0
M01787,MEM00121,1,0.0
M01787,MEM00121,1,0.0
M01788,MEM00623,1,0.0
M01788,MEM00623,1,0.0
M01788,MEM00623,1,0.0
M01788,MEM00623,1,0.0
M01788,MEM00623,1,0.0
M01788,MEM00623,1,0.0
M01788,MEM00623,1,0.0
M01789,MEM00155,1,4.02
M01789,MEM00155,1,3.6
M01789,MEM00155,1,4.16
M01789,MEM00155,1,4.32
M01789,MEM00155,1,3.48
M01789,MEM00155,1,3.4
M01789,MEM00155,1,4.47
M01789,MEM00375,1,3.96
M01789,MEM00375,1,4.1
M01789,MEM00375,1,3.98
M01789,MEM00375,1,5.0
M01789,MEM00375,1,4.96
M01789,MEM00375,1,3.46
M01789,MEM00375,1,3.88
M01789,MEM00201,1,4.71
M01789,MEM00201,1,4.56
M01789,MEM00201,1,4.18
M01789,MEM00201,1,3.52
M01789,MEM00201,1,3.79
M01789,MEM00201,1,3.89
M01789,MEM00201,1,4.37
M01789,EXT00125,0,5.0
M01789,EXT00125,0,3.79
M01789,EXT00125,0,3.58
M01789,EXT00125,0,4.13
M01789,EXT00125,0,4.82
M01789,EXT00125,0,3.33
M01789,EXT00125,0,5.0
M01790,MEM00756,1,0.0
M01790,MEM00756,1,0.0
M01790,MEM00756,1,0.0
M01790,MEM00756,1,0.0
M01790,MEM00756,1,0.0
M01790,MEM00756,1,0.0
M01790,MEM00756,1,0.0
M01791,EXT00129,0,0.0
M01791,EXT00129,0,0.0
M01791,EXT00129,0,0.0
M01791,EXT00129,0,0.0
M01791,EXT00129,0,0.0
M01791,EXT00129,0,0.0
M01791,EXT00129,0,0.0
M01792,MEM00379,1,4.1
M01792,MEM00379,1,3.76
M01792,MEM00379,1,3.24
M01792,MEM00379,1,4.62
M01792,MEM00379,1,4.1
M01792,MEM00379,1,4.3
M01792,MEM00379,1,3.66
M01792,MEM00787,1,4.01
M01792,MEM00787,1,3.91
M01792,MEM00787,1,4.14
M01792,MEM00787,1,3.8
M01792,MEM00787,1,3.28
M01792,MEM00787,1,5.0
M01792,MEM00787,1,3.38
M01792,EXT00072,0,4.31
M01792,EXT00072,0,3.14
M01792,EXT00072,0,3.0
M01792,EXT00072,0,4.26
M01792,EXT00072,0,4.3
M01792,EXT00072,0,4.96
M01792,EXT00072,0,4.44
M01792,EXT00358,0,4.11
M01792,EXT00358,0,3.63
M01792,EXT00358,0,5.0
M01792,EXT00358,0,4.76
M01792,EXT00358,0,3.45
M01792,EXT00358,0,4.22
M01792,EXT00358,0,4.29
M01793,MEM00572,1,0.0
M01793,MEM00572,1,0.0
M01793,MEM00572,1,0.0
M01793,MEM00572,1,0.0
M01793,MEM00572,1,0.0
M01793,MEM00572,1,0.0
M01793,MEM00572,1,0.0
M01793,MEM00368,1,0.0
M01793,MEM00368,1,0.0
M01793,MEM00368,1,0.0
M01793,MEM00368,1,0.0
M01793,MEM00368,1,0.0
M01793,MEM00368,1,0.0
M01793,MEM00368,1,0.0
M01794,MEM00581,1,3.99
M01794,MEM00581,1,4.66
M01794,MEM00581,1,4.7
M01794,MEM00581,1,4.09
M01794,MEM00581,1,4.03
M01794,MEM00581,1,5.0
M01794,MEM00581,1,4.76
M01794,MEM00785,1,4.24
M01794,MEM00785,1,3.22
M01794,MEM00785,1,4.41
M01794,MEM00785,1,4.62
M01794,MEM00785,1,2.55
M01794,MEM00785,1,4.35
M01794,MEM00785,1,3.95
M01794,MEM00097,1,4.07
M01794,MEM00097,1,3.66
M01794,MEM00097,1,4.11
M01794,MEM00097,1,5.0
M01794,MEM00097,1,3.93
M01794,MEM00097,1,4.78
M01794,MEM00097,1,3.72
M01794,MEM00055,1,4.66
M01794,MEM00055,1,4.2
M01794,MEM00055,1,4.41
M01794,MEM00055,1,4.2
M01794,MEM00055,1,4.58
M01794,MEM00055,1,2.66
M01794,MEM00055,1,3.35
M01796,MEM00167,1,4.45
M01796,MEM00167,1,2.97
M01796,MEM00167,1,3.88
M01796,MEM00167,1,4.17
M01796,MEM00167,1,3.7
M01796,MEM00167,1,3.79
M01796,MEM00167,1,4.36
M01796,MEM00216,1,4.81
M01796,MEM00216,1,3.62
M01796,MEM00216,1,3.85
M01796,MEM00216,1,3.76
M01796,MEM00216,1,2.75
M01796,MEM00216,1,4.29
M01796,MEM00216,1,4.76
M01797,MEM00041,1,0.0
M01797,MEM00041,1,0.0
M01797,MEM00041,1,0.0
M01797,MEM00041,1,0.0
M01797,MEM00041,1,0.0
M01797,MEM00041,1,0.0
M01797,MEM00041,1,0.0
M01798,MEM00021,1,0.0
M01798,MEM00021,1,0.0
M01798,MEM00021,1,0.0
M01798,MEM00021,1,0.0
M01798,MEM00021,1,0.0
M01798,MEM00021,1,0.0
M01798,MEM00021,1,0.0
M01799,MEM00617,1,0.0
M01799,MEM00617,1,0.0
M01799,MEM00617,1,0.0
M01799,MEM00617,1,0.0
M01799,MEM00617,1,0.0
M01799,MEM00617,1,0.0
M01799,MEM00617,1,0.0
M01800,MEM00333,1,4.81
M01800,MEM00333,1,3.68
M01800,MEM00333,1,3.45
M01800,MEM00333,1,4.21
M01800,MEM00333,1,4.7
M01800,MEM00333,1,4.29
M01800,MEM00333,1,4.37
M01800,MEM00479,1,4.89
M01800,MEM00479,1,3.76
M01800,MEM00479,1,4.07
M01800,MEM00479,1,5.0
M01800,MEM00479,1,4.08
M01800,MEM00479,1,3.44
M01800,MEM00479,1,3.8
M01800,MEM00126,1,3.64
M01800,MEM00126,1,4.41
M01800,MEM00126,1,3.66
M01800,MEM00126,1,4.36
M01800,MEM00126,1,3.76
M01800,MEM00126,1,2.93
M01800,MEM00126,1,4.38
M01800,MEM00374,1,4.29
M01800,MEM00374,1,4.51
M01800,MEM00374,1,3.8
M01800,MEM00374,1,3.73
M01800,MEM00374,1,4.44
M01800,MEM00374,1,5.0
M01800,MEM00374,1,4.21
M01801,MEM00029,1,0.0
M01801,MEM00029,1,0.0
M01801,MEM00029,1,0.0
M01801,MEM00029,1,0.0
M01801,MEM00029,1,0.0
M01801,MEM00029,1,0.0
M01801,MEM00029,1,0.0
M01801,EXT00317,0,0.0
M01801,EXT00317,0,0.0
M01801,EXT00317,0,0.0
M01801,EXT00317,0,0.0
M01801,EXT00317,0,0.0
M01801,EXT00317,0,0.0
M01801,EXT00317,0,0.0
M01802,MEM00338,1,4.45
M01802,MEM00338,1,4.01
M01802,MEM00338,1,3.27
M01802,MEM00338,1,4.78
M01802,MEM00338,1,4.75
M01802,MEM00338,1,4.63
M01802,MEM00338,1,4.09
M01802,MEM00007,1,4.56
M01802,MEM00007,1,4.74
M01802,MEM00007,1,5.0
M01802,MEM00007,1,4.79
M01802,MEM00007,1,4.24
M01802,MEM00007,1,3.42
M01802,MEM00007,1,4.29
M01802,MEM00611,1,4.35
M01802,MEM00611,1,4.63
M01802,MEM00611,1,5.0
M01802,MEM00611,1,4.14
M01802,MEM00611,1,5.0
M01802,MEM00611,1,3.14
M01802,MEM00611,1,4.45
M01802,MEM00714,1,3.72
M01802,MEM00714,1,3.06
M01802,MEM00714,1,4.08
M01802,MEM00714,1,3.33
M01802,MEM00714,1,4.1
M01802,MEM00714,1,4.22
M01802,MEM00714,1,4.87
M01803,MEM00377,1,3.3
M01803,MEM00377,1,4.75
M01803,MEM00377,1,4.26
M01803,MEM00377,1,4.82
M01803,MEM00377,1,3.94
M01803,MEM00377,1,3.4
M01803,MEM00377,1,3.47
M01803,MEM00303,1,3.42
M01803,MEM00303,1,4.49
M01803,MEM00303,1,5.0
M01803,MEM00303,1,3.86
M01803,MEM00303,1,4.58
M01803,MEM00303,1,3.29
M01803,MEM00303,1,4.31
M01803,MEM00421,1,4.6
M01803,MEM00421,1,3.33
M01803,MEM00421,1,4.08
M01803,MEM00421,1,4.63
M01803,MEM00421,1,2.44
M01803,MEM00421,1,5.0
M01803,MEM00421,1,4.41
M01803,EXT00357,0,4.63
M01803,EXT00357,0,3.95
M01803,EXT00357,0,3.17
M01803,EXT00357,0,4.52
M01803,EXT00357,0,4.15
M01803,EXT00357,0,4.22
M01803,EXT00357,0,4.85
M01804,MEM00256,1,4.66
M01804,MEM00256,1,5.0
M01804,MEM00256,1,4.29
M01804,MEM00256,1,3.79
M01804,MEM00256,1,4.09
M01804,MEM00256,1,4.45
M01804,MEM00256,1,4.81
M01804,MEM00714,1,3.32
M01804,MEM00714,1,4.21
M01804,MEM00714,1,5.0
M01804,MEM00714,1,4.06
M01804,MEM00714,1,4.76
M01804,MEM00714,1,4.5
M01804,MEM00714,1,4.77
M01805,MEM00768,1,3.71
M01805,MEM00768,1,3.72
M01805,MEM00768,1,4.21
M01805,MEM00768,1,3.28
M01805,MEM00768,1,4.04
M01805,MEM00768,1,4.35
M01805,MEM00768,1,5.0
M01805,MEM00479,1,4.44
M01805,MEM00479,1,4.58
M01805,MEM00479,1,4.9
M01805,MEM00479,1,3.62
M01805,MEM00479,1,4.1
M01805,MEM00479,1,5.0
M01805,MEM00479,1,4.15
M01805,MEM00749,1,4.87
M01805,MEM00749,1,4.78
M01805,MEM00749,1,3.31
M01805,MEM00749,1,4.39
M01805,MEM00749,1,4.29
M01805,MEM00749,1,4.4
M01805,MEM00749,1,3.75
M01805,EXT00207,0,3.53
M01805,EXT00207,0,3.91
M01805,EXT00207,0,4.14
M01805,EXT00207,0,4.91
M01805,EXT00207,0,5.0
M01805,EXT00207,0,5.0
M01805,EXT00207,0,4.72
M01806,MEM00362,1,0.0
M01806,MEM00362,1,0.0
M01806,MEM00362,1,0.0
M01806,MEM00362,1,0.0
M01806,MEM00362,1,0.0
M01806,MEM00362,1,0.0
M01806,MEM00362,1,0.0
M01807,MEM00213,1,3.6
M01807,MEM00213,1,3.95
M01807,MEM00213,1,4.33
M01807,MEM00213,1,3.82
M01807,MEM00213,1,4.55
M01807,MEM00213,1,4.63
M01807,MEM00213,1,4.52
M01807,EXT00060,0,4.82
M01807,EXT00060,0,3.66
M01807,EXT00060,0,4.76
M01807,EXT00060,0,3.78
M01807,EXT00060,0,3.64
M01807,EXT00060,0,4.52
M01807,EXT00060,0,4.93
M01807,EXT00229,0,4.49
M01807,EXT00229,0,4.21
M01807,EXT00229,0,4.39
M01807,EXT00229,0,4.28
M01807,EXT00229,0,3.52
M01807,EXT00229,0,3.45
M01807,EXT00229,0,4.15
M01807,EXT00378,0,4.25
M01807,EXT00378,0,4.21
M01807,EXT00378,0,4.61
M01807,EXT00378,0,4.07
M01807,EXT00378,0,4.54
M01807,EXT00378,0,4.11
M01807,EXT00378,0,5.0
M01808,MEM00213,1,0.0
M01808,MEM00213,1,0.0
M01808,MEM00213,1,0.0
M01808,MEM00213,1,0.0
M01808,MEM00213,1,0.0
M01808,MEM00213,1,0.0
M01808,MEM00213,1,0.0
M01808,MEM00216,1,0.0
M01808,MEM00216,1,0.0
M01808,MEM00216,1,0.0
M01808,MEM00216,1,0.0
M01808,MEM00216,1,0.0
M01808,MEM00216,1,0.0
M01808,MEM00216,1,0.0
M01809,MEM00315,1,0.0
M01809,MEM00315,1,0.0
M01809,MEM00315,1,0.0
M01809,MEM00315,1,0.0
M01809,MEM00315,1,0.0
M01809,MEM00315,1,0.0
M01809,MEM00315,1,0.0
M01810,MEM00799,1,0.0
M01810,MEM00799,1,0.0
M01810,MEM00799,1,0.0
M01810,MEM00799,1,0.0
M01810,MEM00799,1,0.0
M01810,MEM00799,1,0.0
M01810,MEM00799,1,0.0
M01810,EXT00023,0,0.0
M01810,EXT00023,0,0.0
M01810,EXT00023,0,0.0
M01810,EXT00023,0,0.0
M01810,EXT00023,0,0.0
M01810,EXT00023,0,0.0
M01810,EXT00023,0,0.0
M01811,MEM00142,1,4.25
M01811,MEM00142,1,5.0
M01811,MEM00142,1,4.41
M01811,MEM00142,1,4.07
M01811,MEM00142,1,3.66
M01811,MEM00142,1,3.33
M01811,MEM00142,1,3.61
M01811,MEM00459,1,3.67
M01811,MEM00459,1,4.44
M01811,MEM00459,1,3.88
M01811,MEM00459,1,4.31
M01811,MEM00459,1,4.97
M01811,MEM00459,1,4.15
M01811,MEM00459,1,5.0
M01811,MEM00082,1,3.49
M01811,MEM00082,1,4.11
M01811,MEM00082,1,3.88
M01811,MEM00082,1,4.76
M01811,MEM00082,1,2.86
M01811,MEM00082,1,3.33
M01811,MEM00082,1,4.14
M01811,EXT00171,0,5.0
M01811,EXT00171,0,4.34
M01811,EXT00171,0,3.39
M01811,EXT00171,0,3.48
M01811,EXT00171,0,5.0
M01811,EXT00171,0,3.83
M01811,EXT00171,0,3.63
M01812,MEM00210,1,5.0
M01812,MEM00210,1,4.81
M01812,MEM00210,1,4.96
M01812,MEM00210,1,3.63
M01812,MEM00210,1,3.28
M01812,MEM00210,1,4.28
M01812,MEM00210,1,4.4
M01812,MEM00244,1,4.42
M01812,MEM00244,1,5.0
M01812,MEM00244,1,3.16
M01812,MEM00244,1,4.72
M01812,MEM00244,1,3.54
M01812,MEM00244,1,4.71
M01812,MEM00244,1,3.92
M01812,MEM00086,1,3.71
M01812,MEM00086,1,3.83
M01812,MEM00086,1,3.33
M01812,MEM00086,1,4.22
M01812,MEM00086,1,3.74
M01812,MEM00086,1,4.67
M01812,MEM00086,1,4.58
M01812,MEM00400,1,5.0
M01812,MEM00400,1,4.42
M01812,MEM00400,1,4.51
M01812,MEM00400,1,5.0
M01812,MEM00400,1,3.82
M01812,MEM00400,1,3.31
M01812,MEM00400,1,4.32
M01813,EXT00113,0,0.0
M01813,EXT00113,0,0.0
M01813,EXT00113,0,0.0
M01813,EXT00113,0,0.0
M01813,EXT00113,0,0.0
M01813,EXT00113,0,0.0
M01813,EXT00113,0,0.0
M01814,MEM00760,1,3.35
M01814,MEM00760,1,5.0
M01814,MEM00760,1,5.0
M01814,MEM00760,1,5.0
M01814,MEM00760,1,4.24
M01814,MEM00760,1,4.53
M01814,MEM00760,1,3.92
M01814,MEM00770,1,4.73
M01814,MEM00770,1,3.47
M01814,MEM00770,1,2.67
M01814,MEM00770,1,3.73
M01814,MEM00770,1,3.33
M01814,MEM00770,1,5.0
M01814,MEM00770,1,5.0
M01815,MEM00447,1,3.36
M01815,MEM00447,1,4.98
M01815,MEM00447,1,4.77
M01815,MEM00447,1,3.26
M01815,MEM00447,1,3.97
M01815,MEM00447,1,3.85
M01815,MEM00447,1,4.65
M01815,MEM00254,1,3.46
M01815,MEM00254,1,4.14
M01815,MEM00254,1,3.79
M01815,MEM00254,1,4.48
M01815,MEM00254,1,4.07
M01815,MEM00254,1,3.88
M01815,MEM00254,1,4.07
M01815,MEM00733,1,5.0
M01815,MEM00733,1,3.95
M01815,MEM00733,1,3.58
M01815,MEM00733,1,4.55
M01815,MEM00733,1,4.11
M01815,MEM00733,1,3.35
M01815,MEM00733,1,5.0
M01815,EXT00004,0,3.99
M01815,EXT00004,0,3.97
M01815,EXT00004,0,4.3
M01815,EXT00004,0,5.0
M01815,EXT00004,0,3.19
M01815,EXT00004,0,4.37
M01815,EXT00004,0,5.0
M01816,MEM00648,1,4.28
M01816,MEM00648,1,3.46
M01816,MEM00648,1,3.83
M01816,MEM00648,1,4.32
M01816,MEM00648,1,5.0
M01816,MEM00648,1,4.0
M01816,MEM00648,1,4.7
M01816,MEM00763,1,3.34
M01816,MEM00763,1,3.33
M01816,MEM00763,1,3.91
M01816,MEM00763,1,5.0
M01816,MEM00763,1,4.24
M01816,MEM00763,1,4.37
M01816,MEM00763,1,4.37
M01817,MEM00090,1,4.87
M01817,MEM00090,1,3.83
M01817,MEM00090,1,4.61
M01817,MEM00090,1,3.7
M01817,MEM00090,1,5.0
M01817,MEM00090,1,3.72
M01817,MEM00090,1,3.67
M01817,EXT00066,0,4.53
M01817,EXT00066,0,4.25
M01817,EXT00066,0,4.4
M01817,EXT00066,0,4.34
M01817,EXT00066,0,3.55
M01817,EXT00066,0,5.0
M01817,EXT00066,0,4.74
M01818,EXT00380,0,0.0
M01818,EXT00380,0,0.0
M01818,EXT00380,0,0.0
M01818,EXT00380,0,0.0
M01818,EXT00380,0,0.0
M01818,EXT00380,0,0.0
M01818,EXT00380,0,0.0
M01819,MEM00210,1,5.0
M01819,MEM00210,1,3.88
M01819,MEM00210,1,4.45
M01819,MEM00210,1,4.32
M01819,MEM00210,1,4.88
M01819,MEM00210,1,4.9
M01819,MEM00210,1,4.32
M01819,MEM00010,1,3.29
M01819,MEM00010,1,5.0
M01819,MEM00010,1,4.53
M01819,MEM00010,1,3.83
M01819,MEM00010,1,4.44
M01819,MEM00010,1,3.29
M01819,MEM00010,1,4.83
M01819,MEM00421,1,3.32
M01819,MEM00421,1,4.07
M01819,MEM00421,1,4.35
M01819,MEM00421,1,4.82
M01819,MEM00421,1,4.26
M01819,MEM00421,1,4.58
M01819,MEM00421,1,4.18
M01819,EXT00180,0,4.18
M01819,EXT00180,0,4.25
M01819,EXT00180,0,4.09
M01819,EXT00180,0,3.19
M01819,EXT00180,0,3.74
M01819,EXT00180,0,4.35
M01819,EXT00180,0,4.05
M01820,MEM00559,1,4.11
M01820,MEM00559,1,4.01
M01820,MEM00559,1,3.68
M01820,MEM00559,1,3.9
M01820,MEM00559,1,4.02
M01820,MEM00559,1,4.2
M01820,MEM00559,1,4.44
M01820,EXT00299,0,4.09
M01820,EXT00299,0,3.58
M01820,EXT00299,0,3.36
M01820,EXT00299,0,5.0
M01820,EXT00299,0,3.52
M01820,EXT00299,0,3.89
M01820,EXT00299,0,4.51
M01821,MEM00221,1,4.42
M01821,MEM00221,1,4.51
M01821,MEM00221,1,3.93
M01821,MEM00221,1,4.34
M01821,MEM00221,1,4.24
M01821,MEM00221,1,4.01
M01821,MEM00221,1,4.35
M01821,MEM00315,1,4.83
M01821,MEM00315,1,4.19
M01821,MEM00315,1,4.19
M01821,MEM00315,1,4.84
M01821,MEM00315,1,4.78
M01821,MEM00315,1,5.0
M01821,MEM00315,1,3.15
M01821,MEM00421,1,4.74
M01821,MEM00421,1,4.56
M01821,MEM00421,1,3.67
M01821,MEM00421,1,4.35
M01821,MEM00421,1,4.83
M01821,MEM00421,1,3.7
M01821,MEM00421,1,4.47
M01821,MEM00796,1,4.72
M01821,MEM00796,1,3.56
M01821,MEM00796,1,4.11
M01821,MEM00796,1,4.38
M01821,MEM00796,1,3.72
M01821,MEM00796,1,3.67
M01821,MEM00796,1,4.12
M01822,MEM00678,1,4.68
M01822,MEM00678,1,4.59
M01822,MEM00678,1,3.68
M01822,MEM00678,1,4.59
M01822,MEM00678,1,3.7
M01822,MEM00678,1,3.23
M01822,MEM00678,1,3.98
M01822,MEM00778,1,4.87
M01822,MEM00778,1,4.59
M01822,MEM00778,1,4.2
M01822,MEM00778,1,3.95
M01822,MEM00778,1,3.97
M01822,MEM00778,1,4.27
M01822,MEM00778,1,3.56
M01822,MEM00157,1,3.99
M01822,MEM00157,1,4.07
M01822,MEM00157,1,3.39
M01822,MEM00157,1,3.7
M01822,MEM00157,1,4.45
M01822,MEM00157,1,4.21
M01822,MEM00157,1,4.01
M01822,EXT00202,0,3.65
M01822,EXT00202,0,5.0
M01822,EXT00202,0,3.7
M01822,EXT00202,0,4.35
M01822,EXT00202,0,3.91
M01822,EXT00202,0,4.22
M01822,EXT00202,0,4.47
M01824,MEM00479,1,3.38
M01824,MEM00479,1,4.2
M01824,MEM00479,1,4.91
M01824,MEM00479,1,5.0
M01824,MEM00479,1,4.12
M01824,MEM00479,1,4.23
M01824,MEM00479,1,5.0
M01824,MEM00201,1,4.88
M01824,MEM00201,1,3.83
M01824,MEM00201,1,3.83
M01824,MEM00201,1,4.77
M01824,MEM00201,1,3.59
M01824,MEM00201,1,4.85
M01824,MEM00201,1,4.4
M01825,MEM00423,1,0.0
M01825,MEM00423,1,0.0
M01825,MEM00423,1,0.0
M01825,MEM00423,1,0.0
M01825,MEM00423,1,0.0
M01825,MEM00423,1,0.0
M01825,MEM00423,1,0.0
M01826,MEM00406,1,4.51
M01826,MEM00406,1,4.05
M01826,MEM00406,1,3.82
M01826,MEM00406,1,5.0
M01826,MEM00406,1,4.05
M01826,MEM00406,1,3.95
M01826,MEM00406,1,4.15
M01826,MEM00789,1,4.32
M01826,MEM00789,1,3.58
M01826,MEM00789,1,3.86
M01826,MEM00789,1,3.83
M01826,MEM00789,1,4.71
M01826,MEM00789,1,3.67
M01826,MEM00789,1,3.15
M01826,MEM00562,1,3.02
M01826,MEM00562,1,3.32
M01826,MEM00562,1,5.0
M01826,MEM00562,1,4.21
M01826,MEM00562,1,4.5
M01826,MEM00562,1,4.52
M01826,MEM00562,1,4.23
M01826,MEM00479,1,4.16
M01826,MEM00479,1,4.83
M01826,MEM00479,1,4.29
M01826,MEM00479,1,5.0
M01826,MEM00479,1,4.57
M01826,MEM00479,1,3.83
M01826,MEM00479,1,3.9
M01827,MEM00285,1,0.0
M01827,MEM00285,1,0.0
M01827,MEM00285,1,0.0
M01827,MEM00285,1,0.0
M01827,MEM00285,1,0.0
M01827,MEM00285,1,0.0
M01827,MEM00285,1,0.0
M01827,MEM00157,1,0.0
M01827,MEM00157,1,0.0
M01827,MEM00157,1,0.0
M01827,MEM00157,1,0.0
M01827,MEM00157,1,0.0
M01827,MEM00157,1,0.0
M01827,MEM00157,1,0.0
M01827,MEM00615,1,0.0
M01827,MEM00615,1,0.0
M01827,MEM00615,1,0.0
M01827,MEM00615,1,0.0
M01827,MEM00615,1,0.0
M01827,MEM00615,1,0.0
M01827,MEM00615,1,0.0
M01828,MEM00299,1,0.0
M01828,MEM00299,1,0.0
M01828,MEM00299,1,0.0
M01828,MEM00299,1,0.0
M01828,MEM00299,1,0.0
M01828,MEM00299,1,0.0
M01828,MEM00299,1,0.0
M01829,MEM00267,1,0.0
M01829,MEM00267,1,0.0
M01829,MEM00267,1,0.0
M01829,MEM00267,1,0.0
M01829,MEM00267,1,0.0
M01829,MEM00267,1,0.0
M01829,MEM00267,1,0.0
M01830,MEM00336,1,3.76
M01830,MEM00336,1,4.93
M01830,MEM00336,1,3.96
M01830,MEM00336,1,3.72
M01830,MEM00336,1,4.39
M01830,MEM00336,1,4.14
M01830,MEM00336,1,4.38
M01830,EXT00197,0,5.0
M01830,EXT00197,0,4.75
M01830,EXT00197,0,4.22
M01830,EXT00197,0,3.35
M01830,EXT00197,0,3.9
M01830,EXT00197,0,4.63
M01830,EXT00197,0,3.5
M01830,EXT00227,0,5.0
M01830,EXT00227,0,4.21
M01830,EXT00227,0,4.23
M01830,EXT00227,0,3.8
M01830,EXT00227,0,4.5
M01830,EXT00227,0,3.51
M01830,EXT00227,0,5.0
M01830,EXT00317,0,4.99
M01830,EXT00317,0,4.79
M01830,EXT00317,0,3.37
M01830,EXT00317,0,4.32
M01830,EXT00317,0,4.93
M01830,EXT00317,0,4.56
M01830,EXT00317,0,3.6
M01832,MEM00261,1,0.0
M01832,MEM00261,1,0.0
M01832,MEM00261,1,0.0
M01832,MEM00261,1,0.0
M01832,MEM00261,1,0.0
M01832,MEM00261,1,0.0
M01832,MEM00261,1,0.0
M01833,MEM00210,1,0.0
M01833,MEM00210,1,0.0
M01833,MEM00210,1,0.0
M01833,MEM00210,1,0.0
M01833,MEM00210,1,0.0
M01833,MEM00210,1,0.0
M01833,MEM00210,1,0.0
M01833,MEM00646,1,0.0
M01833,MEM00646,1,0.0
M01833,MEM00646,1,0.0
M01833,MEM00646,1,0.0
M01833,MEM00646,1,0.0
M01833,MEM00646,1,0.0
M01833,MEM00646,1,0.0
M01834,MEM00196,1,0.0
M01834,MEM00196,1,0.0
M01834,MEM00196,1,0.0
M01834,MEM00196,1,0.0
M01834,MEM00196,1,0.0
M01834,MEM00196,1,0.0
M01834,MEM00196,1,0.0
M01834,MEM00395,1,0.0
M01834,MEM00395,1,0.0
M01834,MEM00395,1,0.0
M01834,MEM00395,1,0.0
M01834,MEM00395,1,0.0
M01834,MEM00395,1,0.0
M01834,MEM00395,1,0.0
M01834,MEM00210,1,0.0
M01834,MEM00210,1,0.0
M01834,MEM00210,1,0.0
M01834,MEM00210,1,0.0
M01834,MEM00210,1,0.0
M01834,MEM00210,1,0.0
M01834,MEM00210,1,0.0
M01834,EXT00006,0,0.0
M01834,EXT00006,0,0.0
M01834,EXT00006,0,0.0
M01834,EXT00006,0,0.0
M01834,EXT00006,0,0.0
M01834,EXT00006,0,0.0
M01834,EXT00006,0,0.0
M01835,MEM00353,1,0.0
M01835,MEM00353,1,0.0
M01835,MEM00353,1,0.0
M01835,MEM00353,1,0.0
M01835,MEM00353,1,0.0
M01835,MEM00353,1,0.0
M01835,MEM00353,1,0.0
M01835,MEM00502,1,0.0
M01835,MEM00502,1,0.0
M01835,MEM00502,1,0.0
M01835,MEM00502,1,0.0
M01835,MEM00502,1,0.0
M01835,MEM00502,1,0.0
M01835,MEM00502,1,0.0
M01835,MEM00400,1,0.0
M01835,MEM00400,1,0.0
M01835,MEM00400,1,0.0
M01835,MEM00400,1,0.0
M01835,MEM00400,1,0.0
M01835,MEM00400,1,0.0
M01835,MEM00400,1,0.0
M01836,MEM00447,1,3.81
M01836,MEM00447,1,3.93
M01836,MEM00447,1,3.84
M01836,MEM00447,1,5.0
M01836,MEM00447,1,3.05
M01836,MEM00447,1,4.59
M01836,MEM00447,1,3.42
M01836,MEM00770,1,3.62
M01836,MEM00770,1,2.99
M01836,MEM00770,1,3.87
M01836,MEM00770,1,5.0
M01836,MEM00770,1,4.36
M01836,MEM00770,1,3.48
M01836,MEM00770,1,4.81
M01837,MEM00687,1,4.94
M01837,MEM00687,1,4.26
M01837,MEM00687,1,5.0
M01837,MEM00687,1,4.69
M01837,MEM00687,1,4.61
M01837,MEM00687,1,3.72
M01837,MEM00687,1,4.58
M01837,EXT00349,0,4.33
M01837,EXT00349,0,4.51
M01837,EXT00349,0,3.79
M01837,EXT00349,0,4.28
M01837,EXT00349,0,3.71
M01837,EXT00349,0,2.91
M01837,EXT00349,0,4.8
M01837,EXT00058,0,3.3
M01837,EXT00058,0,4.26
M01837,EXT00058,0,4.4
M01837,EXT00058,0,4.4
M01837,EXT00058,0,4.03
M01837,EXT00058,0,4.36
M01837,EXT00058,0,4.48
M01837,EXT00225,0,4.64
M01837,EXT00225,0,5.0
M01837,EXT00225,0,4.34
M01837,EXT00225,0,4.24
M01837,EXT00225,0,3.66
M01837,EXT00225,0,4.46
M01837,EXT00225,0,4.6
M01838,MEM00461,1,4.08
M01838,MEM00461,1,4.53
M01838,MEM00461,1,4.02
M01838,MEM00461,1,4.6
M01838,MEM00461,1,4.75
M01838,MEM00461,1,4.74
M01838,MEM00461,1,4.27
M01838,MEM00579,1,3.58
M01838,MEM00579,1,3.83
M01838,MEM00579,1,4.56
M01838,MEM00579,1,5.0
M01838,MEM00579,1,4.0
M01838,MEM00579,1,4.47
M01838,MEM00579,1,3.87
M01839,MEM00285,1,3.62
M01839,MEM00285,1,3.79
M01839,MEM00285,1,2.95
M01839,MEM00285,1,5.0
M01839,MEM00285,1,2.86
M01839,MEM00285,1,4.04
M01839,MEM00285,1,3.49
M01839,MEM00091,1,3.67
M01839,MEM00091,1,5.0
M01839,MEM00091,1,4.32
M01839,MEM00091,1,3.62
M01839,MEM00091,1,3.85
M01839,MEM00091,1,3.74
M01839,MEM00091,1,4.17
M01839,EXT00184,0,4.3
M01839,EXT00184,0,5.0
M01839,EXT00184,0,3.05
M01839,EXT00184,0,4.18
M01839,EXT00184,0,4.01
M01839,EXT00184,0,4.77
M01839,EXT00184,0,4.41
M01839,EXT00155,0,4.55
M01839,EXT00155,0,4.41
M01839,EXT00155,0,3.64
M01839,EXT00155,0,4.93
M01839,EXT00155,0,4.68
M01839,EXT00155,0,4.75
M01839,EXT00155,0,4.96
M01840,MEM00690,1,0.0
M01840,MEM00690,1,0.0
M01840,MEM00690,1,0.0
M01840,MEM00690,1,0.0
M01840,MEM00690,1,0.0
M01840,MEM00690,1,0.0
M01840,MEM00690,1,0.0
M01841,MEM00210,1,0.0
M01841,MEM00210,1,0.0
M01841,MEM00210,1,0.0
M01841,MEM00210,1,0.0
M01841,MEM00210,1,0.0
M01841,MEM00210,1,0.0
M01841,MEM00210,1,0.0
M01841,MEM00268,1,0.0
M01841,MEM00268,1,0.0
M01841,MEM00268,1,0.0
M01841,MEM00268,1,0.0
M01841,MEM00268,1,0.0
M01841,MEM00268,1,0.0
M01841,MEM00268,1,0.0
M01841,MEM00765,1,0.0
M01841,MEM00765,1,0.0
M01841,MEM00765,1,0.0
M01841,MEM00765,1,0.0
M01841,MEM00765,1,0.0
M01841,MEM00765,1,0.0
M01841,MEM00765,1,0.0
M01841,MEM00770,1,0.0
M01841,MEM00770,1,0.0
M01841,MEM00770,1,0.0
M01841,MEM00770,1,0.0
M01841,MEM00770,1,0.0
M01841,MEM00770,1,0.0
M01841,MEM00770,1,0.0
M01842,MEM00716,1,0.0
M01842,MEM00716,1,0.0
M01842,MEM00716,1,0.0
M01842,MEM00716,1,0.0
M01842,MEM00716,1,0.0
M01842,MEM00716,1,0.0
M01842,MEM00716,1,0.0
M01843,MEM00352,1,4.45
M01843,MEM00352,1,5.0
M01843,MEM00352,1,4.43
M01843,MEM00352,1,4.07
M01843,MEM00352,1,4.2
M01843,MEM00352,1,4.19
M01843,MEM00352,1,3.89
M01843,MEM00417,1,5.0
M01843,MEM00417,1,4.38
M01843,MEM00417,1,4.26
M01843,MEM00417,1,4.43
M01843,MEM00417,1,5.0
M01843,MEM00417,1,3.52
M01843,MEM00417,1,3.69
M01843,MEM00249,1,3.37
M01843,MEM00249,1,4.06
M01843,MEM00249,1,4.35
M01843,MEM00249,1,3.92
M01843,MEM00249,1,3.88
M01843,MEM00249,1,4.29
M01843,MEM00249,1,3.9
M01843,MEM00770,1,4.39
M01843,MEM00770,1,4.87
M01843,MEM00770,1,4.61
M01843,MEM00770,1,4.73
M01843,MEM00770,1,4.85
M01843,MEM00770,1,4.37
M01843,MEM00770,1,4.1
M01844,MEM00553,1,0.0
M01844,MEM00553,1,0.0
M01844,MEM00553,1,0.0
M01844,MEM00553,1,0.0
M01844,MEM00553,1,0.0
M01844,MEM00553,1,0.0
M01844,MEM00553,1,0.0
M01844,MEM00210,1,0.0
M01844,MEM00210,1,0.0
M01844,MEM00210,1,0.0
M01844,MEM00210,1,0.0
M01844,MEM00210,1,0.0
M01844,MEM00210,1,0.0
M01844,MEM00210,1,0.0
M01844,MEM00592,1,0.0
M01844,MEM00592,1,0.0
M01844,MEM00592,1,0.0
M01844,MEM00592,1,0.0
M01844,MEM00592,1,0.0
M01844,MEM00592,1,0.0
M01844,MEM00592,1,0.0
M01845,MEM00300,1,3.74
M01845,MEM00300,1,3.97
M01845,MEM00300,1,3.89
M01845,MEM00300,1,4.64
M01845,MEM00300,1,4.41
M01845,MEM00300,1,4.62
M01845,MEM00300,1,3.5
M01845,MEM00055,1,5.0
M01845,MEM00055,1,3.94
M01845,MEM00055,1,3.54
M01845,MEM00055,1,3.94
M01845,MEM00055,1,5.0
M01845,MEM00055,1,3.97
M01845,MEM00055,1,4.0
M01845,MEM00054,1,4.08
M01845,MEM00054,1,4.11
M01845,MEM00054,1,3.73
M01845,MEM00054,1,4.29
M01845,MEM00054,1,4.85
M01845,MEM00054,1,4.39
M01845,MEM00054,1,3.53
M01845,EXT00132,0,3.99
M01845,EXT00132,0,3.87
M01845,EXT00132,0,4.23
M01845,EXT00132,0,5.0
M01845,EXT00132,0,4.11
M01845,EXT00132,0,4.15
M01845,EXT00132,0,5.0
M01846,MEM00243,1,4.73
M01846,MEM00243,1,4.54
M01846,MEM00243,1,5.0
M01846,MEM00243,1,4.49
M01846,MEM00243,1,3.01
M01846,MEM00243,1,4.7
M01846,MEM00243,1,3.24
M01846,MEM00388,1,4.47
M01846,MEM00388,1,3.17
M01846,MEM00388,1,3.92
M01846,MEM00388,1,3.98
M01846,MEM00388,1,3.74
M01846,MEM00388,1,3.99
M01846,MEM00388,1,4.82
M01847,MEM00236,1,3.77
M01847,MEM00236,1,4.53
M01847,MEM00236,1,3.62
M01847,MEM00236,1,4.09
M01847,MEM00236,1,4.39
M01847,MEM00236,1,3.6
M01847,MEM00236,1,3.41
M01847,MEM00774,1,4.5
M01847,MEM00774,1,4.87
M01847,MEM00774,1,4.15
M01847,MEM00774,1,3.93
M01847,MEM00774,1,4.29
M01847,MEM00774,1,4.23
M01847,MEM00774,1,4.35
M01847,MEM00174,1,2.68
M01847,MEM00174,1,3.56
M01847,MEM00174,1,3.69
M01847,MEM00174,1,4.29
M01847,MEM00174,1,4.31
M01847,MEM00174,1,4.58
M01847,MEM00174,1,4.35
M01847,MEM00249,1,3.42
M01847,MEM00249,1,5.0
M01847,MEM00249,1,4.96
M01847,MEM00249,1,3.45
M01847,MEM00249,1,4.4
M01847,MEM00249,1,3.84
M01847,MEM00249,1,4.28
M01848,MEM00353,1,0.0
M01848,MEM00353,1,0.0
M01848,MEM00353,1,0.0
M01848,MEM00353,1,0.0
M01848,MEM00353,1,0.0
M01848,MEM00353,1,0.0
M01848,MEM00353,1,0.0
M01848,MEM00321,1,0.0
M01848,MEM00321,1,0.0
M01848,MEM00321,1,0.0
M01848,MEM00321,1,0.0
M01848,MEM00321,1,0.0
M01848,MEM00321,1,0.0
M01848,MEM00321,1,0.0
M01848,MEM00454,1,0.0
M01848,MEM00454,1,0.0
M01848,MEM00454,1,0.0
M01848,MEM00454,1,0.0
M01848,MEM00454,1,0.0
M01848,MEM00454,1,0.0
M01848,MEM00454,1,0.0
M01849,MEM00210,1,4.83
M01849,MEM00210,1,5.0
M01849,MEM00210,1,4.65
M01849,MEM00210,1,4.38
M01849,MEM00210,1,4.0
M01849,MEM00210,1,4.31
M01849,MEM00210,1,5.0
M01849,MEM00785,1,4.17
M01849,MEM00785,1,3.67
M01849,MEM00785,1,3.23
M01849,MEM00785,1,4.51
M01849,MEM00785,1,4.35
M01849,MEM00785,1,3.81
M01849,MEM00785,1,4.82
M01850,MEM00547,1,0.0
M01850,MEM00547,1,0.0
M01850,MEM00547,1,0.0
M01850,MEM00547,1,0.0
M01850,MEM00547,1,0.0
M01850,MEM00547,1,0.0
M01850,MEM00547,1,0.0
M01851,MEM00577,1,3.95
M01851,MEM00577,1,4.12
M01851,MEM00577,1,4.19
M01851,MEM00577,1,3.99
M01851,MEM00577,1,4.34
M01851,MEM00577,1,4.89
M01851,MEM00577,1,3.51
M01851,EXT00241,0,4.49
M01851,EXT00241,0,4.3
M01851,EXT00241,0,4.29
M01851,EXT00241,0,4.72
M01851,EXT00241,0,4.23
M01851,EXT00241,0,4.49
M01851,EXT00241,0,4.63
M01852,MEM00087,1,0.0
M01852,MEM00087,1,0.0
M01852,MEM00087,1,0.0
M01852,MEM00087,1,0.0
M01852,MEM00087,1,0.0
M01852,MEM00087,1,0.0
M01852,MEM00087,1,0.0
M01853,MEM00543,1,0.0
M01853,MEM00543,1,0.0
M01853,MEM00543,1,0.0
M01853,MEM00543,1,0.0
M01853,MEM00543,1,0.0
M01853,MEM00543,1,0.0
M01853,MEM00543,1,0.0
M01853,MEM00475,1,0.0
M01853,MEM00475,1,0.0
M01853,MEM00475,1,0.0
M01853,MEM00475,1,0.0
M01853,MEM00475,1,0.0
M01853,MEM00475,1,0.0
M01853,MEM00475,1,0.0
M01853,MEM00067,1,0.0
M01853,MEM00067,1,0.0
M01853,MEM00067,1,0.0
M01853,MEM00067,1,0.0
M01853,MEM00067,1,0.0
M01853,MEM00067,1,0.0
M01853,MEM00067,1,0.0
M01854,MEM00180,1,0.0
M01854,MEM00180,1,0.0
M01854,MEM00180,1,0.0
M01854,MEM00180,1,0.0
M01854,MEM00180,1,0.0
M01854,MEM00180,1,0.0
M01854,MEM00180,1,0.0
M01854,MEM00595,1,0.0
M01854,MEM00595,1,0.0
M01854,MEM00595,1,0.0
M01854,MEM00595,1,0.0
M01854,MEM00595,1,0.0
M01854,MEM00595,1,0.0
M01854,MEM00595,1,0.0
M01854,MEM00668,1,0.0
M01854,MEM00668,1,0.0
M01854,MEM00668,1,0.0
M01854,MEM00668,1,0.0
M01854,MEM00668,1,0.0
M01854,MEM00668,1,0.0
M01854,MEM00668,1,0.0
M01855,MEM00032,1,0.0
M01855,MEM00032,1,0.0
M01855,MEM00032,1,0.0
M01855,MEM00032,1,0.0
M01855,MEM00032,1,0.0
M01855,MEM00032,1,0.0
M01855,MEM00032,1,0.0
M01855,MEM00670,1,0.0
M01855,MEM00670,1,0.0
M01855,MEM00670,1,0.0
M01855,MEM00670,1,0.0
M01855,MEM00670,1,0.0
M01855,MEM00670,1,0.0
M01855,MEM00670,1,0.0
M01856,MEM00125,1,0.0
M01856,MEM00125,1,0.0
M01856,MEM00125,1,0.0
M01856,MEM00125,1,0.0
M01856,MEM00125,1,0.0
M01856,MEM00125,1,0.0
M01856,MEM00125,1,0.0
M01856,MEM00187,1,0.0
M01856,MEM00187,1,0.0
M01856,MEM00187,1,0.0
M01856,MEM00187,1,0.0
M01856,MEM00187,1,0.0
M01856,MEM00187,1,0.0
M01856,MEM00187,1,0.0
M01856,MEM00368,1,0.0
M01856,MEM00368,1,0.0
M01856,MEM00368,1,0.0
M01856,MEM00368,1,0.0
M01856,MEM00368,1,0.0
M01856,MEM00368,1,0.0
M01856,MEM00368,1,0.0
M01857,MEM00763,1,0.0
M01857,MEM00763,1,0.0
M01857,MEM00763,1,0.0
M01857,MEM00763,1,0.0
M01857,MEM00763,1,0.0
M01857,MEM00763,1,0.0
M01857,MEM00763,1,0.0
M01858,MEM00178,1,3.9
M01858,MEM00178,1,4.38
M01858,MEM00178,1,4.05
M01858,MEM00178,1,4.12
M01858,MEM00178,1,4.01
M01858,MEM00178,1,4.48
M01858,MEM00178,1,4.25
M01858,MEM00267,1,4.44
M01858,MEM00267,1,4.19
M01858,MEM00267,1,3.24
M01858,MEM00267,1,4.22
M01858,MEM00267,1,4.24
M01858,MEM00267,1,4.35
M01858,MEM00267,1,3.84
M01858,MEM00072,1,3.48
M01858,MEM00072,1,4.57
M01858,MEM00072,1,4.04
M01858,MEM00072,1,4.3
M01858,MEM00072,1,4.03
M01858,MEM00072,1,4.2
M01858,MEM00072,1,3.93
M01858,EXT00246,0,3.62
M01858,EXT00246,0,4.48
M01858,EXT00246,0,3.84
M01858,EXT00246,0,4.3
M01858,EXT00246,0,4.45
M01858,EXT00246,0,3.85
M01858,EXT00246,0,3.48
M01859,MEM00424,1,0.0
M01859,MEM00424,1,0.0
M01859,MEM00424,1,0.0
M01859,MEM00424,1,0.0
M01859,MEM00424,1,0.0
M01859,MEM00424,1,0.0
M01859,MEM00424,1,0.0
M01859,EXT00052,0,0.0
M01859,EXT00052,0,0.0
M01859,EXT00052,0,0.0
M01859,EXT00052,0,0.0
M01859,EXT00052,0,0.0
M01859,EXT00052,0,0.0
M01859,EXT00052,0,0.0
M01861,MEM00183,1,5.0
M01861,MEM00183,1,3.88
M01861,MEM00183,1,4.57
M01861,MEM00183,1,5.0
M01861,MEM00183,1,4.67
M01861,MEM00183,1,4.02
M01861,MEM00183,1,4.16
M01861,MEM00221,1,3.7
M01861,MEM00221,1,4.73
M01861,MEM00221,1,4.54
M01861,MEM00221,1,3.89
M01861,MEM00221,1,3.57
M01861,MEM00221,1,3.41
M01861,MEM00221,1,4.79
M01861,MEM00321,1,4.27
M01861,MEM00321,1,4.33
M01861,MEM00321,1,3.71
M01861,MEM00321,1,3.32
M01861,MEM00321,1,4.78
M01861,MEM00321,1,4.23
M01861,MEM00321,1,4.74
M01861,MEM00210,1,3.97
M01861,MEM00210,1,4.06
M01861,MEM00210,1,4.63
M01861,MEM00210,1,4.64
M01861,MEM00210,1,4.68
M01861,MEM00210,1,4.02
M01861,MEM00210,1,4.57
M01862,MEM00565,1,4.87
M01862,MEM00565,1,4.14
M01862,MEM00565,1,3.89
M01862,MEM00565,1,5.0
M01862,MEM00565,1,3.81
M01862,MEM00565,1,4.58
M01862,MEM00565,1,4.16
M01862,MEM00187,1,3.1
M01862,MEM00187,1,4.88
M01862,MEM00187,1,2.55
M01862,MEM00187,1,3.01
M01862,MEM00187,1,4.52
M01862,MEM00187,1,4.52
M01862,MEM00187,1,3.82
M01863,MEM00285,1,4.29
M01863,MEM00285,1,2.68
M01863,MEM00285,1,4.62
M01863,MEM00285,1,4.35
M01863,MEM00285,1,4.17
M01863,MEM00285,1,4.21
M01863,MEM00285,1,4.5
M01863,EXT00154,0,4.18
M01863,EXT00154,0,3.08
M01863,EXT00154,0,5.0
M01863,EXT00154,0,4.92
M01863,EXT00154,0,3.43
M01863,EXT00154,0,3.99
M01863,EXT00154,0,4.06
M01864,MEM00210,1,4.85
M01864,MEM00210,1,2.9
M01864,MEM00210,1,3.9
M01864,MEM00210,1,3.14
M01864,MEM00210,1,4.03
M01864,MEM00210,1,3.92
M01864,MEM00210,1,4.25
M01864,MEM00633,1,3.84
M01864,MEM00633,1,3.75
M01864,MEM00633,1,4.57
M01864,MEM00633,1,4.47
M01864,MEM00633,1,4.53
M01864,MEM00633,1,4.09
M01864,MEM00633,1,3.86
M01864,MEM00763,1,4.13
M01864,MEM00763,1,4.5
M01864,MEM00763,1,2.89
M01864,MEM00763,1,4.44
M01864,MEM00763,1,4.39
M01864,MEM00763,1,4.24
M01864,MEM00763,1,4.11
M01864,MEM00776,1,2.66
M01864,MEM00776,1,3.94
M01864,MEM00776,1,5.0
M01864,MEM00776,1,4.21
M01864,MEM00776,1,4.02
M01864,MEM00776,1,4.21
M01864,MEM00776,1,4.41
M01866,MEM00070,1,4.6
M01866,MEM00070,1,4.06
M01866,MEM00070,1,4.45
M01866,MEM00070,1,5.0
M01866,MEM00070,1,4.8
M01866,MEM00070,1,5.0
M01866,MEM00070,1,3.81
M01866,MEM00244,1,5.0
M01866,MEM00244,1,3.73
M01866,MEM00244,1,4.41
M01866,MEM00244,1,4.64
M01866,MEM00244,1,3.89
M01866,MEM00244,1,4.25
M01866,MEM00244,1,4.75
M01866,EXT00205,0,3.77
M01866,EXT00205,0,5.0
M01866,EXT00205,0,3.37
M01866,EXT00205,0,5.0
M01866,EXT00205,0,4.8
M01866,EXT00205,0,4.15
M01866,EXT00205,0,3.96
M01866,EXT00099,0,3.9
M01866,EXT00099,0,4.12
M01866,EXT00099,0,4.17
M01866,EXT00099,0,4.95
M01866,EXT00099,0,5.0
M01866,EXT00099,0,4.32
M01866,EXT00099,0,3.69
M01867,MEM00620,1,0.0
M01867,MEM00620,1,0.0
M01867,MEM00620,1,0.0
M01867,MEM00620,1,0.0
M01867,MEM00620,1,0.0
M01867,MEM00620,1,0.0
M01867,MEM00620,1,0.0
M01868,MEM00671,1,3.87
M01868,MEM00671,1,4.09
M01868,MEM00671,1,3.58
M01868,MEM00671,1,3.49
M01868,MEM00671,1,5.0
M01868,MEM00671,1,4.38
M01868,MEM00671,1,3.7
M01868,MEM00681,1,4.69
M01868,MEM00681,1,3.49
M01868,MEM00681,1,3.54
M01868,MEM00681,1,3.72
M01868,MEM00681,1,5.0
M01868,MEM00681,1,4.05
M01868,MEM00681,1,2.73
M01869,MEM00553,1,4.93
M01869,MEM00553,1,4.02
M01869,MEM00553,1,3.09
M01869,MEM00553,1,4.01
M01869,MEM00553,1,4.51
M01869,MEM00553,1,4.44
M01869,MEM00553,1,5.0
M01869,MEM00280,1,3.69
M01869,MEM00280,1,4.23
M01869,MEM00280,1,3.78
M01869,MEM00280,1,3.27
M01869,MEM00280,1,4.73
M01869,MEM00280,1,4.48
M01869,MEM00280,1,4.37
M01870,MEM00240,1,0.0
M01870,MEM00240,1,0.0
M01870,MEM00240,1,0.0
M01870,MEM00240,1,0.0
M01870,MEM00240,1,0.0
M01870,MEM00240,1,0.0
M01870,MEM00240,1,0.0
M01872,MEM00563,1,4.46
M01872,MEM00563,1,3.79
M01872,MEM00563,1,3.6
M01872,MEM00563,1,4.22
M01872,MEM00563,1,4.9
M01872,MEM00563,1,5.0
M01872,MEM00563,1,4.68
M01872,MEM00007,1,4.22
M01872,MEM00007,1,4.36
M01872,MEM00007,1,4.21
M01872,MEM00007,1,3.58
M01872,MEM00007,1,4.21
M01872,MEM00007,1,3.4
M01872,MEM00007,1,4.13
M01872,MEM00065,1,5.0
M01872,MEM00065,1,4.69
M01872,MEM00065,1,3.65
M01872,MEM00065,1,4.16
M01872,MEM00065,1,3.7
M01872,MEM00065,1,4.16
M01872,MEM00065,1,4.82
M01872,EXT00161,0,4.59
M01872,EXT00161,0,5.0
M01872,EXT00161,0,4.92
M01872,EXT00161,0,4.32
M01872,EXT00161,0,4.61
M01872,EXT00161,0,4.08
M01872,EXT00161,0,3.52
M01873,MEM00253,1,4.98
M01873,MEM00253,1,4.81
M01873,MEM00253,1,4.06
M01873,MEM00253,1,4.36
M01873,MEM00253,1,4.94
M01873,MEM00253,1,4.71
M01873,MEM00253,1,3.32
M01873,MEM00560,1,4.35
M01873,MEM00560,1,4.1
M01873,MEM00560,1,4.87
M01873,MEM00560,1,4.82
M01873,MEM00560,1,4.99
M01873,MEM00560,1,3.53
M01873,MEM00560,1,3.73
M01874,MEM00615,1,0.0
M01874,MEM00615,1,0.0
M01874,MEM00615,1,0.0
M01874,MEM00615,1,0.0
M01874,MEM00615,1,0.0
M01874,MEM00615,1,0.0
M01874,MEM00615,1,0.0
M01874,MEM00235,1,0.0
M01874,MEM00235,1,0.0
M01874,MEM00235,1,0.0
M01874,MEM00235,1,0.0
M01874,MEM00235,1,0.0
M01874,MEM00235,1,0.0
M01874,MEM00235,1,0.0
M01875,MEM00649,1,0.0
M01875,MEM00649,1,0.0
M01875,MEM00649,1,0.0
M01875,MEM00649,1,0.0
M01875,MEM00649,1,0.0
M01875,MEM00649,1,0.0
M01875,MEM00649,1,0.0
M01876,MEM00223,1,0.0
M01876,MEM00223,1,0.0
M01876,MEM00223,1,0.0
M01876,MEM00223,1,0.0
M01876,MEM00223,1,0.0
M01876,MEM00223,1,0.0
M01876,MEM00223,1,0.0
M01877,MEM00559,1,4.87
M01877,MEM00559,1,3.85
M01877,MEM00559,1,3.29
M01877,MEM00559,1,4.52
M01877,MEM00559,1,3.87
M01877,MEM00559,1,5.0
M01877,MEM00559,1,4.38
M01877,MEM00787,1,4.3
M01877,MEM00787,1,3.98
M01877,MEM00787,1,5.0
M01877,MEM00787,1,4.42
M01877,MEM00787,1,3.95
M01877,MEM00787,1,3.72
M01877,MEM00787,1,4.16
M01877,MEM00354,1,3.61
M01877,MEM00354,1,4.82
M01877,MEM00354,1,3.11
M01877,MEM00354,1,4.12
M01877,MEM00354,1,4.57
M01877,MEM00354,1,4.41
M01877,MEM00354,1,3.77
M01877,MEM00584,1,4.6
M01877,MEM00584,1,3.67
M01877,MEM00584,1,4.19
M01877,MEM00584,1,4.59
M01877,MEM00584,1,4.48
M01877,MEM00584,1,3.79
M01877,MEM00584,1,4.92
M01878,MEM00198,1,4.25
M01878,MEM00198,1,4.65
M01878,MEM00198,1,5.0
M01878,MEM00198,1,4.87
M01878,MEM00198,1,4.87
M01878,MEM00198,1,4.32
M01878,MEM00198,1,4.68
M01878,MEM00522,1,4.33
M01878,MEM00522,1,3.47
M01878,MEM00522,1,4.38
M01878,MEM00522,1,4.35
M01878,MEM00522,1,4.55
M01878,MEM00522,1,4.12
M01878,MEM00522,1,3.74
M01878,MEM00479,1,4.59
M01878,MEM00479,1,3.41
M01878,MEM00479,1,5.0
M01878,MEM00479,1,4.06
M01878,MEM00479,1,4.35
M01878,MEM00479,1,4.54
M01878,MEM00479,1,4.55
M01878,EXT00362,0,3.35
M01878,EXT00362,0,4.69
M01878,EXT00362,0,4.38
M01878,EXT00362,0,3.82
M01878,EXT00362,0,3.75
M01878,EXT00362,0,4.0
M01878,EXT00362,0,3.42
M01879,MEM00144,1,0.0
M01879,MEM00144,1,0.0
M01879,MEM00144,1,0.0
M01879,MEM00144,1,0.0
M01879,MEM00144,1,0.0
M01879,MEM00144,1,0.0
M01879,MEM00144,1,0.0
M01880,MEM00606,1,0.0
M01880,MEM00606,1,0.0
M01880,MEM00606,1,0.0
M01880,MEM00606,1,0.0
M01880,MEM00606,1,0.0
M01880,MEM00606,1,0.0
M01880,MEM00606,1,0.0
M01880,MEM00444,1,0.0
M01880,MEM00444,1,0.0
M01880,MEM00444,1,0.0
M01880,MEM00444,1,0.0
M01880,MEM00444,1,0.0
M01880,MEM00444,1,0.0
M01880,MEM00444,1,0.0
M01880,EXT00103,0,0.0
M01880,EXT00103,0,0.0
M01880,EXT00103,0,0.0
M01880,EXT00103,0,0.0
M01880,EXT00103,0,0.0
M01880,EXT00103,0,0.0
M01880,EXT00103,0,0.0
M01882,MEM00375,1,0.0
M01882,MEM00375,1,0.0
M01882,MEM00375,1,0.0
M01882,MEM00375,1,0.0
M01882,MEM00375,1,0.0
M01882,MEM00375,1,0.0
M01882,MEM00375,1,0.0
M01882,MEM00254,1,0.0
M01882,MEM00254,1,0.0
M01882,MEM00254,1,0.0
M01882,MEM00254,1,0.0
M01882,MEM00254,1,0.0
M01882,MEM00254,1,0.0
M01882,MEM00254,1,0.0
M01882,MEM00461,1,0.0
M01882,MEM00461,1,0.0
M01882,MEM00461,1,0.0
M01882,MEM00461,1,0.0
M01882,MEM00461,1,0.0
M01882,MEM00461,1,0.0
M01882,MEM00461,1,0.0
M01883,MEM00492,1,5.0
M01883,MEM00492,1,5.0
M01883,MEM00492,1,4.47
M01883,MEM00492,1,4.07
M01883,MEM00492,1,4.08
M01883,MEM00492,1,4.65
M01883,MEM00492,1,5.0
M01883,MEM00446,1,3.86
M01883,MEM00446,1,3.53
M01883,MEM00446,1,5.0
M01883,MEM00446,1,3.13
M01883,MEM00446,1,3.59
M01883,MEM00446,1,4.05
M01883,MEM00446,1,3.26
M01883,MEM00410,1,4.87
M01883,MEM00410,1,4.71
M01883,MEM00410,1,3.86
M01883,MEM00410,1,4.97
M01883,MEM00410,1,5.0
M01883,MEM00410,1,4.13
M01883,MEM00410,1,3.93
M01883,MEM00710,1,5.0
M01883,MEM00710,1,4.63
M01883,MEM00710,1,4.35
M01883,MEM00710,1,5.0
M01883,MEM00710,1,4.38
M01883,MEM00710,1,3.9
M01883,MEM00710,1,4.25
M01884,MEM00236,1,4.82
M01884,MEM00236,1,3.0
M01884,MEM00236,1,4.03
M01884,MEM00236,1,5.0
M01884,MEM00236,1,3.89
M01884,MEM00236,1,5.0
M01884,MEM00236,1,5.0
M01884,MEM00204,1,4.16
M01884,MEM00204,1,3.86
M01884,MEM00204,1,4.03
M01884,MEM00204,1,5.0
M01884,MEM00204,1,5.0
M01884,MEM00204,1,4.28
M01884,MEM00204,1,3.84
M01884,MEM00055,1,4.27
M01884,MEM00055,1,4.35
M01884,MEM00055,1,3.45
M01884,MEM00055,1,4.25
M01884,MEM00055,1,4.99
M01884,MEM00055,1,3.12
M01884,MEM00055,1,4.7
M01884,MEM00388,1,5.0
M01884,MEM00388,1,3.86
M01884,MEM00388,1,5.0
M01884,MEM00388,1,3.79
M01884,MEM00388,1,4.46
M01884,MEM00388,1,4.02
M01884,MEM00388,1,4.02
M01886,MEM00166,1,3.83
M01886,MEM00166,1,4.62
M01886,MEM00166,1,4.71
M01886,MEM00166,1,4.16
M01886,MEM00166,1,3.38
M01886,MEM00166,1,4.44
M01886,MEM00166,1,4.45
M01886,MEM00395,1,4.07
M01886,MEM00395,1,5.0
M01886,MEM00395,1,3.26
M01886,MEM00395,1,2.87
M01886,MEM00395,1,3.76
M01886,MEM00395,1,4.63
M01886,MEM00395,1,3.57
M01887,MEM00249,1,0.0
M01887,MEM00249,1,0.0
M01887,MEM00249,1,0.0
M01887,MEM00249,1,0.0
M01887,MEM00249,1,0.0
M01887,MEM00249,1,0.0
M01887,MEM00249,1,0.0
M01888,MEM00210,1,0.0
M01888,MEM00210,1,0.0
M01888,MEM00210,1,0.0
M01888,MEM00210,1,0.0
M01888,MEM00210,1,0.0
M01888,MEM00210,1,0.0
M01888,MEM00210,1,0.0
M01888,MEM00125,1,0.0
M01888,MEM00125,1,0.0
M01888,MEM00125,1,0.0
M01888,MEM00125,1,0.0
M01888,MEM00125,1,0.0
M01888,MEM00125,1,0.0
M01888,MEM00125,1,0.0
M01888,MEM00373,1,0.0
M01888,MEM00373,1,0.0
M01888,MEM00373,1,0.0
M01888,MEM00373,1,0.0
M01888,MEM00373,1,0.0
M01888,MEM00373,1,0.0
M01888,MEM00373,1,0.0
M01889,MEM00753,1,0.0
M01889,MEM00753,1,0.0
M01889,MEM00753,1,0.0
M01889,MEM00753,1,0.0
M01889,MEM00753,1,0.0
M01889,MEM00753,1,0.0
M01889,MEM00753,1,0.0
M01890,MEM00571,1,3.61
M01890,MEM00571,1,4.77
M01890,MEM00571,1,4.48
M01890,MEM00571,1,4.43
M01890,MEM00571,1,4.67
M01890,MEM00571,1,3.94
M01890,MEM00571,1,3.97
M01890,MEM00691,1,4.69
M01890,MEM00691,1,3.39
M01890,MEM00691,1,2.91
M01890,MEM00691,1,3.94
M01890,MEM00691,1,4.76
M01890,MEM00691,1,4.35
M01890,MEM00691,1,4.71
M01890,MEM00618,1,2.99
M01890,MEM00618,1,4.39
M01890,MEM00618,1,4.59
M01890,MEM00618,1,3.39
M01890,MEM00618,1,4.72
M01890,MEM00618,1,4.13
M01890,MEM00618,1,5.0
M01890,MEM00107,1,2.89
M01890,MEM00107,1,5.0
M01890,MEM00107,1,3.96
M01890,MEM00107,1,3.23
M01890,MEM00107,1,3.88
M01890,MEM00107,1,4.37
M01890,MEM00107,1,4.82
M01891,EXT00322,0,0.0
M01891,EXT00322,0,0.0
M01891,EXT00322,0,0.0
M01891,EXT00322,0,0.0
M01891,EXT00322,0,0.0
M01891,EXT00322,0,0.0
M01891,EXT00322,0,0.0
M01892,EXT00257,0,5.0
M01892,EXT00257,0,5.0
M01892,EXT00257,0,3.62
M01892,EXT00257,0,4.88
M01892,EXT00257,0,4.43
M01892,EXT00257,0,3.81
M01892,EXT00257,0,4.07
M01892,EXT00310,0,3.77
M01892,EXT00310,0,4.22
M01892,EXT00310,0,3.76
M01892,EXT00310,0,3.58
M01892,EXT00310,0,4.49
M01892,EXT00310,0,4.58
M01892,EXT00310,0,4.09
M01892,EXT00333,0,5.0
M01892,EXT00333,0,4.04
M01892,EXT00333,0,4.02
M01892,EXT00333,0,4.6
M01892,EXT00333,0,4.12
M01892,EXT00333,0,4.25
M01892,EXT00333,0,2.69
M01892,EXT00048,0,4.21
M01892,EXT00048,0,3.1
M01892,EXT00048,0,3.47
M01892,EXT00048,0,3.4
M01892,EXT00048,0,3.57
M01892,EXT00048,0,3.87
M01892,EXT00048,0,3.91
M01893,MEM00456,1,4.6
M01893,MEM00456,1,4.33
M01893,MEM00456,1,3.06
M01893,MEM00456,1,4.25
M01893,MEM00456,1,4.39
M01893,MEM00456,1,4.0
M01893,MEM00456,1,4.16
M01893,MEM00502,1,4.31
M01893,MEM00502,1,4.66
M01893,MEM00502,1,3.26
M01893,MEM00502,1,4.05
M01893,MEM00502,1,5.0
M01893,MEM00502,1,5.0
M01893,MEM00502,1,4.71
M01894,MEM00365,1,0.0
M01894,MEM00365,1,0.0
M01894,MEM00365,1,0.0
M01894,MEM00365,1,0.0
M01894,MEM00365,1,0.0
M01894,MEM00365,1,0.0
M01894,MEM00365,1,0.0
M01895,MEM00035,1,4.52
M01895,MEM00035,1,5.0
M01895,MEM00035,1,5.0
M01895,MEM00035,1,4.12
M01895,MEM00035,1,3.62
M01895,MEM00035,1,4.04
M01895,MEM00035,1,5.0
M01895,MEM00417,1,3.26
M01895,MEM00417,1,3.92
M01895,MEM00417,1,3.35
M01895,MEM00417,1,4.27
M01895,MEM00417,1,3.48
M01895,MEM00417,1,4.13
M01895,MEM00417,1,3.03
M01895,EXT00253,0,4.57
M01895,EXT00253,0,4.93
M01895,EXT00253,0,3.97
M01895,EXT00253,0,4.12
M01895,EXT00253,0,4.1
M01895,EXT00253,0,4.31
M01895,EXT00253,0,4.18
M01895,EXT00035,0,4.66
M01895,EXT00035,0,4.94
M01895,EXT00035,0,3.71
M01895,EXT00035,0,4.01
M01895,EXT00035,0,4.74
M01895,EXT00035,0,3.35
M01895,EXT00035,0,3.02
M01896,MEM00424,1,4.34
M01896,MEM00424,1,4.5
M01896,MEM00424,1,3.77
M01896,MEM00424,1,3.85
M01896,MEM00424,1,3.74
M01896,MEM00424,1,3.68
M01896,MEM00424,1,4.62
M01896,MEM00221,1,3.49
M01896,MEM00221,1,4.04
M01896,MEM00221,1,3.66
M01896,MEM00221,1,3.33
M01896,MEM00221,1,4.72
M01896,MEM00221,1,3.89
M01896,MEM00221,1,4.31
M01896,MEM00342,1,3.3
M01896,MEM00342,1,3.75
M01896,MEM00342,1,4.65
M01896,MEM00342,1,5.0
M01896,MEM00342,1,3.01
M01896,MEM00342,1,4.08
M01896,MEM00342,1,4.45
M01896,EXT00055,0,3.83
M01896,EXT00055,0,4.71
M01896,EXT00055,0,3.68
M01896,EXT00055,0,4.29
M01896,EXT00055,0,3.89
M01896,EXT00055,0,4.93
M01896,EXT00055,0,3.79
M01897,MEM00558,1,3.99
M01897,MEM00558,1,4.77
M01897,MEM00558,1,3.58
M01897,MEM00558,1,4.24
M01897,MEM00558,1,3.11
M01897,MEM00558,1,3.55
M01897,MEM00558,1,4.43
M01897,MEM00152,1,3.61
M01897,MEM00152,1,3.87
M01897,MEM00152,1,4.5
M01897,MEM00152,1,3.85
M01897,MEM00152,1,4.69
M01897,MEM00152,1,4.33
M01897,MEM00152,1,4.46
M01897,MEM00630,1,4.94
M01897,MEM00630,1,4.39
M01897,MEM00630,1,5.0
M01897,MEM00630,1,4.75
M01897,MEM00630,1,3.89
M01897,MEM00630,1,4.98
M01897,MEM00630,1,4.36
M01897,EXT00046,0,3.96
M01897,EXT00046,0,4.37
M01897,EXT00046,0,4.87
M01897,EXT00046,0,4.47
M01897,EXT00046,0,5.0
M01897,EXT00046,0,4.85
M01897,EXT00046,0,4.51
M01899,MEM00134,1,0.0
M01899,MEM00134,1,0.0
M01899,MEM00134,1,0.0
M01899,MEM00134,1,0.0
M01899,MEM00134,1,0.0
M01899,MEM00134,1,0.0
M01899,MEM00134,1,0.0
M01900,MEM00700,1,3.58
M01900,MEM00700,1,4.09
M01900,MEM00700,1,4.24
M01900,MEM00700,1,4.62
M01900,MEM00700,1,4.58
M01900,MEM00700,1,4.3
M01900,MEM00700,1,4.27
M01900,MEM00107,1,4.63
M01900,MEM00107,1,3.68
M01900,MEM00107,1,5.0
M01900,MEM00107,1,2.97
M01900,MEM00107,1,5.0
M01900,MEM00107,1,4.17
M01900,MEM00107,1,4.8
M01900,MEM00417,1,4.42
M01900,MEM00417,1,4.41
M01900,MEM00417,1,4.53
M01900,MEM00417,1,4.69
M01900,MEM00417,1,4.0
M01900,MEM00417,1,4.82
M01900,MEM00417,1,3.55
M01900,MEM00374,1,4.2
M01900,MEM00374,1,4.7
M01900,MEM00374,1,4.8
M01900,MEM00374,1,4.48
M01900,MEM00374,1,3.96
M01900,MEM00374,1,4.74
M01900,MEM00374,1,3.8
M01901,MEM00655,1,5.0
M01901,MEM00655,1,4.15
M01901,MEM00655,1,3.28
M01901,MEM00655,1,3.48
M01901,MEM00655,1,4.23
M01901,MEM00655,1,4.28
M01901,MEM00655,1,5.0
M01901,MEM00504,1,3.58
M01901,MEM00504,1,4.22
M01901,MEM00504,1,3.56
M01901,MEM00504,1,3.9
M01901,MEM00504,1,5.0
M01901,MEM00504,1,3.52
M01901,MEM00504,1,4.55
M01901,MEM00489,1,4.44
M01901,MEM00489,1,4.19
M01901,MEM00489,1,4.51
M01901,MEM00489,1,3.5
M01901,MEM00489,1,5.0
M01901,MEM00489,1,5.0
M01901,MEM00489,1,4.23
M01901,MEM00692,1,5.0
M01901,MEM00692,1,3.96
M01901,MEM00692,1,4.44
M01901,MEM00692,1,5.0
M01901,MEM00692,1,3.92
M01901,MEM00692,1,3.37
M01901,MEM00692,1,3.23
M01902,EXT00028,0,0.0
M01902,EXT00028,0,0.0
M01902,EXT00028,0,0.0
M01902,EXT00028,0,0.0
M01902,EXT00028,0,0.0
M01902,EXT00028,0,0.0
M01902,EXT00028,0,0.0
M01903,MEM00114,1,5.0
M01903,MEM00114,1,3.88
M01903,MEM00114,1,4.09
M01903,MEM00114,1,3.53
M01903,MEM00114,1,4.77
M01903,MEM00114,1,3.73
M01903,MEM00114,1,3.91
M01903,EXT00023,0,4.38
M01903,EXT00023,0,3.56
M01903,EXT00023,0,4.09
M01903,EXT00023,0,5.0
M01903,EXT00023,0,4.46
M01903,EXT00023,0,4.28
M01903,EXT00023,0,4.33
M01904,EXT00095,0,3.97
M01904,EXT00095,0,5.0
M01904,EXT00095,0,3.71
M01904,EXT00095,0,4.33
M01904,EXT00095,0,4.27
M01904,EXT00095,0,4.81
M01904,EXT00095,0,4.86
M01904,EXT00055,0,4.18
M01904,EXT00055,0,4.37
M01904,EXT00055,0,4.4
M01904,EXT00055,0,2.84
M01904,EXT00055,0,3.25
M01904,EXT00055,0,3.84
M01904,EXT00055,0,3.86
M01905,MEM00299,1,3.48
M01905,MEM00299,1,4.65
M01905,MEM00299,1,4.2
M01905,MEM00299,1,4.07
M01905,MEM00299,1,3.45
M01905,MEM00299,1,4.17
M01905,MEM00299,1,2.62
M01905,MEM00210,1,4.1
M01905,MEM00210,1,4.24
M01905,MEM00210,1,4.35
M01905,MEM00210,1,3.26
M01905,MEM00210,1,4.33
M01905,MEM00210,1,3.58
M01905,MEM00210,1,3.71
M01905,MEM00758,1,4.63
M01905,MEM00758,1,5.0
M01905,MEM00758,1,4.23
M01905,MEM00758,1,3.71
M01905,MEM00758,1,4.31
M01905,MEM00758,1,4.76
M01905,MEM00758,1,4.57
M01905,EXT00243,0,5.0
M01905,EXT00243,0,3.77
M01905,EXT00243,0,4.35
M01905,EXT00243,0,5.0
M01905,EXT00243,0,5.0
M01905,EXT00243,0,3.03
M01905,EXT00243,0,4.2
M01906,MEM00660,1,0.0
M01906,MEM00660,1,0.0
M01906,MEM00660,1,0.0
M01906,MEM00660,1,0.0
M01906,MEM00660,1,0.0
M01906,MEM00660,1,0.0
M01906,MEM00660,1,0.0
M01907,MEM00591,1,0.0
M01907,MEM00591,1,0.0
M01907,MEM00591,1,0.0
M01907,MEM00591,1,0.0
M01907,MEM00591,1,0.0
M01907,MEM00591,1,0.0
M01907,MEM00591,1,0.0
M01907,MEM00114,1,0.0
M01907,MEM00114,1,0.0
M01907,MEM00114,1,0.0
M01907,MEM00114,1,0.0
M01907,MEM00114,1,0.0
M01907,MEM00114,1,0.0
M01907,MEM00114,1,0.0
M01907,MEM00572,1,0.0
M01907,MEM00572,1,0.0
M01907,MEM00572,1,0.0
M01907,MEM00572,1,0.0
M01907,MEM00572,1,0.0
M01907,MEM00572,1,0.0
M01907,MEM00572,1,0.0
M01908,MEM00496,1,5.0
M01908,MEM00496,1,5.0
M01908,MEM00496,1,4.62
M01908,MEM00496,1,3.98
M01908,MEM00496,1,3.59
M01908,MEM00496,1,5.0
M01908,MEM00496,1,4.64
M01908,MEM00212,1,3.69
M01908,MEM00212,1,4.08
M01908,MEM00212,1,4.39
M01908,MEM00212,1,4.53
M01908,MEM00212,1,3.66
M01908,MEM00212,1,3.83
M01908,MEM00212,1,3.21
M01908,MEM00260,1,4.82
M01908,MEM00260,1,4.0
M01908,MEM00260,1,4.48
M01908,MEM00260,1,5.0
M01908,MEM00260,1,4.33
M01908,MEM00260,1,4.13
M01908,MEM00260,1,4.32
M01908,EXT00400,0,4.24
M01908,EXT00400,0,4.95
M01908,EXT00400,0,4.39
M01908,EXT00400,0,3.87
M01908,EXT00400,0,4.83
M01908,EXT00400,0,4.94
M01908,EXT00400,0,3.4
M01911,MEM00210,1,5.0
M01911,MEM00210,1,4.42
M01911,MEM00210,1,4.37
M01911,MEM00210,1,4.8
M01911,MEM00210,1,3.86
M01911,MEM00210,1,4.77
M01911,MEM00210,1,3.97
M01911,MEM00213,1,3.32
M01911,MEM00213,1,3.6
M01911,MEM00213,1,4.54
M01911,MEM00213,1,3.63
M01911,MEM00213,1,5.0
M01911,MEM00213,1,4.91
M01911,MEM00213,1,5.0
M01911,MEM00756,1,4.27
M01911,MEM00756,1,4.35
M01911,MEM00756,1,3.48
M01911,MEM00756,1,4.8
M01911,MEM00756,1,4.43
M01911,MEM00756,1,4.54
M01911,MEM00756,1,5.0
M01911,MEM00025,1,3.84
M01911,MEM00025,1,4.12
M01911,MEM00025,1,4.4
M01911,MEM00025,1,3.64
M01911,MEM00025,1,4.09
M01911,MEM00025,1,4.5
M01911,MEM00025,1,4.0
M01912,MEM00663,1,4.99
M01912,MEM00663,1,3.29
M01912,MEM00663,1,4.87
M01912,MEM00663,1,4.6
M01912,MEM00663,1,3.86
M01912,MEM00663,1,3.65
M01912,MEM00663,1,2.95
M01912,MEM00562,1,3.72
M01912,MEM00562,1,4.83
M01912,MEM00562,1,4.17
M01912,MEM00562,1,4.9
M01912,MEM00562,1,3.83
M01912,MEM00562,1,4.62
M01912,MEM00562,1,3.77
M01912,MEM00584,1,3.62
M01912,MEM00584,1,4.14
M01912,MEM00584,1,3.8
M01912,MEM00584,1,3.27
M01912,MEM00584,1,4.09
M01912,MEM00584,1,4.26
M01912,MEM00584,1,4.96
M01912,EXT00386,0,4.76
M01912,EXT00386,0,4.93
M01912,EXT00386,0,4.63
M01912,EXT00386,0,4.4
M01912,EXT00386,0,3.46
M01912,EXT00386,0,4.29
M01912,EXT00386,0,4.56
M01913,MEM00775,1,5.0
M01913,MEM00775,1,4.61
M01913,MEM00775,1,4.94
M01913,MEM00775,1,3.58
M01913,MEM00775,1,4.0
M01913,MEM00775,1,4.46
M01913,MEM00775,1,4.9
M01913,EXT00327,0,4.11
M01913,EXT00327,0,4.15
M01913,EXT00327,0,4.61
M01913,EXT00327,0,3.52
M01913,EXT00327,0,5.0
M01913,EXT00327,0,3.67
M01913,EXT00327,0,3.05
M01913,EXT00026,0,4.21
M01913,EXT00026,0,5.0
M01913,EXT00026,0,4.55
M01913,EXT00026,0,4.65
M01913,EXT00026,0,4.22
M01913,EXT00026,0,4.11
M01913,EXT00026,0,3.27
M01913,EXT00258,0,2.84
M01913,EXT00258,0,4.32
M01913,EXT00258,0,4.99
M01913,EXT00258,0,4.41
M01913,EXT00258,0,4.57
M01913,EXT00258,0,5.0
M01913,EXT00258,0,4.4
M01914,MEM00502,1,0.0
M01914,MEM00502,1,0.0
M01914,MEM00502,1,0.0
M01914,MEM00502,1,0.0
M01914,MEM00502,1,0.0
M01914,MEM00502,1,0.0
M01914,MEM00502,1,0.0
M01914,MEM00121,1,0.0
M01914,MEM00121,1,0.0
M01914,MEM00121,1,0.0
M01914,MEM00121,1,0.0
M01914,MEM00121,1,0.0
M01914,MEM00121,1,0.0
M01914,MEM00121,1,0.0
M01915,MEM00784,1,0.0
M01915,MEM00784,1,0.0
M01915,MEM00784,1,0.0
M01915,MEM00784,1,0.0
M01915,MEM00784,1,0.0
M01915,MEM00784,1,0.0
M01915,MEM00784,1,0.0
M01915,MEM00505,1,0.0
M01915,MEM00505,1,0.0
M01915,MEM00505,1,0.0
M01915,MEM00505,1,0.0
M01915,MEM00505,1,0.0
M01915,MEM00505,1,0.0
M01915,MEM00505,1,0.0
M01916,MEM00282,1,4.13
M01916,MEM00282,1,3.71
M01916,MEM00282,1,5.0
M01916,MEM00282,1,4.52
M01916,MEM00282,1,3.63
M01916,MEM00282,1,3.5
M01916,MEM00282,1,4.95
M01916,MEM00349,1,3.58
M01916,MEM00349,1,5.0
M01916,MEM00349,1,2.55
M01916,MEM00349,1,5.0
M01916,MEM00349,1,4.49
M01916,MEM00349,1,4.27
M01916,MEM00349,1,4.09
M01916,MEM00735,1,5.0
M01916,MEM00735,1,4.62
M01916,MEM00735,1,3.66
M01916,MEM00735,1,3.17
M01916,MEM00735,1,4.31
M01916,MEM00735,1,4.2
M01916,MEM00735,1,3.29
M01916,MEM00042,1,4.17
M01916,MEM00042,1,3.86
M01916,MEM00042,1,4.21
M01916,MEM00042,1,4.64
M01916,MEM00042,1,5.0
M01916,MEM00042,1,4.75
M01916,MEM00042,1,3.77
M01917,MEM00655,1,4.42
M01917,MEM00655,1,4.24
M01917,MEM00655,1,3.4
M01917,MEM00655,1,4.44
M01917,MEM00655,1,5.0
M01917,MEM00655,1,4.22
M01917,MEM00655,1,3.24
M01917,MEM00563,1,4.22
M01917,MEM00563,1,3.47
M01917,MEM00563,1,4.72
M01917,MEM00563,1,4.51
M01917,MEM00563,1,4.1
M01917,MEM00563,1,4.0
M01917,MEM00563,1,4.07
M01919,MEM00374,1,4.2
M01919,MEM00374,1,3.74
M01919,MEM00374,1,3.37
M01919,MEM00374,1,4.88
M01919,MEM00374,1,3.97
M01919,MEM00374,1,4.3
M01919,MEM00374,1,4.37
M01919,MEM00059,1,4.39
M01919,MEM00059,1,3.5
M01919,MEM00059,1,3.19
M01919,MEM00059,1,3.85
M01919,MEM00059,1,4.44
M01919,MEM00059,1,3.76
M01919,MEM00059,1,3.99
M01919,MEM00330,1,5.0
M01919,MEM00330,1,3.09
M01919,MEM00330,1,3.75
M01919,MEM00330,1,5.0
M01919,MEM00330,1,4.17
M01919,MEM00330,1,3.78
M01919,MEM00330,1,4.9
M01919,MEM00367,1,4.23
M01919,MEM00367,1,3.99
M01919,MEM00367,1,4.32
M01919,MEM00367,1,3.81
M01919,MEM00367,1,3.59
M01919,MEM00367,1,4.13
M01919,MEM00367,1,3.59
M01920,MEM00754,1,0.0
M01920,MEM00754,1,0.0
M01920,MEM00754,1,0.0
M01920,MEM00754,1,0.0
M01920,MEM00754,1,0.0
M01920,MEM00754,1,0.0
M01920,MEM00754,1,0.0
M01920,EXT00254,0,0.0
M01920,EXT00254,0,0.0
M01920,EXT00254,0,0.0
M01920,EXT00254,0,0.0
M01920,EXT00254,0,0.0
M01920,EXT00254,0,0.0
M01920,EXT00254,0,0.0
M01921,MEM00416,1,0.0
M01921,MEM00416,1,0.0
M01921,MEM00416,1,0.0
M01921,MEM00416,1,0.0
M01921,MEM00416,1,0.0
M01921,MEM00416,1,0.0
M01921,MEM00416,1,0.0
M01921,MEM00239,1,0.0
M01921,MEM00239,1,0.0
M01921,MEM00239,1,0.0
M01921,MEM00239,1,0.0
M01921,MEM00239,1,0.0
M01921,MEM00239,1,0.0
M01921,MEM00239,1,0.0
M01922,MEM00068,1,0.0
M01922,MEM00068,1,0.0
M01922,MEM00068,1,0.0
M01922,MEM00068,1,0.0
M01922,MEM00068,1,0.0
M01922,MEM00068,1,0.0
M01922,MEM00068,1,0.0
M01924,MEM00773,1,4.21
M01924,MEM00773,1,4.41
M01924,MEM00773,1,4.71
M01924,MEM00773,1,4.88
M01924,MEM00773,1,3.96
M01924,MEM00773,1,4.5
M01924,MEM00773,1,4.5
M01924,MEM00280,1,4.4
M01924,MEM00280,1,3.91
M01924,MEM00280,1,3.58
M01924,MEM00280,1,4.5
M01924,MEM00280,1,3.18
M01924,MEM00280,1,4.04
M01924,MEM00280,1,2.67
M01925,MEM00378,1,0.0
M01925,MEM00378,1,0.0
M01925,MEM00378,1,0.0
M01925,MEM00378,1,0.0
M01925,MEM00378,1,0.0
M01925,MEM00378,1,0.0
M01925,MEM00378,1,0.0
M01925,EXT00135,0,0.0
M01925,EXT00135,0,0.0
M01925,EXT00135,0,0.0
M01925,EXT00135,0,0.0
M01925,EXT00135,0,0.0
M01925,EXT00135,0,0.0
M01925,EXT00135,0,0.0
M01926,MEM00548,1,0.0
M01926,MEM00548,1,0.0
M01926,MEM00548,1,0.0
M01926,MEM00548,1,0.0
M01926,MEM00548,1,0.0
M01926,MEM00548,1,0.0
M01926,MEM00548,1,0.0
M01926,EXT00267,0,0.0
M01926,EXT00267,0,0.0
M01926,EXT00267,0,0.0
M01926,EXT00267,0,0.0
M01926,EXT00267,0,0.0
M01926,EXT00267,0,0.0
M01926,EXT00267,0,0.0
M01926,EXT00289,0,0.0
M01926,EXT00289,0,0.0
M01926,EXT00289,0,0.0
M01926,EXT00289,0,0.0
M01926,EXT00289,0,0.0
M01926,EXT00289,0,0.0
M01926,EXT00289,0,0.0
M01927,MEM00210,1,0.0
M01927,MEM00210,1,0.0
M01927,MEM00210,1,0.0
M01927,MEM00210,1,0.0
M01927,MEM00210,1,0.0
M01927,MEM00210,1,0.0
M01927,MEM00210,1,0.0
M01928,MEM00515,1,3.4
M01928,MEM00515,1,3.67
M01928,MEM00515,1,4.86
M01928,MEM00515,1,4.61
M01928,MEM00515,1,3.87
M01928,MEM00515,1,4.64
M01928,MEM00515,1,4.73
M01928,MEM00119,1,4.1
M01928,MEM00119,1,3.37
M01928,MEM00119,1,4.08
M01928,MEM00119,1,4.14
M01928,MEM00119,1,3.46
M01928,MEM00119,1,4.42
M01928,MEM00119,1,4.37
M01928,MEM00243,1,4.47
M01928,MEM00243,1,4.37
M01928,MEM00243,1,4.64
M01928,MEM00243,1,4.09
M01928,MEM00243,1,4.32
M01928,MEM00243,1,3.96
M01928,MEM00243,1,3.85
M01928,MEM00041,1,5.0
M01928,MEM00041,1,2.97
M01928,MEM00041,1,4.73
M01928,MEM00041,1,3.83
M01928,MEM00041,1,3.75
M01928,MEM00041,1,4.36
M01928,MEM00041,1,3.31
M01929,MEM00692,1,3.71
M01929,MEM00692,1,3.69
M01929,MEM00692,1,4.07
M01929,MEM00692,1,3.72
M01929,MEM00692,1,5.0
M01929,MEM00692,1,5.0
M01929,MEM00692,1,2.99
M01929,MEM00475,1,4.53
M01929,MEM00475,1,4.72
M01929,MEM00475,1,4.53
M01929,MEM00475,1,3.81
M01929,MEM00475,1,4.05
M01929,MEM00475,1,3.75
M01929,MEM00475,1,3.95
M01929,EXT00180,0,3.47
M01929,EXT00180,0,4.13
M01929,EXT00180,0,3.3
M01929,EXT00180,0,4.08
M01929,EXT00180,0,3.45
M01929,EXT00180,0,4.32
M01929,EXT00180,0,3.79
M01929,EXT00358,0,4.37
M01929,EXT00358,0,4.85
M01929,EXT00358,0,5.0
M01929,EXT00358,0,2.68
M01929,EXT00358,0,3.7
M01929,EXT00358,0,4.02
M01929,EXT00358,0,4.48
M01930,MEM00367,1,0.0
M01930,MEM00367,1,0.0
M01930,MEM00367,1,0.0
M01930,MEM00367,1,0.0
M01930,MEM00367,1,0.0
M01930,MEM00367,1,0.0
M01930,MEM00367,1,0.0
M01930,EXT00030,0,0.0
M01930,EXT00030,0,0.0
M01930,EXT00030,0,0.0
M01930,EXT00030,0,0.0
M01930,EXT00030,0,0.0
M01930,EXT00030,0,0.0
M01930,EXT00030,0,0.0
M01931,MEM00536,1,3.21
M01931,MEM00536,1,3.61
M01931,MEM00536,1,4.28
M01931,MEM00536,1,4.25
M01931,MEM00536,1,4.43
M01931,MEM00536,1,4.47
M01931,MEM00536,1,4.4
M01931,MEM00210,1,4.32
M01931,MEM00210,1,4.23
M01931,MEM00210,1,4.6
M01931,MEM00210,1,2.86
M01931,MEM00210,1,5.0
M01931,MEM00210,1,2.88
M01931,MEM00210,1,3.55
M01931,MEM00654,1,4.06
M01931,MEM00654,1,4.6
M01931,MEM00654,1,2.4
M01931,MEM00654,1,4.18
M01931,MEM00654,1,4.68
M01931,MEM00654,1,4.8
M01931,MEM00654,1,3.78
M01931,EXT00165,0,4.02
M01931,EXT00165,0,3.83
M01931,EXT00165,0,3.96
M01931,EXT00165,0,3.58
M01931,EXT00165,0,3.67
M01931,EXT00165,0,4.46
M01931,EXT00165,0,4.28
M01932,MEM00210,1,4.49
M01932,MEM00210,1,4.33
M01932,MEM00210,1,4.62
M01932,MEM00210,1,4.73
M01932,MEM00210,1,3.15
M01932,MEM00210,1,3.69
M01932,MEM00210,1,4.06
M01932,MEM00700,1,4.19
M01932,MEM00700,1,3.8
M01932,MEM00700,1,4.75
M01932,MEM00700,1,5.0
M01932,MEM00700,1,4.31
M01932,MEM00700,1,4.25
M01932,MEM00700,1,4.71
M01932,MEM00427,1,3.08
M01932,MEM00427,1,4.22
M01932,MEM00427,1,4.79
M01932,MEM00427,1,3.81
M01932,MEM00427,1,3.46
M01932,MEM00427,1,4.09
M01932,MEM00427,1,4.16
M01932,MEM00667,1,3.65
M01932,MEM00667,1,5.0
M01932,MEM00667,1,3.91
M01932,MEM00667,1,3.51
M01932,MEM00667,1,4.14
M01932,MEM00667,1,4.74
M01932,MEM00667,1,4.21
M01933,MEM00174,1,0.0
M01933,MEM00174,1,0.0
M01933,MEM00174,1,0.0
M01933,MEM00174,1,0.0
M01933,MEM00174,1,0.0
M01933,MEM00174,1,0.0
M01933,MEM00174,1,0.0
M01934,MEM00105,1,0.0
M01934,MEM00105,1,0.0
M01934,MEM00105,1,0.0
M01934,MEM00105,1,0.0
M01934,MEM00105,1,0.0
M01934,MEM00105,1,0.0
M01934,MEM00105,1,0.0
M01935,MEM00735,1,0.0
M01935,MEM00735,1,0.0
M01935,MEM00735,1,0.0
M01935,MEM00735,1,0.0
M01935,MEM00735,1,0.0
M01935,MEM00735,1,0.0
M01935,MEM00735,1,0.0
M01935,EXT00327,0,0.0
M01935,EXT00327,0,0.0
M01935,EXT00327,0,0.0
M01935,EXT00327,0,0.0
M01935,EXT00327,0,0.0
M01935,EXT00327,0,0.0
M01935,EXT00327,0,0.0
M01936,MEM00346,1,4.49
M01936,MEM00346,1,3.68
M01936,MEM00346,1,5.0
M01936,MEM00346,1,4.54
M01936,MEM00346,1,4.83
M01936,MEM00346,1,4.42
M01936,MEM00346,1,4.69
M01936,MEM00610,1,3.68
M01936,MEM00610,1,3.91
M01936,MEM00610,1,5.0
M01936,MEM00610,1,5.0
M01936,MEM00610,1,3.51
M01936,MEM00610,1,4.35
M01936,MEM00610,1,3.94
M01936,MEM00054,1,3.78
M01936,MEM00054,1,4.37
M01936,MEM00054,1,4.88
M01936,MEM00054,1,4.47
M01936,MEM00054,1,4.01
M01936,MEM00054,1,4.51
M01936,MEM00054,1,3.98
M01936,MEM00670,1,4.45
M01936,MEM00670,1,5.0
M01936,MEM00670,1,2.95
M01936,MEM00670,1,4.68
M01936,MEM00670,1,3.28
M01936,MEM00670,1,4.94
M01936,MEM00670,1,3.82
M01937,MEM00262,1,0.0
M01937,MEM00262,1,0.0
M01937,MEM00262,1,0.0
M01937,MEM00262,1,0.0
M01937,MEM00262,1,0.0
M01937,MEM00262,1,0.0
M01937,MEM00262,1,0.0
M01938,MEM00090,1,0.0
M01938,MEM00090,1,0.0
M01938,MEM00090,1,0.0
M01938,MEM00090,1,0.0
M01938,MEM00090,1,0.0
M01938,MEM00090,1,0.0
M01938,MEM00090,1,0.0
M01938,MEM00425,1,0.0
M01938,MEM00425,1,0.0
M01938,MEM00425,1,0.0
M01938,MEM00425,1,0.0
M01938,MEM00425,1,0.0
M01938,MEM00425,1,0.0
M01938,MEM00425,1,0.0
M01940,MEM00461,1,0.0
M01940,MEM00461,1,0.0
M01940,MEM00461,1,0.0
M01940,MEM00461,1,0.0
M01940,MEM00461,1,0.0
M01940,MEM00461,1,0.0
M01940,MEM00461,1,0.0
M01940,MEM00606,1,0.0
M01940,MEM00606,1,0.0
M01940,MEM00606,1,0.0
M01940,MEM00606,1,0.0
M01940,MEM00606,1,0.0
M01940,MEM00606,1,0.0
M01940,MEM00606,1,0.0
M01940,EXT00076,0,0.0
M01940,EXT00076,0,0.0
M01940,EXT00076,0,0.0
M01940,EXT00076,0,0.0
M01940,EXT00076,0,0.0
M01940,EXT00076,0,0.0
M01940,EXT00076,0,0.0
M01941,MEM00168,1,3.47
M01941,MEM00168,1,4.62
M01941,MEM00168,1,4.42
M01941,MEM00168,1,3.6
M01941,MEM00168,1,3.45
M01941,MEM00168,1,4.09
M01941,MEM00168,1,3.48
M01941,MEM00060,1,3.56
M01941,MEM00060,1,4.27
M01941,MEM00060,1,3.62
M01941,MEM00060,1,4.46
M01941,MEM00060,1,5.0
M01941,MEM00060,1,4.11
M01941,MEM00060,1,4.28
M01941,MEM00167,1,5.0
M01941,MEM00167,1,3.49
M01941,MEM00167,1,4.91
M01941,MEM00167,1,4.84
M01941,MEM00167,1,4.71
M01941,MEM00167,1,4.98
M01941,MEM00167,1,4.37
M01941,EXT00234,0,3.85
M01941,EXT00234,0,4.86
M01941,EXT00234,0,4.88
M01941,EXT00234,0,4.86
M01941,EXT00234,0,4.23
M01941,EXT00234,0,3.77
M01941,EXT00234,0,4.31
M01942,MEM00668,1,0.0
M01942,MEM00668,1,0.0
M01942,MEM00668,1,0.0
M01942,MEM00668,1,0.0
M01942,MEM00668,1,0.0
M01942,MEM00668,1,0.0
M01942,MEM00668,1,0.0
M01943,MEM00016,1,0.0
M01943,MEM00016,1,0.0
M01943,MEM00016,1,0.0
M01943,MEM00016,1,0.0
M01943,MEM00016,1,0.0
M01943,MEM00016,1,0.0
M01943,MEM00016,1,0.0
M01944,MEM00652,1,4.77
M01944,MEM00652,1,4.81
M01944,MEM00652,1,3.94
M01944,MEM00652,1,4.39
M01944,MEM00652,1,3.41
M01944,MEM00652,1,4.79
M01944,MEM00652,1,3.73
M01944,MEM00054,1,4.67
M01944,MEM00054,1,3.51
M01944,MEM00054,1,4.82
M01944,MEM00054,1,4.39
M01944,MEM00054,1,3.73
M01944,MEM00054,1,4.61
M01944,MEM00054,1,3.85
M01944,MEM00451,1,4.65
M01944,MEM00451,1,4.04
M01944,MEM00451,1,3.17
M01944,MEM00451,1,3.61
M01944,MEM00451,1,3.94
M01944,MEM00451,1,5.0
M01944,MEM00451,1,4.74
M01944,EXT00123,0,5.0
M01944,EXT00123,0,5.0
M01944,EXT00123,0,3.88
M01944,EXT00123,0,4.09
M01944,EXT00123,0,3.95
M01944,EXT00123,0,3.8
M01944,EXT00123,0,3.1
M01945,MEM00271,1,4.19
M01945,MEM00271,1,3.43
M01945,MEM00271,1,4.18
M01945,MEM00271,1,5.0
M01945,MEM00271,1,3.89
M01945,MEM00271,1,4.32
M01945,MEM00271,1,4.74
M01945,EXT00238,0,4.37
M01945,EXT00238,0,4.38
M01945,EXT00238,0,3.98
M01945,EXT00238,0,4.06
M01945,EXT00238,0,3.62
M01945,EXT00238,0,4.71
M01945,EXT00238,0,3.16
M01946,MEM00028,1,4.78
M01946,MEM00028,1,3.36
M01946,MEM00028,1,4.78
M01946,MEM00028,1,3.99
M01946,MEM00028,1,3.46
M01946,MEM00028,1,4.55
M01946,MEM00028,1,4.76
M01946,MEM00211,1,3.94
M01946,MEM00211,1,4.63
M01946,MEM00211,1,2.83
M01946,MEM00211,1,3.41
M01946,MEM00211,1,4.98
M01946,MEM00211,1,4.07
M01946,MEM00211,1,3.08
M01946,EXT00300,0,3.78
M01946,EXT00300,0,3.65
M01946,EXT00300,0,4.1
M01946,EXT00300,0,3.98
M01946,EXT00300,0,4.31
M01946,EXT00300,0,4.16
M01946,EXT00300,0,5.0
M01946,EXT00249,0,4.45
M01946,EXT00249,0,4.47
M01946,EXT00249,0,4.9
M01946,EXT00249,0,3.97
M01946,EXT00249,0,3.44
M01946,EXT00249,0,4.92
M01946,EXT00249,0,4.28
M01947,MEM00597,1,0.0
M01947,MEM00597,1,0.0
M01947,MEM00597,1,0.0
M01947,MEM00597,1,0.0
M01947,MEM00597,1,0.0
M01947,MEM00597,1,0.0
M01947,MEM00597,1,0.0
M01947,MEM00461,1,0.0
M01947,MEM00461,1,0.0
M01947,MEM00461,1,0.0
M01947,MEM00461,1,0.0
M01947,MEM00461,1,0.0
M01947,MEM00461,1,0.0
M01947,MEM00461,1,0.0
M01948,MEM00541,1,0.0
M01948,MEM00541,1,0.0
M01948,MEM00541,1,0.0
M01948,MEM00541,1,0.0
M01948,MEM00541,1,0.0
M01948,MEM00541,1,0.0
M01948,MEM00541,1,0.0
M01949,MEM00180,1,0.0
M01949,MEM00180,1,0.0
M01949,MEM00180,1,0.0
M01949,MEM00180,1,0.0
M01949,MEM00180,1,0.0
M01949,MEM00180,1,0.0
M01949,MEM00180,1,0.0
M01949,MEM00271,1,0.0
M01949,MEM00271,1,0.0
M01949,MEM00271,1,0.0
M01949,MEM00271,1,0.0
M01949,MEM00271,1,0.0
M01949,MEM00271,1,0.0
M01949,MEM00271,1,0.0
M01950,MEM00542,1,4.28
M01950,MEM00542,1,3.82
M01950,MEM00542,1,3.83
M01950,MEM00542,1,4.71
M01950,MEM00542,1,4.79
M01950,MEM00542,1,4.67
M01950,MEM00542,1,4.68
M01950,MEM00119,1,4.54
M01950,MEM00119,1,4.28
M01950,MEM00119,1,4.09
M01950,MEM00119,1,4.93
M01950,MEM00119,1,3.98
M01950,MEM00119,1,4.42
M01950,MEM00119,1,3.72
M01950,MEM00123,1,3.8
M01950,MEM00123,1,4.06
M01950,MEM00123,1,3.72
M01950,MEM00123,1,4.68
M01950,MEM00123,1,3.39
M01950,MEM00123,1,4.26
M01950,MEM00123,1,4.28
M01950,EXT00342,0,3.11
M01950,EXT00342,0,3.94
M01950,EXT00342,0,4.35
M01950,EXT00342,0,4.46
M01950,EXT00342,0,4.08
M01950,EXT00342,0,4.61
M01950,EXT00342,0,4.13
M01951,MEM00768,1,4.21
M01951,MEM00768,1,4.35
M01951,MEM00768,1,4.76
M01951,MEM00768,1,3.79
M01951,MEM00768,1,3.91
M01951,MEM00768,1,3.8
M01951,MEM00768,1,4.0
M01951,MEM00490,1,5.0
M01951,MEM00490,1,4.54
M01951,MEM00490,1,3.52
M01951,MEM00490,1,3.84
M01951,MEM00490,1,4.42
M01951,MEM00490,1,3.66
M01951,MEM00490,1,3.76
M01951,EXT00076,0,5.0
M01951,EXT00076,0,3.83
M01951,EXT00076,0,4.77
M01951,EXT00076,0,4.95
M01951,EXT00076,0,3.76
M01951,EXT00076,0,3.67
M01951,EXT00076,0,4.03
M01951,EXT00046,0,3.55
M01951,EXT00046,0,4.27
M01951,EXT00046,0,4.08
M01951,EXT00046,0,4.42
M01951,EXT00046,0,5.0
M01951,EXT00046,0,4.69
M01951,EXT00046,0,4.49
M01952,MEM00459,1,0.0
M01952,MEM00459,1,0.0
M01952,MEM00459,1,0.0
M01952,MEM00459,1,0.0
M01952,MEM00459,1,0.0
M01952,MEM00459,1,0.0
M01952,MEM00459,1,0.0
M01952,MEM00650,1,0.0
M01952,MEM00650,1,0.0
M01952,MEM00650,1,0.0
M01952,MEM00650,1,0.0
M01952,MEM00650,1,0.0
M01952,MEM00650,1,0.0
M01952,MEM00650,1,0.0
M01952,EXT00317,0,0.0
M01952,EXT00317,0,0.0
M01952,EXT00317,0,0.0
M01952,EXT00317,0,0.0
M01952,EXT00317,0,0.0
M01952,EXT00317,0,0.0
M01952,EXT00317,0,0.0
M01952,EXT00246,0,0.0
M01952,EXT00246,0,0.0
M01952,EXT00246,0,0.0
M01952,EXT00246,0,0.0
M01952,EXT00246,0,0.0
M01952,EXT00246,0,0.0
M01952,EXT00246,0,0.0
M01953,MEM00565,1,0.0
M01953,MEM00565,1,0.0
M01953,MEM00565,1,0.0
M01953,MEM00565,1,0.0
M01953,MEM00565,1,0.0
M01953,MEM00565,1,0.0
M01953,MEM00565,1,0.0
M01953,EXT00333,0,0.0
M01953,EXT00333,0,0.0
M01953,EXT00333,0,0.0
M01953,EXT00333,0,0.0
M01953,EXT00333,0,0.0
M01953,EXT00333,0,0.0
M01953,EXT00333,0,0.0
M01954,MEM00603,1,0.0
M01954,MEM00603,1,0.0
M01954,MEM00603,1,0.0
M01954,MEM00603,1,0.0
M01954,MEM00603,1,0.0
M01954,MEM00603,1,0.0
M01954,MEM00603,1,0.0
M01954,MEM00060,1,0.0
M01954,MEM00060,1,0.0
M01954,MEM00060,1,0.0
M01954,MEM00060,1,0.0
M01954,MEM00060,1,0.0
M01954,MEM00060,1,0.0
M01954,MEM00060,1,0.0
M01954,MEM00678,1,0.0
M01954,MEM00678,1,0.0
M01954,MEM00678,1,0.0
M01954,MEM00678,1,0.0
M01954,MEM00678,1,0.0
M01954,MEM00678,1,0.0
M01954,MEM00678,1,0.0
M01954,EXT00108,0,0.0
M01954,EXT00108,0,0.0
M01954,EXT00108,0,0.0
M01954,EXT00108,0,0.0
M01954,EXT00108,0,0.0
M01954,EXT00108,0,0.0
M01954,EXT00108,0,0.0
M01955,MEM00498,1,3.02
M01955,MEM00498,1,4.47
M01955,MEM00498,1,5.0
M01955,MEM00498,1,2.39
M01955,MEM00498,1,4.61
M01955,MEM00498,1,4.1
M01955,MEM00498,1,3.69
M01955,MEM00242,1,4.68
M01955,MEM00242,1,5.0
M01955,MEM00242,1,4.67
M01955,MEM00242,1,3.98
M01955,MEM00242,1,3.63
M01955,MEM00242,1,4.29
M01955,MEM00242,1,4.72
M01956,MEM00033,1,3.97
M01956,MEM00033,1,4.03
M01956,MEM00033,1,5.0
M01956,MEM00033,1,4.85
M01956,MEM00033,1,4.89
M01956,MEM00033,1,3.32
M01956,MEM00033,1,3.78
M01956,MEM00765,1,4.24
M01956,MEM00765,1,3.6
M01956,MEM00765,1,5.0
M01956,MEM00765,1,5.0
M01956,MEM00765,1,3.88
M01956,MEM00765,1,5.0
M01956,MEM00765,1,4.2
M01957,MEM00461,1,0.0
M01957,MEM00461,1,0.0
M01957,MEM00461,1,0.0
M01957,MEM00461,1,0.0
M01957,MEM00461,1,0.0
M01957,MEM00461,1,0.0
M01957,MEM00461,1,0.0
M01958,MEM00155,1,0.0
M01958,MEM00155,1,0.0
M01958,MEM00155,1,0.0
M01958,MEM00155,1,0.0
M01958,MEM00155,1,0.0
M01958,MEM00155,1,0.0
M01958,MEM00155,1,0.0
M01960,MEM00573,1,5.0
M01960,MEM00573,1,4.29
M01960,MEM00573,1,4.55
M01960,MEM00573,1,5.0
M01960,MEM00573,1,4.97
M01960,MEM00573,1,4.51
M01960,MEM00573,1,4.12
M01960,EXT00070,0,4.51
M01960,EXT00070,0,3.71
M01960,EXT00070,0,4.29
M01960,EXT00070,0,3.53
M01960,EXT00070,0,3.13
M01960,EXT00070,0,4.23
M01960,EXT00070,0,4.96
M01961,MEM00207,1,4.76
M01961,MEM00207,1,4.15
M01961,MEM00207,1,5.0
M01961,MEM00207,1,3.86
M01961,MEM00207,1,3.05
M01961,MEM00207,1,2.89
M01961,MEM00207,1,3.49
M01961,EXT00201,0,4.69
M01961,EXT00201,0,3.82
M01961,EXT00201,0,4.48
M01961,EXT00201,0,5.0
M01961,EXT00201,0,3.54
M01961,EXT00201,0,4.49
M01961,EXT00201,0,4.52
M01962,MEM00181,1,3.68
M01962,MEM00181,1,5.0
M01962,MEM00181,1,4.03
M01962,MEM00181,1,3.97
M01962,MEM00181,1,5.0
M01962,MEM00181,1,4.51
M01962,MEM00181,1,4.76
M01962,MEM00133,1,5.0
M01962,MEM00133,1,3.81
M01962,MEM00133,1,4.95
M01962,MEM00133,1,3.9
M01962,MEM00133,1,3.87
M01962,MEM00133,1,4.04
M01962,MEM00133,1,3.83
M01962,MEM00610,1,4.69
M01962,MEM00610,1,4.36
M01962,MEM00610,1,3.91
M01962,MEM00610,1,4.6
M01962,MEM00610,1,4.03
M01962,MEM00610,1,4.0
M01962,MEM00610,1,4.23
M01962,MEM00738,1,4.48
M01962,MEM00738,1,4.43
M01962,MEM00738,1,3.98
M01962,MEM00738,1,4.71
M01962,MEM00738,1,4.07
M01962,MEM00738,1,3.81
M01962,MEM00738,1,3.32
M01963,MEM00136,1,4.79
M01963,MEM00136,1,4.21
M01963,MEM00136,1,4.33
M01963,MEM00136,1,4.83
M01963,MEM00136,1,3.91
M01963,MEM00136,1,3.38
M01963,MEM00136,1,4.24
M01963,MEM00735,1,4.38
M01963,MEM00735,1,4.04
M01963,MEM00735,1,5.0
M01963,MEM00735,1,2.71
M01963,MEM00735,1,4.87
M01963,MEM00735,1,4.67
M01963,MEM00735,1,4.47
M01963,MEM00394,1,2.2
M01963,MEM00394,1,4.97
M01963,MEM00394,1,3.58
M01963,MEM00394,1,3.9
M01963,MEM00394,1,4.1
M01963,MEM00394,1,4.44
M01963,MEM00394,1,4.58
M01963,EXT00258,0,4.74
M01963,EXT00258,0,4.69
M01963,EXT00258,0,4.35
M01963,EXT00258,0,4.45
M01963,EXT00258,0,3.55
M01963,EXT00258,0,3.75
M01963,EXT00258,0,4.74
M01964,MEM00204,1,4.7
M01964,MEM00204,1,4.63
M01964,MEM00204,1,3.89
M01964,MEM00204,1,4.75
M01964,MEM00204,1,3.5
M01964,MEM00204,1,4.85
M01964,MEM00204,1,4.04
M01964,MEM00144,1,5.0
M01964,MEM00144,1,3.29
M01964,MEM00144,1,5.0
M01964,MEM00144,1,3.98
M01964,MEM00144,1,3.97
M01964,MEM00144,1,4.32
M01964,MEM00144,1,3.78
M01965,MEM00549,1,0.0
M01965,MEM00549,1,0.0
M01965,MEM00549,1,0.0
M01965,MEM00549,1,0.0
M01965,MEM00549,1,0.0
M01965,MEM00549,1,0.0
M01965,MEM00549,1,0.0
M01967,MEM00474,1,4.16
M01967,MEM00474,1,3.76
M01967,MEM00474,1,3.78
M01967,MEM00474,1,4.49
M01967,MEM00474,1,3.66
M01967,MEM00474,1,3.74
M01967,MEM00474,1,3.38
M01967,MEM00236,1,3.9
M01967,MEM00236,1,4.99
M01967,MEM00236,1,3.69
M01967,MEM00236,1,3.76
M01967,MEM00236,1,4.32
M01967,MEM00236,1,3.98
M01967,MEM00236,1,5.0
M01967,MEM00606,1,4.1
M01967,MEM00606,1,4.4
M01967,MEM00606,1,4.77
M01967,MEM00606,1,4.75
M01967,MEM00606,1,4.34
M01967,MEM00606,1,4.1
M01967,MEM00606,1,5.0
M01967,EXT00180,0,4.14
M01967,EXT00180,0,3.93
M01967,EXT00180,0,3.81
M01967,EXT00180,0,3.16
M01967,EXT00180,0,4.69
M01967,EXT00180,0,2.79
M01967,EXT00180,0,4.2
M01968,MEM00315,1,0.0
M01968,MEM00315,1,0.0
M01968,MEM00315,1,0.0
M01968,MEM00315,1,0.0
M01968,MEM00315,1,0.0
M01968,MEM00315,1,0.0
M01968,MEM00315,1,0.0
M01968,EXT00393,0,0.0
M01968,EXT00393,0,0.0
M01968,EXT00393,0,0.0
M01968,EXT00393,0,0.0
M01968,EXT00393,0,0.0
M01968,EXT00393,0,0.0
M01968,EXT00393,0,0.0
M01968,EXT00110,0,0.0
M01968,EXT00110,0,0.0
M01968,EXT00110,0,0.0
M01968,EXT00110,0,0.0
M01968,EXT00110,0,0.0
M01968,EXT00110,0,0.0
M01968,EXT00110,0,0.0
M01969,MEM00225,1,0.0
M01969,MEM00225,1,0.0
M01969,MEM00225,1,0.0
M01969,MEM00225,1,0.0
M01969,MEM00225,1,0.0
M01969,MEM00225,1,0.0
M01969,MEM00225,1,0.0
M01969,EXT00135,0,0.0
M01969,EXT00135,0,0.0
M01969,EXT00135,0,0.0
M01969,EXT00135,0,0.0
M01969,EXT00135,0,0.0
M01969,EXT00135,0,0.0
M01969,EXT00135,0,0.0
M01970,MEM00210,1,4.08
M01970,MEM00210,1,5.0
M01970,MEM00210,1,3.1
M01970,MEM00210,1,3.66
M01970,MEM00210,1,4.12
M01970,MEM00210,1,4.08
M01970,MEM00210,1,3.87
M01970,MEM00437,1,4.15
M01970,MEM00437,1,3.44
M01970,MEM00437,1,4.41
M01970,MEM00437,1,2.81
M01970,MEM00437,1,4.18
M01970,MEM00437,1,3.84
M01970,MEM00437,1,4.81
M01970,EXT00362,0,5.0
M01970,EXT00362,0,4.0
M01970,EXT00362,0,5.0
M01970,EXT00362,0,4.01
M01970,EXT00362,0,3.62
M01970,EXT00362,0,5.0
M01970,EXT00362,0,4.51
M01970,EXT00099,0,4.2
M01970,EXT00099,0,4.61
M01970,EXT00099,0,4.36
M01970,EXT00099,0,4.16
M01970,EXT00099,0,3.4
M01970,EXT00099,0,4.04
M01970,EXT00099,0,4.57
M01971,MEM00716,1,4.13
M01971,MEM00716,1,4.74
M01971,MEM00716,1,4.43
M01971,MEM00716,1,3.67
M01971,MEM00716,1,3.41
M01971,MEM00716,1,4.11
M01971,MEM00716,1,3.89
M01971,MEM00107,1,4.4
M01971,MEM00107,1,3.77
M01971,MEM00107,1,3.83
M01971,MEM00107,1,4.83
M01971,MEM00107,1,4.29
M01971,MEM00107,1,3.78
M01971,MEM00107,1,4.21
M01972,MEM00730,1,5.0
M01972,MEM00730,1,4.38
M01972,MEM00730,1,4.56
M01972,MEM00730,1,3.75
M01972,MEM00730,1,4.82
M01972,MEM00730,1,5.0
M01972,MEM00730,1,3.73
M01972,MEM00516,1,3.49
M01972,MEM00516,1,4.31
M01972,MEM00516,1,4.73
M01972,MEM00516,1,4.15
M01972,MEM00516,1,3.57
M01972,MEM00516,1,4.13
M01972,MEM00516,1,4.56
M01973,MEM00157,1,3.96
M01973,MEM00157,1,4.56
M01973,MEM00157,1,4.9
M01973,MEM00157,1,4.34
M01973,MEM00157,1,4.18
M01973,MEM00157,1,4.7
M01973,MEM00157,1,3.69
M01973,MEM00362,1,3.63
M01973,MEM00362,1,4.04
M01973,MEM00362,1,3.9
M01973,MEM00362,1,3.72
M01973,MEM00362,1,5.0
M01973,MEM00362,1,5.0
M01973,MEM00362,1,3.99
M01973,MEM00762,1,4.26
M01973,MEM00762,1,4.09
M01973,MEM00762,1,4.86
M01973,MEM00762,1,4.98
M01973,MEM00762,1,3.13
M01973,MEM00762,1,4.49
M01973,MEM00762,1,3.42
M01973,MEM00770,1,5.0
M01973,MEM00770,1,4.46
M01973,MEM00770,1,3.71
M01973,MEM00770,1,4.06
M01973,MEM00770,1,4.03
M01973,MEM00770,1,4.52
M01973,MEM00770,1,4.83
M01974,MEM00543,1,3.51
M01974,MEM00543,1,5.0
M01974,MEM00543,1,5.0
M01974,MEM00543,1,3.67
M01974,MEM00543,1,4.24
M01974,MEM00543,1,5.0
M01974,MEM00543,1,4.94
M01974,MEM00233,1,4.0
M01974,MEM00233,1,4.69
M01974,MEM00233,1,5.0
M01974,MEM00233,1,4.26
M01974,MEM00233,1,3.82
M01974,MEM00233,1,4.3
M01974,MEM00233,1,4.35
M01975,MEM00168,1,0.0
M01975,MEM00168,1,0.0
M01975,MEM00168,1,0.0
M01975,MEM00168,1,0.0
M01975,MEM00168,1,0.0
M01975,MEM00168,1,0.0
M01975,MEM00168,1,0.0
M01976,MEM00092,1,3.89
M01976,MEM00092,1,4.46
M01976,MEM00092,1,3.45
M01976,MEM00092,1,3.8
M01976,MEM00092,1,4.65
M01976,MEM00092,1,3.15
M01976,MEM00092,1,4.74
M01976,MEM00107,1,2.99
M01976,MEM00107,1,3.16
M01976,MEM00107,1,3.9
M01976,MEM00107,1,4.37
M01976,MEM00107,1,5.0
M01976,MEM00107,1,4.23
M01976,MEM00107,1,4.05
M01976,MEM00132,1,4.55
M01976,MEM00132,1,3.68
M01976,MEM00132,1,4.28
M01976,MEM00132,1,3.48
M01976,MEM00132,1,4.25
M01976,MEM00132,1,4.12
M01976,MEM00132,1,3.72
M01976,MEM00235,1,4.3
M01976,MEM00235,1,4.3
M01976,MEM00235,1,4.91
M01976,MEM00235,1,3.24
M01976,MEM00235,1,4.15
M01976,MEM00235,1,3.74
M01976,MEM00235,1,4.72
M01977,MEM00328,1,0.0
M01977,MEM00328,1,0.0
M01977,MEM00328,1,0.0
M01977,MEM00328,1,0.0
M01977,MEM00328,1,0.0
M01977,MEM00328,1,0.0
M01977,MEM00328,1,0.0
M01978,MEM00630,1,0.0
M01978,MEM00630,1,0.0
M01978,MEM00630,1,0.0
M01978,MEM00630,1,0.0
M01978,MEM00630,1,0.0
M01978,MEM00630,1,0.0
M01978,MEM00630,1,0.0
M01979,MEM00128,1,4.65
M01979,MEM00128,1,4.5
M01979,MEM00128,1,3.78
M01979,MEM00128,1,4.73
M01979,MEM00128,1,3.28
M01979,MEM00128,1,3.16
M01979,MEM00128,1,3.43
M01979,EXT00054,0,4.18
M01979,EXT00054,0,4.61
M01979,EXT00054,0,2.41
M01979,EXT00054,0,4.99
M01979,EXT00054,0,4.28
M01979,EXT00054,0,3.26
M01979,EXT00054,0,4.26
M01980,MEM00502,1,0.0
M01980,MEM00502,1,0.0
M01980,MEM00502,1,0.0
M01980,MEM00502,1,0.0
M01980,MEM00502,1,0.0
M01980,MEM00502,1,0.0
M01980,MEM00502,1,0.0
M01980,EXT00080,0,0.0
M01980,EXT00080,0,0.0
M01980,EXT00080,0,0.0
M01980,EXT00080,0,0.0
M01980,EXT00080,0,0.0
M01980,EXT00080,0,0.0
M01980,EXT00080,0,0.0
M01981,MEM00098,1,0.0
M01981,MEM00098,1,0.0
M01981,MEM00098,1,0.0
M01981,MEM00098,1,0.0
M01981,MEM00098,1,0.0
M01981,MEM00098,1,0.0
M01981,MEM00098,1,0.0
M01982,MEM00745,1,4.86
M01982,MEM00745,1,4.56
M01982,MEM00745,1,4.86
M01982,MEM00745,1,3.38
M01982,MEM00745,1,3.95
M01982,MEM00745,1,3.65
M01982,MEM00745,1,5.0
M01982,MEM00156,1,4.58
M01982,MEM00156,1,5.0
M01982,MEM00156,1,3.92
M01982,MEM00156,1,3.77
M01982,MEM00156,1,4.11
M01982,MEM00156,1,5.0
M01982,MEM00156,1,3.98
M01983,MEM00655,1,0.0
M01983,MEM00655,1,0.0
M01983,MEM00655,1,0.0
M01983,MEM00655,1,0.0
M01983,MEM00655,1,0.0
M01983,MEM00655,1,0.0
M01983,MEM00655,1,0.0
M01983,MEM00273,1,0.0
M01983,MEM00273,1,0.0
M01983,MEM00273,1,0.0
M01983,MEM00273,1,0.0
M01983,MEM00273,1,0.0
M01983,MEM00273,1,0.0
M01983,MEM00273,1,0.0
M01983,MEM00516,1,0.0
M01983,MEM00516,1,0.0
M01983,MEM00516,1,0.0
M01983,MEM00516,1,0.0
M01983,MEM00516,1,0.0
M01983,MEM00516,1,0.0
M01983,MEM00516,1,0.0
M01983,MEM00421,1,0.0
M01983,MEM00421,1,0.0
M01983,MEM00421,1,0.0
M01983,MEM00421,1,0.0
M01983,MEM00421,1,0.0
M01983,MEM00421,1,0.0
M01983,MEM00421,1,0.0
M01984,MEM00543,1,4.27
M01984,MEM00543,1,4.26
M01984,MEM00543,1,4.22
M01984,MEM00543,1,3.81
M01984,MEM00543,1,4.12
M01984,MEM00543,1,4.09
M01984,MEM00543,1,4.2
M01984,EXT00279,0,4.77
M01984,EXT00279,0,5.0
M01984,EXT00279,0,3.7
M01984,EXT00279,0,3.96
M01984,EXT00279,0,3.7
M01984,EXT00279,0,4.31
M01984,EXT00279,0,3.88
M01987,MEM00490,1,0.0
M01987,MEM00490,1,0.0
M01987,MEM00490,1,0.0
M01987,MEM00490,1,0.0
M01987,MEM00490,1,0.0
M01987,MEM00490,1,0.0
M01987,MEM00490,1,0.0
M01987,EXT00099,0,0.0
M01987,EXT00099,0,0.0
M01987,EXT00099,0,0.0
M01987,EXT00099,0,0.0
M01987,EXT00099,0,0.0
M01987,EXT00099,0,0.0
M01987,EXT00099,0,0.0
M01988,MEM00363,1,4.34
M01988,MEM00363,1,4.86
M01988,MEM00363,1,2.68
M01988,MEM00363,1,4.5
M01988,MEM00363,1,3.92
M01988,MEM00363,1,4.48
M01988,MEM00363,1,3.66
M01988,MEM00710,1,4.92
M01988,MEM00710,1,4.75
M01988,MEM00710,1,4.54
M01988,MEM00710,1,4.68
M01988,MEM00710,1,3.75
M01988,MEM00710,1,3.83
M01988,MEM00710,1,4.65
M01988,MEM00041,1,3.74
M01988,MEM00041,1,5.0
M01988,MEM00041,1,4.01
M01988,MEM00041,1,4.5
M01988,MEM00041,1,5.0
M01988,MEM00041,1,3.78
M01988,MEM00041,1,4.24
M01988,EXT00225,0,4.83
M01988,EXT00225,0,4.77
M01988,EXT00225,0,4.0
M01988,EXT00225,0,3.89
M01988,EXT00225,0,4.06
M01988,EXT00225,0,5.0
M01988,EXT00225,0,4.03
M01989,MEM00657,1,0.0
M01989,MEM00657,1,0.0
M01989,MEM00657,1,0.0
M01989,MEM00657,1,0.0
M01989,MEM00657,1,0.0
M01989,MEM00657,1,0.0
M01989,MEM00657,1,0.0
M01989,EXT00398,0,0.0
M01989,EXT00398,0,0.0
M01989,EXT00398,0,0.0
M01989,EXT00398,0,0.0
M01989,EXT00398,0,0.0
M01989,EXT00398,0,0.0
M01989,EXT00398,0,0.0
M01991,MEM00558,1,4.25
M01991,MEM00558,1,3.94
M01991,MEM00558,1,4.62
M01991,MEM00558,1,4.29
M01991,MEM00558,1,3.6
M01991,MEM00558,1,3.62
M01991,MEM00558,1,3.0
M01991,MEM00152,1,3.7
M01991,MEM00152,1,4.68
M01991,MEM00152,1,4.99
M01991,MEM00152,1,4.61
M01991,MEM00152,1,4.53
M01991,MEM00152,1,4.12
M01991,MEM00152,1,4.66
M01992,MEM00541,1,4.37
M01992,MEM00541,1,5.0
M01992,MEM00541,1,4.14
M01992,MEM00541,1,5.0
M01992,MEM00541,1,4.72
M01992,MEM00541,1,4.64
M01992,MEM00541,1,2.99
M01992,MEM00781,1,4.76
M01992,MEM00781,1,4.12
M01992,MEM00781,1,3.93
M01992,MEM00781,1,3.31
M01992,MEM00781,1,4.2
M01992,MEM00781,1,4.22
M01992,MEM00781,1,3.42
M01993,EXT00394,0,0.0
M01993,EXT00394,0,0.0
M01993,EXT00394,0,0.0
M01993,EXT00394,0,0.0
M01993,EXT00394,0,0.0
M01993,EXT00394,0,0.0
M01993,EXT00394,0,0.0
M01994,MEM00553,1,0.0
M01994,MEM00553,1,0.0
M01994,MEM00553,1,0.0
M01994,MEM00553,1,0.0
M01994,MEM00553,1,0.0
M01994,MEM00553,1,0.0
M01994,MEM00553,1,0.0
M01994,MEM00210,1,0.0
M01994,MEM00210,1,0.0
M01994,MEM00210,1,0.0
M01994,MEM00210,1,0.0
M01994,MEM00210,1,0.0
M01994,MEM00210,1,0.0
M01994,MEM00210,1,0.0
M01995,MEM00735,1,3.32
M01995,MEM00735,1,4.49
M01995,MEM00735,1,4.72
M01995,MEM00735,1,4.31
M01995,MEM00735,1,4.89
M01995,MEM00735,1,4.15
M01995,MEM00735,1,4.17
M01995,MEM00632,1,3.65
M01995,MEM00632,1,3.26
M01995,MEM00632,1,5.0
M01995,MEM00632,1,4.88
M01995,MEM00632,1,3.36
M01995,MEM00632,1,4.29
M01995,MEM00632,1,4.14
M01995,MEM00107,1,4.04
M01995,MEM00107,1,3.95
M01995,MEM00107,1,4.43
M01995,MEM00107,1,4.69
M01995,MEM00107,1,4.44
M01995,MEM00107,1,4.13
M01995,MEM00107,1,4.11
M01995,MEM00623,1,4.76
M01995,MEM00623,1,4.48
M01995,MEM00623,1,4.24
M01995,MEM00623,1,4.18
M01995,MEM00623,1,4.41
M01995,MEM00623,1,3.92
M01995,MEM00623,1,4.69
M01997,MEM00297,1,0.0
M01997,MEM00297,1,0.0
M01997,MEM00297,1,0.0
M01997,MEM00297,1,0.0
M01997,MEM00297,1,0.0
M01997,MEM00297,1,0.0
M01997,MEM00297,1,0.0
M01998,MEM00346,1,3.55
M01998,MEM00346,1,3.95
M01998,MEM00346,1,4.57
M01998,MEM00346,1,3.52
M01998,MEM00346,1,3.26
M01998,MEM00346,1,4.24
M01998,MEM00346,1,3.18
M01998,MEM00335,1,3.42
M01998,MEM00335,1,4.65
M01998,MEM00335,1,4.08
M01998,MEM00335,1,4.97
M01998,MEM00335,1,3.48
M01998,MEM00335,1,4.14
M01998,MEM00335,1,4.44
M01998,MEM00491,1,3.5
M01998,MEM00491,1,4.82
M01998,MEM00491,1,4.51
M01998,MEM00491,1,3.23
M01998,MEM00491,1,4.18
M01998,MEM00491,1,4.43
M01998,MEM00491,1,3.85
M01998,EXT00114,0,3.31
M01998,EXT00114,0,4.37
M01998,EXT00114,0,5.0
M01998,EXT00114,0,3.97
M01998,EXT00114,0,5.0
M01998,EXT00114,0,3.75
M01998,EXT00114,0,4.33
M01999,MEM00611,1,0.0
M01999,MEM00611,1,0.0
M01999,MEM00611,1,0.0
M01999,MEM00611,1,0.0
M01999,MEM00611,1,0.0
M01999,MEM00611,1,0.0
M01999,MEM00611,1,0.0
M02000,MEM00756,1,0.0
M02000,MEM00756,1,0.0
M02000,MEM00756,1,0.0
M02000,MEM00756,1,0.0
M02000,MEM00756,1,0.0
M02000,MEM00756,1,0.0
M02000,MEM00756,1,0.0
M02002,MEM00756,1,0.0
M02002,MEM00756,1,0.0
M02002,MEM00756,1,0.0
M02002,MEM00756,1,0.0
M02002,MEM00756,1,0.0
M02002,MEM00756,1,0.0
M02002,MEM00756,1,0.0
M02003,MEM00160,1,4.66
M02003,MEM00160,1,4.19
M02003,MEM00160,1,4.02
M02003,MEM00160,1,4.64
M02003,MEM00160,1,5.0
M02003,MEM00160,1,4.38
M02003,MEM00160,1,3.89
M02003,MEM00697,1,4.09
M02003,MEM00697,1,5.0
M02003,MEM00697,1,4.28
M02003,MEM00697,1,3.84
M02003,MEM00697,1,3.51
M02003,MEM00697,1,3.1
M02003,MEM00697,1,4.42
M02005,MEM00593,1,4.59
M02005,MEM00593,1,3.96
M02005,MEM00593,1,4.19
M02005,MEM00593,1,3.5
M02005,MEM00593,1,4.28
M02005,MEM00593,1,4.49
M02005,MEM00593,1,3.88
M02005,MEM00210,1,5.0
M02005,MEM00210,1,3.7
M02005,MEM00210,1,4.37
M02005,MEM00210,1,4.71
M02005,MEM00210,1,4.15
M02005,MEM00210,1,4.09
M02005,MEM00210,1,3.34
M02005,MEM00069,1,5.0
M02005,MEM00069,1,4.1
M02005,MEM00069,1,4.52
M02005,MEM00069,1,4.6
M02005,MEM00069,1,3.82
M02005,MEM00069,1,4.08
M02005,MEM00069,1,5.0
M02005,EXT00099,0,3.53
M02005,EXT00099,0,5.0
M02005,EXT00099,0,3.75
M02005,EXT00099,0,3.49
M02005,EXT00099,0,4.28
M02005,EXT00099,0,5.0
M02005,EXT00099,0,3.05
M02006,MEM00581,1,4.12
M02006,MEM00581,1,4.49
M02006,MEM00581,1,4.22
M02006,MEM00581,1,4.43
M02006,MEM00581,1,3.77
M02006,MEM00581,1,3.84
M02006,MEM00581,1,4.11
M02006,MEM00492,1,3.52
M02006,MEM00492,1,4.17
M02006,MEM00492,1,3.97
M02006,MEM00492,1,3.92
M02006,MEM00492,1,4.39
M02006,MEM00492,1,3.11
M02006,MEM00492,1,4.06
M02006,MEM00736,1,5.0
M02006,MEM00736,1,3.55
M02006,MEM00736,1,4.97
M02006,MEM00736,1,4.23
M02006,MEM00736,1,3.84
M02006,MEM00736,1,3.41
M02006,MEM00736,1,4.28
M02006,EXT00095,0,5.0
M02006,EXT00095,0,3.97
M02006,EXT00095,0,4.15
M02006,EXT00095,0,4.81
M02006,EXT00095,0,4.4
M02006,EXT00095,0,3.26
M02006,EXT00095,0,4.26
M02007,MEM00580,1,0.0
M02007,MEM00580,1,0.0
M02007,MEM00580,1,0.0
M02007,MEM00580,1,0.0
M02007,MEM00580,1,0.0
M02007,MEM00580,1,0.0
M02007,MEM00580,1,0.0
M02008,MEM00289,1,0.0
M02008,MEM00289,1,0.0
M02008,MEM00289,1,0.0
M02008,MEM00289,1,0.0
M02008,MEM00289,1,0.0
M02008,MEM00289,1,0.0
M02008,MEM00289,1,0.0
M02008,MEM00489,1,0.0
M02008,MEM00489,1,0.0
M02008,MEM00489,1,0.0
M02008,MEM00489,1,0.0
M02008,MEM00489,1,0.0
M02008,MEM00489,1,0.0
M02008,MEM00489,1,0.0
M02008,MEM00136,1,0.0
M02008,MEM00136,1,0.0
M02008,MEM00136,1,0.0
M02008,MEM00136,1,0.0
M02008,MEM00136,1,0.0
M02008,MEM00136,1,0.0
M02008,MEM00136,1,0.0
M02008,MEM00031,1,0.0
M02008,MEM00031,1,0.0
M02008,MEM00031,1,0.0
M02008,MEM00031,1,0.0
M02008,MEM00031,1,0.0
M02008,MEM00031,1,0.0
M02008,MEM00031,1,0.0
M02009,MEM00655,1,5.0
M02009,MEM00655,1,4.18
M02009,MEM00655,1,2.56
M02009,MEM00655,1,4.43
M02009,MEM00655,1,4.08
M02009,MEM00655,1,3.1
M02009,MEM00655,1,3.19
M02009,MEM00207,1,4.79
M02009,MEM00207,1,3.76
M02009,MEM00207,1,3.66
M02009,MEM00207,1,4.18
M02009,MEM00207,1,3.81
M02009,MEM00207,1,4.26
M02009,MEM00207,1,4.08
M02009,MEM00509,1,3.48
M02009,MEM00509,1,3.89
M02009,MEM00509,1,4.47
M02009,MEM00509,1,4.23
M02009,MEM00509,1,4.15
M02009,MEM00509,1,5.0
M02009,MEM00509,1,4.64
M02009,EXT00159,0,4.71
M02009,EXT00159,0,4.1
M02009,EXT00159,0,4.33
M02009,EXT00159,0,3.94
M02009,EXT00159,0,4.67
M02009,EXT00159,0,4.13
M02009,EXT00159,0,4.33
M02010,MEM00475,1,0.0
M02010,MEM00475,1,0.0
M02010,MEM00475,1,0.0
M02010,MEM00475,1,0.0
M02010,MEM00475,1,0.0
M02010,MEM00475,1,0.0
M02010,MEM00475,1,0.0
M02011,MEM00107,1,0.0
M02011,MEM00107,1,0.0
M02011,MEM00107,1,0.0
M02011,MEM00107,1,0.0
M02011,MEM00107,1,0.0
M02011,MEM00107,1,0.0
M02011,MEM00107,1,0.0
M02012,MEM00210,1,4.3
M02012,MEM00210,1,4.19
M02012,MEM00210,1,5.0
M02012,MEM00210,1,3.8
M02012,MEM00210,1,3.79
M02012,MEM00210,1,4.62
M02012,MEM00210,1,3.84
M02012,MEM00013,1,4.03
M02012,MEM00013,1,3.55
M02012,MEM00013,1,4.49
M02012,MEM00013,1,4.5
M02012,MEM00013,1,4.01
M02012,MEM00013,1,4.63
M02012,MEM00013,1,3.09
M02012,MEM00733,1,3.78
M02012,MEM00733,1,4.1
M02012,MEM00733,1,3.5
M02012,MEM00733,1,3.15
M02012,MEM00733,1,4.02
M02012,MEM00733,1,4.62
M02012,MEM00733,1,4.97
M02012,EXT00326,0,3.87
M02012,EXT00326,0,4.64
M02012,EXT00326,0,4.58
M02012,EXT00326,0,4.93
M02012,EXT00326,0,3.99
M02012,EXT00326,0,3.12
M02012,EXT00326,0,4.24
M02013,MEM00800,1,3.59
M02013,MEM00800,1,3.77
M02013,MEM00800,1,4.02
M02013,MEM00800,1,4.0
M02013,MEM00800,1,4.28
M02013,MEM00800,1,4.62
M02013,MEM00800,1,3.98
M02013,MEM00180,1,4.44
M02013,MEM00180,1,4.21
M02013,MEM00180,1,4.76
M02013,MEM00180,1,4.09
M02013,MEM00180,1,4.15
M02013,MEM00180,1,3.98
M02013,MEM00180,1,4.1
M02013,EXT00098,0,3.73
M02013,EXT00098,0,3.67
M02013,EXT00098,0,4.67
M02013,EXT00098,0,3.55
M02013,EXT00098,0,4.01
M02013,EXT00098,0,4.81
M02013,EXT00098,0,3.99
M02013,EXT00268,0,4.7
M02013,EXT00268,0,3.85
M02013,EXT00268,0,3.57
M02013,EXT00268,0,3.24
M02013,EXT00268,0,4.99
M02013,EXT00268,0,3.52
M02013,EXT00268,0,4.65
M02014,MEM00738,1,0.0
M02014,MEM00738,1,0.0
M02014,MEM00738,1,0.0
M02014,MEM00738,1,0.0
M02014,MEM00738,1,0.0
M02014,MEM00738,1,0.0
M02014,MEM00738,1,0.0
M02014,MEM00630,1,0.0
M02014,MEM00630,1,0.0
M02014,MEM00630,1,0.0
M02014,MEM00630,1,0.0
M02014,MEM00630,1,0.0
M02014,MEM00630,1,0.0
M02014,MEM00630,1,0.0
M02014,MEM00394,1,0.0
M02014,MEM00394,1,0.0
M02014,MEM00394,1,0.0
M02014,MEM00394,1,0.0
M02014,MEM00394,1,0.0
M02014,MEM00394,1,0.0
M02014,MEM00394,1,0.0
M02014,MEM00770,1,0.0
M02014,MEM00770,1,0.0
M02014,MEM00770,1,0.0
M02014,MEM00770,1,0.0
M02014,MEM00770,1,0.0
M02014,MEM00770,1,0.0
M02014,MEM00770,1,0.0
M02015,MEM00126,1,0.0
M02015,MEM00126,1,0.0
M02015,MEM00126,1,0.0
M02015,MEM00126,1,0.0
M02015,MEM00126,1,0.0
M02015,MEM00126,1,0.0
M02015,MEM00126,1,0.0
M02016,MEM00768,1,3.6
M02016,MEM00768,1,4.99
M02016,MEM00768,1,5.0
M02016,MEM00768,1,3.19
M02016,MEM00768,1,3.55
M02016,MEM00768,1,4.66
M02016,MEM00768,1,4.51
M02016,MEM00152,1,4.67
M02016,MEM00152,1,3.86
M02016,MEM00152,1,5.0
M02016,MEM00152,1,4.27
M02016,MEM00152,1,3.47
M02016,MEM00152,1,4.05
M02016,MEM00152,1,3.48
M02016,MEM00778,1,5.0
M02016,MEM00778,1,3.8
M02016,MEM00778,1,4.5
M02016,MEM00778,1,3.92
M02016,MEM00778,1,3.83
M02016,MEM00778,1,3.05
M02016,MEM00778,1,4.56
M02016,MEM00230,1,4.98
M02016,MEM00230,1,3.65
M02016,MEM00230,1,3.27
M02016,MEM00230,1,4.68
M02016,MEM00230,1,3.21
M02016,MEM00230,1,4.93
M02016,MEM00230,1,3.66
M02017,MEM00102,1,0.0
M02017,MEM00102,1,0.0
M02017,MEM00102,1,0.0
M02017,MEM00102,1,0.0
M02017,MEM00102,1,0.0
M02017,MEM00102,1,0.0
M02017,MEM00102,1,0.0
M02018,MEM00210,1,0.0
M02018,MEM00210,1,0.0
M02018,MEM00210,1,0.0
M02018,MEM00210,1,0.0
M02018,MEM00210,1,0.0
M02018,MEM00210,1,0.0
M02018,MEM00210,1,0.0
M02018,EXT00325,0,0.0
M02018,EXT00325,0,0.0
M02018,EXT00325,0,0.0
M02018,EXT00325,0,0.0
M02018,EXT00325,0,0.0
M02018,EXT00325,0,0.0
M02018,EXT00325,0,0.0
M02019,MEM00294,1,3.54
M02019,MEM00294,1,4.35
M02019,MEM00294,1,3.58
M02019,MEM00294,1,3.78
M02019,MEM00294,1,4.41
M02019,MEM00294,1,2.74
M02019,MEM00294,1,5.0
M02019,EXT00037,0,4.23
M02019,EXT00037,0,3.42
M02019,EXT00037,0,3.59
M02019,EXT00037,0,4.79
M02019,EXT00037,0,4.56
M02019,EXT00037,0,5.0
M02019,EXT00037,0,3.79
M02020,MEM00783,1,0.0
M02020,MEM00783,1,0.0
M02020,MEM00783,1,0.0
M02020,MEM00783,1,0.0
M02020,MEM00783,1,0.0
M02020,MEM00783,1,0.0
M02020,MEM00783,1,0.0
M02020,MEM00261,1,0.0
M02020,MEM00261,1,0.0
M02020,MEM00261,1,0.0
M02020,MEM00261,1,0.0
M02020,MEM00261,1,0.0
M02020,MEM00261,1,0.0
M02020,MEM00261,1,0.0
M02021,MEM00490,1,0.0
M02021,MEM00490,1,0.0
M02021,MEM00490,1,0.0
M02021,MEM00490,1,0.0
M02021,MEM00490,1,0.0
M02021,MEM00490,1,0.0
M02021,MEM00490,1,0.0
M02022,MEM00155,1,4.38
M02022,MEM00155,1,4.46
M02022,MEM00155,1,4.62
M02022,MEM00155,1,4.88
M02022,MEM00155,1,3.77
M02022,MEM00155,1,4.13
M02022,MEM00155,1,3.83
M02022,MEM00324,1,4.17
M02022,MEM00324,1,4.62
M02022,MEM00324,1,3.21
M02022,MEM00324,1,4.87
M02022,MEM00324,1,3.52
M02022,MEM00324,1,4.02
M02022,MEM00324,1,4.95
M02023,EXT00394,0,0.0
M02023,EXT00394,0,0.0
M02023,EXT00394,0,0.0
M02023,EXT00394,0,0.0
M02023,EXT00394,0,0.0
M02023,EXT00394,0,0.0
M02023,EXT00394,0,0.0
M02024,MEM00653,1,0.0
M02024,MEM00653,1,0.0
M02024,MEM00653,1,0.0
M02024,MEM00653,1,0.0
M02024,MEM00653,1,0.0
M02024,MEM00653,1,0.0
M02024,MEM00653,1,0.0
M02025,MEM00216,1,0.0
M02025,MEM00216,1,0.0
M02025,MEM00216,1,0.0
M02025,MEM00216,1,0.0
M02025,MEM00216,1,0.0
M02025,MEM00216,1,0.0
M02025,MEM00216,1,0.0
M02025,EXT00027,0,0.0
M02025,EXT00027,0,0.0
M02025,EXT00027,0,0.0
M02025,EXT00027,0,0.0
M02025,EXT00027,0,0.0
M02025,EXT00027,0,0.0
M02025,EXT00027,0,0.0
M02026,EXT00023,0,0.0
M02026,EXT00023,0,0.0
M02026,EXT00023,0,0.0
M02026,EXT00023,0,0.0
M02026,EXT00023,0,0.0
M02026,EXT00023,0,0.0
M02026,EXT00023,0,0.0
M02027,MEM00461,1,0.0
M02027,MEM00461,1,0.0
M02027,MEM00461,1,0.0
M02027,MEM00461,1,0.0
M02027,MEM00461,1,0.0
M02027,MEM00461,1,0.0
M02027,MEM00461,1,0.0
M02027,MEM00114,1,0.0
M02027,MEM00114,1,0.0
M02027,MEM00114,1,0.0
M02027,MEM00114,1,0.0
M02027,MEM00114,1,0.0
M02027,MEM00114,1,0.0
M02027,MEM00114,1,0.0
M02029,MEM00754,1,4.4
M02029,MEM00754,1,4.4
M02029,MEM00754,1,3.49
M02029,MEM00754,1,3.57
M02029,MEM00754,1,4.76
M02029,MEM00754,1,3.85
M02029,MEM00754,1,3.9
M02029,EXT00201,0,4.78
M02029,EXT00201,0,3.57
M02029,EXT00201,0,4.36
M02029,EXT00201,0,4.23
M02029,EXT00201,0,4.2
M02029,EXT00201,0,3.89
M02029,EXT00201,0,3.85
M02030,MEM00353,1,0.0
M02030,MEM00353,1,0.0
M02030,MEM00353,1,0.0
M02030,MEM00353,1,0.0
M02030,MEM00353,1,0.0
M02030,MEM00353,1,0.0
M02030,MEM00353,1,0.0
M02030,MEM00670,1,0.0
M02030,MEM00670,1,0.0
M02030,MEM00670,1,0.0
M02030,MEM00670,1,0.0
M02030,MEM00670,1,0.0
M02030,MEM00670,1,0.0
M02030,MEM00670,1,0.0
M02030,EXT00286,0,0.0
M02030,EXT00286,0,0.0
M02030,EXT00286,0,0.0
M02030,EXT00286,0,0.0
M02030,EXT00286,0,0.0
M02030,EXT00286,0,0.0
M02030,EXT00286,0,0.0
M02031,MEM00586,1,0.0
M02031,MEM00586,1,0.0
M02031,MEM00586,1,0.0
M02031,MEM00586,1,0.0
M02031,MEM00586,1,0.0
M02031,MEM00586,1,0.0
M02031,MEM00586,1,0.0
M02032,MEM00160,1,0.0
M02032,MEM00160,1,0.0
M02032,MEM00160,1,0.0
M02032,MEM00160,1,0.0
M02032,MEM00160,1,0.0
M02032,MEM00160,1,0.0
M02032,MEM00160,1,0.0
M02033,MEM00282,1,3.55
M02033,MEM00282,1,4.49
M02033,MEM00282,1,3.8
M02033,MEM00282,1,4.78
M02033,MEM00282,1,4.07
M02033,MEM00282,1,3.56
M02033,MEM00282,1,4.06
M02033,MEM00495,1,3.95
M02033,MEM00495,1,4.81
M02033,MEM00495,1,3.98
M02033,MEM00495,1,4.03
M02033,MEM00495,1,5.0
M02033,MEM00495,1,4.5
M02033,MEM00495,1,5.0
M02034,MEM00072,1,0.0
M02034,MEM00072,1,0.0
M02034,MEM00072,1,0.0
M02034,MEM00072,1,0.0
M02034,MEM00072,1,0.0
M02034,MEM00072,1,0.0
M02034,MEM00072,1,0.0
M02035,MEM00282,1,4.96
M02035,MEM00282,1,3.67
M02035,MEM00282,1,4.79
M02035,MEM00282,1,5.0
M02035,MEM00282,1,5.0
M02035,MEM00282,1,4.79
M02035,MEM00282,1,4.78
M02035,MEM00421,1,4.02
M02035,MEM00421,1,3.7
M02035,MEM00421,1,3.99
M02035,MEM00421,1,3.2
M02035,MEM00421,1,5.0
M02035,MEM00421,1,4.03
M02035,MEM00421,1,4.97
M02035,MEM00796,1,3.46
M02035,MEM00796,1,4.85
M02035,MEM00796,1,3.9
M02035,MEM00796,1,3.43
M02035,MEM00796,1,5.0
M02035,MEM00796,1,4.86
M02035,MEM00796,1,4.33
M02035,EXT00193,0,4.22
M02035,EXT00193,0,4.46
M02035,EXT00193,0,4.32
M02035,EXT00193,0,3.72
M02035,EXT00193,0,3.95
M02035,EXT00193,0,5.0
M02035,EXT00193,0,5.0
M02036,MEM00651,1,0.0
M02036,MEM00651,1,0.0
M02036,MEM00651,1,0.0
M02036,MEM00651,1,0.0
M02036,MEM00651,1,0.0
M02036,MEM00651,1,0.0
M02036,MEM00651,1,0.0
M02038,EXT00168,0,0.0
M02038,EXT00168,0,0.0
M02038,EXT00168,0,0.0
M02038,EXT00168,0,0.0
M02038,EXT00168,0,0.0
M02038,EXT00168,0,0.0
M02038,EXT00168,0,0.0
M02038,EXT00319,0,0.0
M02038,EXT00319,0,0.0
M02038,EXT00319,0,0.0
M02038,EXT00319,0,0.0
M02038,EXT00319,0,0.0
M02038,EXT00319,0,0.0
M02038,EXT00319,0,0.0
M02039,MEM00474,1,0.0
M02039,MEM00474,1,0.0
M02039,MEM00474,1,0.0
M02039,MEM00474,1,0.0
M02039,MEM00474,1,0.0
M02039,MEM00474,1,0.0
M02039,MEM00474,1,0.0
M02040,MEM00320,1,5.0
M02040,MEM00320,1,4.49
M02040,MEM00320,1,4.0
M02040,MEM00320,1,3.72
M02040,MEM00320,1,3.76
M02040,MEM00320,1,3.87
M02040,MEM00320,1,5.0
M02040,MEM00708,1,5.0
M02040,MEM00708,1,4.65
M02040,MEM00708,1,3.62
M02040,MEM00708,1,4.74
M02040,MEM00708,1,4.06
M02040,MEM00708,1,2.91
M02040,MEM00708,1,4.37
M02041,MEM00479,1,3.69
M02041,MEM00479,1,3.72
M02041,MEM00479,1,4.05
M02041,MEM00479,1,3.9
M02041,MEM00479,1,4.18
M02041,MEM00479,1,4.15
M02041,MEM00479,1,3.07
M02041,MEM00490,1,5.0
M02041,MEM00490,1,3.61
M02041,MEM00490,1,3.63
M02041,MEM00490,1,4.0
M02041,MEM00490,1,4.13
M02041,MEM00490,1,5.0
M02041,MEM00490,1,4.36
M02043,MEM00324,1,4.54
M02043,MEM00324,1,4.36
M02043,MEM00324,1,4.34
M02043,MEM00324,1,4.39
M02043,MEM00324,1,3.04
M02043,MEM00324,1,4.05
M02043,MEM00324,1,4.9
M02043,MEM00133,1,5.0
M02043,MEM00133,1,3.48
M02043,MEM00133,1,4.45
M02043,MEM00133,1,3.86
M02043,MEM00133,1,5.0
M02043,MEM00133,1,3.39
M02043,MEM00133,1,4.57
M02043,MEM00013,1,3.36
M02043,MEM00013,1,4.01
M02043,MEM00013,1,4.18
M02043,MEM00013,1,4.84
M02043,MEM00013,1,3.55
M02043,MEM00013,1,4.6
M02043,MEM00013,1,4.21
M02043,MEM00092,1,4.36
M02043,MEM00092,1,4.77
M02043,MEM00092,1,3.43
M02043,MEM00092,1,4.69
M02043,MEM00092,1,3.86
M02043,MEM00092,1,4.86
M02043,MEM00092,1,4.4
M02044,MEM00180,1,4.07
M02044,MEM00180,1,3.85
M02044,MEM00180,1,4.69
M02044,MEM00180,1,4.96
M02044,MEM00180,1,3.88
M02044,MEM00180,1,3.52
M02044,MEM00180,1,4.62
M02044,MEM00591,1,3.33
M02044,MEM00591,1,3.42
M02044,MEM00591,1,3.56
M02044,MEM00591,1,3.95
M02044,MEM00591,1,3.4
M02044,MEM00591,1,3.04
M02044,MEM00591,1,3.52
M02044,MEM00208,1,4.59
M02044,MEM00208,1,3.44
M02044,MEM00208,1,4.0
M02044,MEM00208,1,5.0
M02044,MEM00208,1,4.17
M02044,MEM00208,1,4.41
M02044,MEM00208,1,3.63
M02044,MEM00696,1,5.0
M02044,MEM00696,1,3.88
M02044,MEM00696,1,4.06
M02044,MEM00696,1,4.99
M02044,MEM00696,1,4.09
M02044,MEM00696,1,4.23
M02044,MEM00696,1,4.03
M02045,MEM00249,1,0.0
M02045,MEM00249,1,0.0
M02045,MEM00249,1,0.0
M02045,MEM00249,1,0.0
M02045,MEM00249,1,0.0
M02045,MEM00249,1,0.0
M02045,MEM00249,1,0.0
M02045,EXT00205,0,0.0
M02045,EXT00205,0,0.0
M02045,EXT00205,0,0.0
M02045,EXT00205,0,0.0
M02045,EXT00205,0,0.0
M02045,EXT00205,0,0.0
M02045,EXT00205,0,0.0
M02046,MEM00767,1,4.04
M02046,MEM00767,1,4.42
M02046,MEM00767,1,4.53
M02046,MEM00767,1,3.81
M02046,MEM00767,1,3.74
M02046,MEM00767,1,3.83
M02046,MEM00767,1,3.36
M02046,MEM00151,1,3.25
M02046,MEM00151,1,4.38
M02046,MEM00151,1,4.76
M02046,MEM00151,1,4.72
M02046,MEM00151,1,2.77
M02046,MEM00151,1,4.05
M02046,MEM00151,1,3.54
M02047,MEM00678,1,0.0
M02047,MEM00678,1,0.0
M02047,MEM00678,1,0.0
M02047,MEM00678,1,0.0
M02047,MEM00678,1,0.0
M02047,MEM00678,1,0.0
M02047,MEM00678,1,0.0
M02048,MEM00687,1,4.29
M02048,MEM00687,1,3.95
M02048,MEM00687,1,4.56
M02048,MEM00687,1,4.19
M02048,MEM00687,1,3.06
M02048,MEM00687,1,3.62
M02048,MEM00687,1,4.2
M02048,MEM00316,1,4.25
M02048,MEM00316,1,3.36
M02048,MEM00316,1,3.28
M02048,MEM00316,1,4.23
M02048,MEM00316,1,3.36
M02048,MEM00316,1,3.2
M02048,MEM00316,1,3.93
M02049,MEM00612,1,0.0
M02049,MEM00612,1,0.0
M02049,MEM00612,1,0.0
M02049,MEM00612,1,0.0
M02049,MEM00612,1,0.0
M02049,MEM00612,1,0.0
M02049,MEM00612,1,0.0
M02050,MEM00007,1,3.91
M02050,MEM00007,1,3.67
M02050,MEM00007,1,3.78
M02050,MEM00007,1,4.21
M02050,MEM00007,1,3.77
M02050,MEM00007,1,4.24
M02050,MEM00007,1,3.97
M02050,MEM00132,1,4.3
M02050,MEM00132,1,4.73
M02050,MEM00132,1,4.7
M02050,MEM00132,1,4.97
M02050,MEM00132,1,4.7
M02050,MEM00132,1,4.34
M02050,MEM00132,1,3.94
M02050,EXT00234,0,3.97
M02050,EXT00234,0,3.67
M02050,EXT00234,0,4.2
M02050,EXT00234,0,4.62
M02050,EXT00234,0,3.76
M02050,EXT00234,0,4.18
M02050,EXT00234,0,3.79
M02050,EXT00013,0,4.33
M02050,EXT00013,0,3.87
M02050,EXT00013,0,3.76
M02050,EXT00013,0,3.79
M02050,EXT00013,0,4.5
M02050,EXT00013,0,4.14
M02050,EXT00013,0,3.94
M02052,MEM00363,1,0.0
M02052,MEM00363,1,0.0
M02052,MEM00363,1,0.0
M02052,MEM00363,1,0.0
M02052,MEM00363,1,0.0
M02052,MEM00363,1,0.0
M02052,MEM00363,1,0.0
M02053,MEM00328,1,4.36
M02053,MEM00328,1,3.95
M02053,MEM00328,1,4.88
M02053,MEM00328,1,3.62
M02053,MEM00328,1,4.09
M02053,MEM00328,1,3.36
M02053,MEM00328,1,3.99
M02053,MEM00006,1,3.19
M02053,MEM00006,1,4.65
M02053,MEM00006,1,4.66
M02053,MEM00006,1,4.67
M02053,MEM00006,1,4.22
M02053,MEM00006,1,3.67
M02053,MEM00006,1,3.72
M02053,MEM00409,1,5.0
M02053,MEM00409,1,5.0
M02053,MEM00409,1,4.27
M02053,MEM00409,1,3.89
M02053,MEM00409,1,5.0
M02053,MEM00409,1,3.78
M02053,MEM00409,1,4.34
M02053,EXT00291,0,5.0
M02053,EXT00291,0,3.7
M02053,EXT00291,0,4.7
M02053,EXT00291,0,4.51
M02053,EXT00291,0,4.18
M02053,EXT00291,0,3.6
M02053,EXT00291,0,3.77
M02054,MEM00352,1,0.0
M02054,MEM00352,1,0.0
M02054,MEM00352,1,0.0
M02054,MEM00352,1,0.0
M02054,MEM00352,1,0.0
M02054,MEM00352,1,0.0
M02054,MEM00352,1,0.0
M02055,MEM00204,1,0.0
M02055,MEM00204,1,0.0
M02055,MEM00204,1,0.0
M02055,MEM00204,1,0.0
M02055,MEM00204,1,0.0
M02055,MEM00204,1,0.0
M02055,MEM00204,1,0.0
M02055,MEM00586,1,0.0
M02055,MEM00586,1,0.0
M02055,MEM00586,1,0.0
M02055,MEM00586,1,0.0
M02055,MEM00586,1,0.0
M02055,MEM00586,1,0.0
M02055,MEM00586,1,0.0
M02055,EXT00325,0,0.0
M02055,EXT00325,0,0.0
M02055,EXT00325,0,0.0
M02055,EXT00325,0,0.0
M02055,EXT00325,0,0.0
M02055,EXT00325,0,0.0
M02055,EXT00325,0,0.0
M02056,MEM00180,1,4.37
M02056,MEM00180,1,3.35
M02056,MEM00180,1,4.28
M02056,MEM00180,1,4.52
M02056,MEM00180,1,4.79
M02056,MEM00180,1,3.36
M02056,MEM00180,1,4.99
M02056,MEM00467,1,5.0
M02056,MEM00467,1,4.45
M02056,MEM00467,1,3.58
M02056,MEM00467,1,4.0
M02056,MEM00467,1,4.17
M02056,MEM00467,1,4.36
M02056,MEM00467,1,4.21
M02057,MEM00208,1,0.0
M02057,MEM00208,1,0.0
M02057,MEM00208,1,0.0
M02057,MEM00208,1,0.0
M02057,MEM00208,1,0.0
M02057,MEM00208,1,0.0
M02057,MEM00208,1,0.0
M02058,MEM00655,1,0.0
M02058,MEM00655,1,0.0
M02058,MEM00655,1,0.0
M02058,MEM00655,1,0.0
M02058,MEM00655,1,0.0
M02058,MEM00655,1,0.0
M02058,MEM00655,1,0.0
M02058,MEM00489,1,0.0
M02058,MEM00489,1,0.0
M02058,MEM00489,1,0.0
M02058,MEM00489,1,0.0
M02058,MEM00489,1,0.0
M02058,MEM00489,1,0.0
M02058,MEM00489,1,0.0
M02059,MEM00324,1,0.0
M02059,MEM00324,1,0.0
M02059,MEM00324,1,0.0
M02059,MEM00324,1,0.0
M02059,MEM00324,1,0.0
M02059,MEM00324,1,0.0
M02059,MEM00324,1,0.0
M02059,MEM00210,1,0.0
M02059,MEM00210,1,0.0
M02059,MEM00210,1,0.0
M02059,MEM00210,1,0.0
M02059,MEM00210,1,0.0
M02059,MEM00210,1,0.0
M02059,MEM00210,1,0.0
M02060,MEM00690,1,0.0
M02060,MEM00690,1,0.0
M02060,MEM00690,1,0.0
M02060,MEM00690,1,0.0
M02060,MEM00690,1,0.0
M02060,MEM00690,1,0.0
M02060,MEM00690,1,0.0
M02061,MEM00533,1,0.0
M02061,MEM00533,1,0.0
M02061,MEM00533,1,0.0
M02061,MEM00533,1,0.0
M02061,MEM00533,1,0.0
M02061,MEM00533,1,0.0
M02061,MEM00533,1,0.0
M02062,MEM00357,1,0.0
M02062,MEM00357,1,0.0
M02062,MEM00357,1,0.0
M02062,MEM00357,1,0.0
M02062,MEM00357,1,0.0
M02062,MEM00357,1,0.0
M02062,MEM00357,1,0.0
M02062,MEM00386,1,0.0
M02062,MEM00386,1,0.0
M02062,MEM00386,1,0.0
M02062,MEM00386,1,0.0
M02062,MEM00386,1,0.0
M02062,MEM00386,1,0.0
M02062,MEM00386,1,0.0
M02063,MEM00180,1,4.37
M02063,MEM00180,1,4.15
M02063,MEM00180,1,4.36
M02063,MEM00180,1,3.92
M02063,MEM00180,1,4.0
M02063,MEM00180,1,3.85
M02063,MEM00180,1,5.0
M02063,MEM00278,1,5.0
M02063,MEM00278,1,4.53
M02063,MEM00278,1,5.0
M02063,MEM00278,1,4.68
M02063,MEM00278,1,4.31
M02063,MEM00278,1,3.3
M02063,MEM00278,1,4.04
M02063,MEM00489,1,4.0
M02063,MEM00489,1,3.52
M02063,MEM00489,1,3.31
M02063,MEM00489,1,4.5
M02063,MEM00489,1,4.39
M02063,MEM00489,1,3.5
M02063,MEM00489,1,3.75
M02063,EXT00400,0,4.9
M02063,EXT00400,0,3.67
M02063,EXT00400,0,4.3
M02063,EXT00400,0,4.09
M02063,EXT00400,0,4.5
M02063,EXT00400,0,3.69
M02063,EXT00400,0,4.25
M02064,MEM00379,1,0.0
M02064,MEM00379,1,0.0
M02064,MEM00379,1,0.0
M02064,MEM00379,1,0.0
M02064,MEM00379,1,0.0
M02064,MEM00379,1,0.0
M02064,MEM00379,1,0.0
M02064,MEM00381,1,0.0
M02064,MEM00381,1,0.0
M02064,MEM00381,1,0.0
M02064,MEM00381,1,0.0
M02064,MEM00381,1,0.0
M02064,MEM00381,1,0.0
M02064,MEM00381,1,0.0
M02065,MEM00440,1,0.0
M02065,MEM00440,1,0.0
M02065,MEM00440,1,0.0
M02065,MEM00440,1,0.0
M02065,MEM00440,1,0.0
M02065,MEM00440,1,0.0
M02065,MEM00440,1,0.0
M02066,MEM00739,1,0.0
M02066,MEM00739,1,0.0
M02066,MEM00739,1,0.0
M02066,MEM00739,1,0.0
M02066,MEM00739,1,0.0
M02066,MEM00739,1,0.0
M02066,MEM00739,1,0.0
M02067,MEM00361,1,0.0
M02067,MEM00361,1,0.0
M02067,MEM00361,1,0.0
M02067,MEM00361,1,0.0
M02067,MEM00361,1,0.0
M02067,MEM00361,1,0.0
M02067,MEM00361,1,0.0
M02067,MEM00635,1,0.0
M02067,MEM00635,1,0.0
M02067,MEM00635,1,0.0
M02067,MEM00635,1,0.0
M02067,MEM00635,1,0.0
M02067,MEM00635,1,0.0
M02067,MEM00635,1,0.0
M02068,MEM00580,1,0.0
M02068,MEM00580,1,0.0
M02068,MEM00580,1,0.0
M02068,MEM00580,1,0.0
M02068,MEM00580,1,0.0
M02068,MEM00580,1,0.0
M02068,MEM00580,1,0.0
M02068,EXT00234,0,0.0
M02068,EXT00234,0,0.0
M02068,EXT00234,0,0.0
M02068,EXT00234,0,0.0
M02068,EXT00234,0,0.0
M02068,EXT00234,0,0.0
M02068,EXT00234,0,0.0
M02069,MEM00210,1,4.3
M02069,MEM00210,1,4.34
M02069,MEM00210,1,4.25
M02069,MEM00210,1,4.41
M02069,MEM00210,1,5.0
M02069,MEM00210,1,5.0
M02069,MEM00210,1,3.82
M02069,MEM00174,1,2.81
M02069,MEM00174,1,4.56
M02069,MEM00174,1,4.31
M02069,MEM00174,1,4.84
M02069,MEM00174,1,4.37
M02069,MEM00174,1,4.24
M02069,MEM00174,1,4.88
M02069,MEM00388,1,4.96
M02069,MEM00388,1,3.37
M02069,MEM00388,1,3.71
M02069,MEM00388,1,4.14
M02069,MEM00388,1,4.26
M02069,MEM00388,1,4.06
M02069,MEM00388,1,4.46
M02069,MEM00373,1,4.8
M02069,MEM00373,1,5.0
M02069,MEM00373,1,4.55
M02069,MEM00373,1,3.69
M02069,MEM00373,1,4.11
M02069,MEM00373,1,4.15
M02069,MEM00373,1,4.51
M02070,MEM00254,1,4.43
M02070,MEM00254,1,5.0
M02070,MEM00254,1,3.92
M02070,MEM00254,1,4.43
M02070,MEM00254,1,5.0
M02070,MEM00254,1,3.85
M02070,MEM00254,1,4.29
M02070,MEM00763,1,3.63
M02070,MEM00763,1,4.25
M02070,MEM00763,1,3.73
M02070,MEM00763,1,4.83
M02070,MEM00763,1,4.29
M02070,MEM00763,1,3.64
M02070,MEM00763,1,4.7
M02070,MEM00738,1,4.31
M02070,MEM00738,1,4.77
M02070,MEM00738,1,3.51
M02070,MEM00738,1,4.42
M02070,MEM00738,1,4.66
M02070,MEM00738,1,3.95
M02070,MEM00738,1,3.44
M02070,EXT00213,0,4.18
M02070,EXT00213,0,4.94
M02070,EXT00213,0,4.88
M02070,EXT00213,0,3.94
M02070,EXT00213,0,3.43
M02070,EXT00213,0,3.94
M02070,EXT00213,0,3.92
M02071,EXT00250,0,0.0
M02071,EXT00250,0,0.0
M02071,EXT00250,0,0.0
M02071,EXT00250,0,0.0
M02071,EXT00250,0,0.0
M02071,EXT00250,0,0.0
M02071,EXT00250,0,0.0
M02072,MEM00422,1,4.47
M02072,MEM00422,1,4.14
M02072,MEM00422,1,3.75
M02072,MEM00422,1,4.86
M02072,MEM00422,1,4.28
M02072,MEM00422,1,4.46
M02072,MEM00422,1,3.17
M02072,MEM00121,1,2.75
M02072,MEM00121,1,3.34
M02072,MEM00121,1,3.91
M02072,MEM00121,1,4.55
M02072,MEM00121,1,2.79
M02072,MEM00121,1,5.0
M02072,MEM00121,1,4.3
M02073,MEM00289,1,5.0
M02073,MEM00289,1,3.67
M02073,MEM00289,1,4.5
M02073,MEM00289,1,4.25
M02073,MEM00289,1,4.69
M02073,MEM00289,1,4.06
M02073,MEM00289,1,4.48
M02073,MEM00099,1,4.86
M02073,MEM00099,1,3.81
M02073,MEM00099,1,4.35
M02073,MEM00099,1,3.07
M02073,MEM00099,1,4.62
M02073,MEM00099,1,5.0
M02073,MEM00099,1,3.45
M02074,MEM00484,1,4.15
M02074,MEM00484,1,4.73
M02074,MEM00484,1,4.22
M02074,MEM00484,1,4.3
M02074,MEM00484,1,3.97
M02074,MEM00484,1,3.94
M02074,MEM00484,1,4.15
M02074,EXT00177,0,4.23
M02074,EXT00177,0,3.49
M02074,EXT00177,0,4.16
M02074,EXT00177,0,5.0
M02074,EXT00177,0,3.95
M02074,EXT00177,0,3.46
M02074,EXT00177,0,4.11
M02075,MEM00620,1,0.0
M02075,MEM00620,1,0.0
M02075,MEM00620,1,0.0
M02075,MEM00620,1,0.0
M02075,MEM00620,1,0.0
M02075,MEM00620,1,0.0
M02075,MEM00620,1,0.0
M02076,MEM00192,1,0.0
M02076,MEM00192,1,0.0
M02076,MEM00192,1,0.0
M02076,MEM00192,1,0.0
M02076,MEM00192,1,0.0
M02076,MEM00192,1,0.0
M02076,MEM00192,1,0.0
M02077,MEM00153,1,0.0
M02077,MEM00153,1,0.0
M02077,MEM00153,1,0.0
M02077,MEM00153,1,0.0
M02077,MEM00153,1,0.0
M02077,MEM00153,1,0.0
M02077,MEM00153,1,0.0
M02079,MEM00749,1,0.0
M02079,MEM00749,1,0.0
M02079,MEM00749,1,0.0
M02079,MEM00749,1,0.0
M02079,MEM00749,1,0.0
M02079,MEM00749,1,0.0
M02079,MEM00749,1,0.0
M02079,MEM00315,1,0.0
M02079,MEM00315,1,0.0
M02079,MEM00315,1,0.0
M02079,MEM00315,1,0.0
M02079,MEM00315,1,0.0
M02079,MEM00315,1,0.0
M02079,MEM00315,1,0.0
M02080,MEM00083,1,3.77
M02080,MEM00083,1,3.4
M02080,MEM00083,1,4.28
M02080,MEM00083,1,3.77
M02080,MEM00083,1,3.83
M02080,MEM00083,1,4.29
M02080,MEM00083,1,3.28
M02080,MEM00324,1,3.16
M02080,MEM00324,1,4.6
M02080,MEM00324,1,3.04
M02080,MEM00324,1,3.61
M02080,MEM00324,1,3.12
M02080,MEM00324,1,3.91
M02080,MEM00324,1,4.46
M02080,MEM00572,1,4.27
M02080,MEM00572,1,5.0
M02080,MEM00572,1,4.85
M02080,MEM00572,1,3.64
M02080,MEM00572,1,3.48
M02080,MEM00572,1,5.0
M02080,MEM00572,1,4.84
M02080,MEM00409,1,4.55
M02080,MEM00409,1,4.24
M02080,MEM00409,1,4.36
M02080,MEM00409,1,3.31
M02080,MEM00409,1,4.29
M02080,MEM00409,1,4.24
M02080,MEM00409,1,3.66
M02081,EXT00394,0,0.0
M02081,EXT00394,0,0.0
M02081,EXT00394,0,0.0
M02081,EXT00394,0,0.0
M02081,EXT00394,0,0.0
M02081,EXT00394,0,0.0
M02081,EXT00394,0,0.0
M02082,MEM00221,1,3.88
M02082,MEM00221,1,5.0
M02082,MEM00221,1,4.12
M02082,MEM00221,1,5.0
M02082,MEM00221,1,3.16
M02082,MEM00221,1,3.89
M02082,MEM00221,1,3.27
M02082,MEM00529,1,3.47
M02082,MEM00529,1,3.7
M02082,MEM00529,1,4.39
M02082,MEM00529,1,4.36
M02082,MEM00529,1,3.79
M02082,MEM00529,1,2.86
M02082,MEM00529,1,5.0
M02083,MEM00464,1,4.03
M02083,MEM00464,1,3.53
M02083,MEM00464,1,4.36
M02083,MEM00464,1,4.32
M02083,MEM00464,1,4.01
M02083,MEM00464,1,4.29
M02083,MEM00464,1,3.51
M02083,MEM00109,1,4.66
M02083,MEM00109,1,3.6
M02083,MEM00109,1,3.84
M02083,MEM00109,1,4.59
M02083,MEM00109,1,4.92
M02083,MEM00109,1,5.0
M02083,MEM00109,1,4.83
M02084,MEM00770,1,0.0
M02084,MEM00770,1,0.0
M02084,MEM00770,1,0.0
M02084,MEM00770,1,0.0
M02084,MEM00770,1,0.0
M02084,MEM00770,1,0.0
M02084,MEM00770,1,0.0
M02086,MEM00160,1,4.01
M02086,MEM00160,1,3.28
M02086,MEM00160,1,5.0
M02086,MEM00160,1,5.0
M02086,MEM00160,1,3.8
M02086,MEM00160,1,4.75
M02086,MEM00160,1,4.0
M02086,MEM00502,1,5.0
M02086,MEM00502,1,3.89
M02086,MEM00502,1,5.0
M02086,MEM00502,1,4.67
M02086,MEM00502,1,5.0
M02086,MEM00502,1,3.92
M02086,MEM00502,1,4.44
M02086,EXT00291,0,3.62
M02086,EXT00291,0,4.71
M02086,EXT00291,0,4.74
M02086,EXT00291,0,5.0
M02086,EXT00291,0,4.49
M02086,EXT00291,0,4.63
M02086,EXT00291,0,3.92
M02086,EXT00092,0,4.52
M02086,EXT00092,0,3.97
M02086,EXT00092,0,4.27
M02086,EXT00092,0,4.3
M02086,EXT00092,0,3.99
M02086,EXT00092,0,4.24
M02086,EXT00092,0,3.97
M02087,MEM00619,1,3.97
M02087,MEM00619,1,4.85
M02087,MEM00619,1,4.31
M02087,MEM00619,1,4.41
M02087,MEM00619,1,3.33
M02087,MEM00619,1,4.45
M02087,MEM00619,1,4.52
M02087,MEM00539,1,3.96
M02087,MEM00539,1,5.0
M02087,MEM00539,1,2.83
M02087,MEM00539,1,4.67
M02087,MEM00539,1,4.63
M02087,MEM00539,1,4.52
M02087,MEM00539,1,4.31
M02088,MEM00253,1,0.0
M02088,MEM00253,1,0.0
M02088,MEM00253,1,0.0
M02088,MEM00253,1,0.0
M02088,MEM00253,1,0.0
M02088,MEM00253,1,0.0
M02088,MEM00253,1,0.0
M02088,MEM00712,1,0.0
M02088,MEM00712,1,0.0
M02088,MEM00712,1,0.0
M02088,MEM00712,1,0.0
M02088,MEM00712,1,0.0
M02088,MEM00712,1,0.0
M02088,MEM00712,1,0.0
M02088,MEM00479,1,0.0
M02088,MEM00479,1,0.0
M02088,MEM00479,1,0.0
M02088,MEM00479,1,0.0
M02088,MEM00479,1,0.0
M02088,MEM00479,1,0.0
M02088,MEM00479,1,0.0
M02088,MEM00076,1,0.0
M02088,MEM00076,1,0.0
M02088,MEM00076,1,0.0
M02088,MEM00076,1,0.0
M02088,MEM00076,1,0.0
M02088,MEM00076,1,0.0
M02088,MEM00076,1,0.0
M02089,MEM00210,1,0.0
M02089,MEM00210,1,0.0
M02089,MEM00210,1,0.0
M02089,MEM00210,1,0.0
M02089,MEM00210,1,0.0
M02089,MEM00210,1,0.0
M02089,MEM00210,1,0.0
M02090,MEM00787,1,4.53
M02090,MEM00787,1,4.72
M02090,MEM00787,1,3.76
M02090,MEM00787,1,4.38
M02090,MEM00787,1,4.09
M02090,MEM00787,1,3.54
M02090,MEM00787,1,4.63
M02090,MEM00304,1,3.86
M02090,MEM00304,1,3.3
M02090,MEM00304,1,3.88
M02090,MEM00304,1,3.72
M02090,MEM00304,1,4.82
M02090,MEM00304,1,4.29
M02090,MEM00304,1,5.0
M02090,EXT00279,0,3.8
M02090,EXT00279,0,4.72
M02090,EXT00279,0,5.0
M02090,EXT00279,0,4.41
M02090,EXT00279,0,4.72
M02090,EXT00279,0,4.62
M02090,EXT00279,0,3.35
M02090,EXT00299,0,4.55
M02090,EXT00299,0,4.38
M02090,EXT00299,0,4.04
M02090,EXT00299,0,3.67
M02090,EXT00299,0,4.62
M02090,EXT00299,0,3.62
M02090,EXT00299,0,5.0
M02091,MEM00210,1,4.27
M02091,MEM00210,1,3.47
M02091,MEM00210,1,3.89
M02091,MEM00210,1,4.03
M02091,MEM00210,1,5.0
M02091,MEM00210,1,3.67
M02091,MEM00210,1,4.13
M02091,MEM00181,1,3.88
M02091,MEM00181,1,4.5
M02091,MEM00181,1,3.89
M02091,MEM00181,1,3.52
M02091,MEM00181,1,4.08
M02091,MEM00181,1,4.02
M02091,MEM00181,1,3.84
M02091,EXT00161,0,3.88
M02091,EXT00161,0,4.91
M02091,EXT00161,0,4.01
M02091,EXT00161,0,3.52
M02091,EXT00161,0,3.92
M02091,EXT00161,0,4.23
M02091,EXT00161,0,3.4
M02091,EXT00105,0,5.0
M02091,EXT00105,0,4.72
M02091,EXT00105,0,5.0
M02091,EXT00105,0,4.44
M02091,EXT00105,0,2.94
M02091,EXT00105,0,5.0
M02091,EXT00105,0,3.68
M02092,MEM00207,1,0.0
M02092,MEM00207,1,0.0
M02092,MEM00207,1,0.0
M02092,MEM00207,1,0.0
M02092,MEM00207,1,0.0
M02092,MEM00207,1,0.0
M02092,MEM00207,1,0.0
M02093,MEM00021,1,3.73
M02093,MEM00021,1,4.29
M02093,MEM00021,1,5.0
M02093,MEM00021,1,4.83
M02093,MEM00021,1,4.74
M02093,MEM00021,1,4.01
M02093,MEM00021,1,4.0
M02093,MEM00260,1,4.41
M02093,MEM00260,1,4.12
M02093,MEM00260,1,4.73
M02093,MEM00260,1,4.7
M02093,MEM00260,1,4.55
M02093,MEM00260,1,2.68
M02093,MEM00260,1,4.28
M02093,MEM00702,1,4.13
M02093,MEM00702,1,4.3
M02093,MEM00702,1,3.75
M02093,MEM00702,1,3.41
M02093,MEM00702,1,4.48
M02093,MEM00702,1,3.99
M02093,MEM00702,1,4.54
M02093,MEM00770,1,3.8
M02093,MEM00770,1,5.0
M02093,MEM00770,1,4.8
M02093,MEM00770,1,4.38
M02093,MEM00770,1,4.07
M02093,MEM00770,1,4.71
M02093,MEM00770,1,4.44
M02094,MEM00257,1,4.34
M02094,MEM00257,1,4.83
M02094,MEM00257,1,5.0
M02094,MEM00257,1,3.45
M02094,MEM00257,1,3.57
M02094,MEM00257,1,3.73
M02094,MEM00257,1,3.3
M02094,MEM00005,1,4.16
M02094,MEM00005,1,4.56
M02094,MEM00005,1,4.19
M02094,MEM00005,1,3.88
M02094,MEM00005,1,4.88
M02094,MEM00005,1,4.28
M02094,MEM00005,1,4.41
M02095,MEM00655,1,0.0
M02095,MEM00655,1,0.0
M02095,MEM00655,1,0.0
M02095,MEM00655,1,0.0
M02095,MEM00655,1,0.0
M02095,MEM00655,1,0.0
M02095,MEM00655,1,0.0
M02095,MEM00544,1,0.0
M02095,MEM00544,1,0.0
M02095,MEM00544,1,0.0
M02095,MEM00544,1,0.0
M02095,MEM00544,1,0.0
M02095,MEM00544,1,0.0
M02095,MEM00544,1,0.0
M02096,MEM00625,1,4.89
M02096,MEM00625,1,4.13
M02096,MEM00625,1,5.0
M02096,MEM00625,1,3.93
M02096,MEM00625,1,5.0
M02096,MEM00625,1,3.62
M02096,MEM00625,1,4.51
M02096,MEM00136,1,3.81
M02096,MEM00136,1,4.87
M02096,MEM00136,1,3.91
M02096,MEM00136,1,4.37
M02096,MEM00136,1,3.81
M02096,MEM00136,1,4.76
M02096,MEM00136,1,3.81
M02096,MEM00147,1,5.0
M02096,MEM00147,1,3.6
M02096,MEM00147,1,3.39
M02096,MEM00147,1,4.77
M02096,MEM00147,1,3.85
M02096,MEM00147,1,4.2
M02096,MEM00147,1,4.01
M02096,MEM00479,1,3.41
M02096,MEM00479,1,4.15
M02096,MEM00479,1,4.96
M02096,MEM00479,1,4.8
M02096,MEM00479,1,4.34
M02096,MEM00479,1,4.87
M02096,MEM00479,1,3.56
M02097,MEM00048,1,0.0
M02097,MEM00048,1,0.0
M02097,MEM00048,1,0.0
M02097,MEM00048,1,0.0
M02097,MEM00048,1,0.0
M02097,MEM00048,1,0.0
M02097,MEM00048,1,0.0
M02097,MEM00484,1,0.0
M02097,MEM00484,1,0.0
M02097,MEM00484,1,0.0
M02097,MEM00484,1,0.0
M02097,MEM00484,1,0.0
M02097,MEM00484,1,0.0
M02097,MEM00484,1,0.0
M02097,EXT00114,0,0.0
M02097,EXT00114,0,0.0
M02097,EXT00114,0,0.0
M02097,EXT00114,0,0.0
M02097,EXT00114,0,0.0
M02097,EXT00114,0,0.0
M02097,EXT00114,0,0.0
M02098,MEM00285,1,4.0
M02098,MEM00285,1,4.44
M02098,MEM00285,1,4.12
M02098,MEM00285,1,4.05
M02098,MEM00285,1,3.48
M02098,MEM00285,1,2.95
M02098,MEM00285,1,4.69
M02098,MEM00615,1,4.35
M02098,MEM00615,1,4.74
M02098,MEM00615,1,3.94
M02098,MEM00615,1,3.77
M02098,MEM00615,1,4.2
M02098,MEM00615,1,4.71
M02098,MEM00615,1,4.06
M02100,MEM00648,1,4.68
M02100,MEM00648,1,3.6
M02100,MEM00648,1,4.1
M02100,MEM00648,1,4.16
M02100,MEM00648,1,4.94
M02100,MEM00648,1,4.32
M02100,MEM00648,1,5.0
M02100,MEM00313,1,3.39
M02100,MEM00313,1,4.28
M02100,MEM00313,1,4.31
M02100,MEM00313,1,4.57
M02100,MEM00313,1,3.71
M02100,MEM00313,1,5.0
M02100,MEM00313,1,4.21
M02100,MEM00763,1,3.55
M02100,MEM00763,1,4.19
M02100,MEM00763,1,4.01
M02100,MEM00763,1,5.0
M02100,MEM00763,1,4.83
M02100,MEM00763,1,4.23
M02100,MEM00763,1,4.13
M02100,EXT00159,0,4.77
M02100,EXT00159,0,4.8
M02100,EXT00159,0,2.45
M02100,EXT00159,0,4.59
M02100,EXT00159,0,4.22
M02100,EXT00159,0,3.41
M02100,EXT00159,0,4.73
M02101,MEM00379,1,5.0
M02101,MEM00379,1,4.53
M02101,MEM00379,1,4.86
M02101,MEM00379,1,5.0
M02101,MEM00379,1,3.7
M02101,MEM00379,1,3.09
M02101,MEM00379,1,4.59
M02101,MEM00615,1,4.05
M02101,MEM00615,1,3.38
M02101,MEM00615,1,4.15
M02101,MEM00615,1,4.64
M02101,MEM00615,1,4.11
M02101,MEM00615,1,3.73
M02101,MEM00615,1,4.07
M02102,MEM00717,1,0.0
M02102,MEM00717,1,0.0
M02102,MEM00717,1,0.0
M02102,MEM00717,1,0.0
M02102,MEM00717,1,0.0
M02102,MEM00717,1,0.0
M02102,MEM00717,1,0.0
M02103,EXT00362,0,0.0
M02103,EXT00362,0,0.0
M02103,EXT00362,0,0.0
M02103,EXT00362,0,0.0
M02103,EXT00362,0,0.0
M02103,EXT00362,0,0.0
M02103,EXT00362,0,0.0
M02104,MEM00087,1,0.0
M02104,MEM00087,1,0.0
M02104,MEM00087,1,0.0
M02104,MEM00087,1,0.0
M02104,MEM00087,1,0.0
M02104,MEM00087,1,0.0
M02104,MEM00087,1,0.0
M02104,MEM00756,1,0.0
M02104,MEM00756,1,0.0
M02104,MEM00756,1,0.0
M02104,MEM00756,1,0.0
M02104,MEM00756,1,0.0
M02104,MEM00756,1,0.0
M02104,MEM00756,1,0.0
M02104,MEM00655,1,0.0
M02104,MEM00655,1,0.0
M02104,MEM00655,1,0.0
M02104,MEM00655,1,0.0
M02104,MEM00655,1,0.0
M02104,MEM00655,1,0.0
M02104,MEM00655,1,0.0
M02105,MEM00625,1,0.0
M02105,MEM00625,1,0.0
M02105,MEM00625,1,0.0
M02105,MEM00625,1,0.0
M02105,MEM00625,1,0.0
M02105,MEM00625,1,0.0
M02105,MEM00625,1,0.0
M02107,MEM00180,1,0.0
M02107,MEM00180,1,0.0
M02107,MEM00180,1,0.0
M02107,MEM00180,1,0.0
M02107,MEM00180,1,0.0
M02107,MEM00180,1,0.0
M02107,MEM00180,1,0.0
M02107,MEM00678,1,0.0
M02107,MEM00678,1,0.0
M02107,MEM00678,1,0.0
M02107,MEM00678,1,0.0
M02107,MEM00678,1,0.0
M02107,MEM00678,1,0.0
M02107,MEM00678,1,0.0
M02107,MEM00642,1,0.0
M02107,MEM00642,1,0.0
M02107,MEM00642,1,0.0
M02107,MEM00642,1,0.0
M02107,MEM00642,1,0.0
M02107,MEM00642,1,0.0
M02107,MEM00642,1,0.0
M02108,MEM00221,1,4.19
M02108,MEM00221,1,3.04
M02108,MEM00221,1,4.11
M02108,MEM00221,1,3.39
M02108,MEM00221,1,4.6
M02108,MEM00221,1,3.26
M02108,MEM00221,1,4.81
M02108,MEM00763,1,3.95
M02108,MEM00763,1,3.87
M02108,MEM00763,1,4.38
M02108,MEM00763,1,3.68
M02108,MEM00763,1,4.37
M02108,MEM00763,1,3.76
M02108,MEM00763,1,3.87
M02108,MEM00055,1,4.44
M02108,MEM00055,1,3.52
M02108,MEM00055,1,3.44
M02108,MEM00055,1,4.35
M02108,MEM00055,1,4.18
M02108,MEM00055,1,4.3
M02108,MEM00055,1,4.4
M02108,EXT00063,0,4.23
M02108,EXT00063,0,4.56
M02108,EXT00063,0,4.26
M02108,EXT00063,0,3.0
M02108,EXT00063,0,3.15
M02108,EXT00063,0,5.0
M02108,EXT00063,0,4.2
M02109,MEM00502,1,4.77
M02109,MEM00502,1,3.99
M02109,MEM00502,1,4.17
M02109,MEM00502,1,3.93
M02109,MEM00502,1,5.0
M02109,MEM00502,1,4.35
M02109,MEM00502,1,3.88
M02109,MEM00454,1,3.21
M02109,MEM00454,1,5.0
M02109,MEM00454,1,4.1
M02109,MEM00454,1,4.65
M02109,MEM00454,1,4.71
M02109,MEM00454,1,3.92
M02109,MEM00454,1,4.6
M02109,MEM00013,1,3.84
M02109,MEM00013,1,3.61
M02109,MEM00013,1,4.9
M02109,MEM00013,1,4.11
M02109,MEM00013,1,4.51
M02109,MEM00013,1,4.45
M02109,MEM00013,1,4.58
M02109,MEM00421,1,3.27
M02109,MEM00421,1,3.85
M02109,MEM00421,1,4.01
M02109,MEM00421,1,3.7
M02109,MEM00421,1,4.46
M02109,MEM00421,1,4.91
M02109,MEM00421,1,5.0
M02111,MEM00768,1,0.0
M02111,MEM00768,1,0.0
M02111,MEM00768,1,0.0
M02111,MEM00768,1,0.0
M02111,MEM00768,1,0.0
M02111,MEM00768,1,0.0
M02111,MEM00768,1,0.0
M02111,MEM00048,1,0.0
M02111,MEM00048,1,0.0
M02111,MEM00048,1,0.0
M02111,MEM00048,1,0.0
M02111,MEM00048,1,0.0
M02111,MEM00048,1,0.0
M02111,MEM00048,1,0.0
M02112,MEM00130,1,4.0
M02112,MEM00130,1,4.38
M02112,MEM00130,1,4.47
M02112,MEM00130,1,4.57
M02112,MEM00130,1,3.67
M02112,MEM00130,1,5.0
M02112,MEM00130,1,4.76
M02112,EXT00009,0,4.77
M02112,EXT00009,0,4.92
M02112,EXT00009,0,4.52
M02112,EXT00009,0,3.58
M02112,EXT00009,0,4.12
M02112,EXT00009,0,3.21
M02112,EXT00009,0,4.45
M02112,EXT00366,0,4.1
M02112,EXT00366,0,4.18
M02112,EXT00366,0,4.92
M02112,EXT00366,0,3.93
M02112,EXT00366,0,4.05
M02112,EXT00366,0,4.21
M02112,EXT00366,0,3.1
M02112,EXT00225,0,4.04
M02112,EXT00225,0,2.71
M02112,EXT00225,0,3.85
M02112,EXT00225,0,4.71
M02112,EXT00225,0,4.47
M02112,EXT00225,0,3.84
M02112,EXT00225,0,4.22
M02113,MEM00529,1,0.0
M02113,MEM00529,1,0.0
M02113,MEM00529,1,0.0
M02113,MEM00529,1,0.0
M02113,MEM00529,1,0.0
M02113,MEM00529,1,0.0
M02113,MEM00529,1,0.0
M02115,MEM00655,1,0.0
M02115,MEM00655,1,0.0
M02115,MEM00655,1,0.0
M02115,MEM00655,1,0.0
M02115,MEM00655,1,0.0
M02115,MEM00655,1,0.0
M02115,MEM00655,1,0.0
M02116,MEM00422,1,3.56
M02116,MEM00422,1,4.2
M02116,MEM00422,1,5.0
M02116,MEM00422,1,5.0
M02116,MEM00422,1,4.23
M02116,MEM00422,1,4.3
M02116,MEM00422,1,3.61
M02116,MEM00008,1,3.72
M02116,MEM00008,1,4.42
M02116,MEM00008,1,3.89
M02116,MEM00008,1,4.74
M02116,MEM00008,1,5.0
M02116,MEM00008,1,4.4
M02116,MEM00008,1,4.26
M02117,EXT00185,0,0.0
M02117,EXT00185,0,0.0
M02117,EXT00185,0,0.0
M02117,EXT00185,0,0.0
M02117,EXT00185,0,0.0
M02117,EXT00185,0,0.0
M02117,EXT00185,0,0.0
M02119,MEM00550,1,3.19
M02119,MEM00550,1,4.65
M02119,MEM00550,1,3.51
M02119,MEM00550,1,3.95
M02119,MEM00550,1,4.78
M02119,MEM00550,1,4.82
M02119,MEM00550,1,3.92
M02119,MEM00072,1,3.95
M02119,MEM00072,1,3.78
M02119,MEM00072,1,3.48
M02119,MEM00072,1,3.82
M02119,MEM00072,1,3.23
M02119,MEM00072,1,4.61
M02119,MEM00072,1,4.44
M02119,MEM00394,1,4.54
M02119,MEM00394,1,3.63
M02119,MEM00394,1,3.48
M02119,MEM00394,1,4.23
M02119,MEM00394,1,4.24
M02119,MEM00394,1,4.11
M02119,MEM00394,1,4.03
M02119,EXT00204,0,5.0
M02119,EXT00204,0,4.46
M02119,EXT00204,0,5.0
M02119,EXT00204,0,4.96
M02119,EXT00204,0,5.0
M02119,EXT00204,0,3.56
M02119,EXT00204,0,4.56
M02120,MEM00615,1,0.0
M02120,MEM00615,1,0.0
M02120,MEM00615,1,0.0
M02120,MEM00615,1,0.0
M02120,MEM00615,1,0.0
M02120,MEM00615,1,0.0
M02120,MEM00615,1,0.0
M02121,MEM00379,1,3.94
M02121,MEM00379,1,3.2
M02121,MEM00379,1,5.0
M02121,MEM00379,1,4.02
M02121,MEM00379,1,3.57
M02121,MEM00379,1,3.95
M02121,MEM00379,1,3.72
M02121,MEM00158,1,3.78
M02121,MEM00158,1,4.07
M02121,MEM00158,1,5.0
M02121,MEM00158,1,3.8
M02121,MEM00158,1,5.0
M02121,MEM00158,1,4.71
M02121,MEM00158,1,4.44
M02121,MEM00502,1,4.65
M02121,MEM00502,1,4.21
M02121,MEM00502,1,4.97
M02121,MEM00502,1,4.54
M02121,MEM00502,1,3.2
M02121,MEM00502,1,4.38
M02121,MEM00502,1,4.67
M02121,MEM00136,1,4.03
M02121,MEM00136,1,4.28
M02121,MEM00136,1,3.83
M02121,MEM00136,1,3.37
M02121,MEM00136,1,3.27
M02121,MEM00136,1,3.28
M02121,MEM00136,1,4.6
M02123,EXT00349,0,0.0
M02123,EXT00349,0,0.0
M02123,EXT00349,0,0.0
M02123,EXT00349,0,0.0
M02123,EXT00349,0,0.0
M02123,EXT00349,0,0.0
M02123,EXT00349,0,0.0
M02124,MEM00479,1,0.0
M02124,MEM00479,1,0.0
M02124,MEM00479,1,0.0
M02124,MEM00479,1,0.0
M02124,MEM00479,1,0.0
M02124,MEM00479,1,0.0
M02124,MEM00479,1,0.0
M02125,MEM00768,1,0.0
M02125,MEM00768,1,0.0
M02125,MEM00768,1,0.0
M02125,MEM00768,1,0.0
M02125,MEM00768,1,0.0
M02125,MEM00768,1,0.0
M02125,MEM00768,1,0.0
M02125,MEM00145,1,0.0
M02125,MEM00145,1,0.0
M02125,MEM00145,1,0.0
M02125,MEM00145,1,0.0
M02125,MEM00145,1,0.0
M02125,MEM00145,1,0.0
M02125,MEM00145,1,0.0
M02126,MEM00210,1,2.71
M02126,MEM00210,1,3.8
M02126,MEM00210,1,3.74
M02126,MEM00210,1,4.03
M02126,MEM00210,1,3.09
M02126,MEM00210,1,4.44
M02126,MEM00210,1,3.44
M02126,MEM00489,1,4.88
M02126,MEM00489,1,3.83
M02126,MEM00489,1,4.14
M02126,MEM00489,1,4.2
M02126,MEM00489,1,4.35
M02126,MEM00489,1,4.22
M02126,MEM00489,1,3.94
M02126,MEM00073,1,4.41
M02126,MEM00073,1,4.48
M02126,MEM00073,1,3.74
M02126,MEM00073,1,4.46
M02126,MEM00073,1,4.92
M02126,MEM00073,1,4.62
M02126,MEM00073,1,4.76
M02126,MEM00410,1,4.3
M02126,MEM00410,1,3.64
M02126,MEM00410,1,3.71
M02126,MEM00410,1,4.39
M02126,MEM00410,1,4.77
M02126,MEM00410,1,5.0
M02126,MEM00410,1,4.79
M02127,MEM00651,1,3.5
M02127,MEM00651,1,3.74
M02127,MEM00651,1,5.0
M02127,MEM00651,1,4.07
M02127,MEM00651,1,4.23
M02127,MEM00651,1,3.62
M02127,MEM00651,1,5.0
M02127,MEM00639,1,4.5
M02127,MEM00639,1,3.74
M02127,MEM00639,1,3.6
M02127,MEM00639,1,4.38
M02127,MEM00639,1,4.23
M02127,MEM00639,1,4.7
M02127,MEM00639,1,4.53
M02128,MEM00780,1,0.0
M02128,MEM00780,1,0.0
M02128,MEM00780,1,0.0
M02128,MEM00780,1,0.0
M02128,MEM00780,1,0.0
M02128,MEM00780,1,0.0
M02128,MEM00780,1,0.0
M02128,MEM00362,1,0.0
M02128,MEM00362,1,0.0
M02128,MEM00362,1,0.0
M02128,MEM00362,1,0.0
M02128,MEM00362,1,0.0
M02128,MEM00362,1,0.0
M02128,MEM00362,1,0.0
M02128,MEM00394,1,0.0
M02128,MEM00394,1,0.0
M02128,MEM00394,1,0.0
M02128,MEM00394,1,0.0
M02128,MEM00394,1,0.0
M02128,MEM00394,1,0.0
M02128,MEM00394,1,0.0
M02130,MEM00606,1,0.0
M02130,MEM00606,1,0.0
M02130,MEM00606,1,0.0
M02130,MEM00606,1,0.0
M02130,MEM00606,1,0.0
M02130,MEM00606,1,0.0
M02130,MEM00606,1,0.0
M02131,MEM00088,1,4.04
M02131,MEM00088,1,3.87
M02131,MEM00088,1,4.1
M02131,MEM00088,1,3.87
M02131,MEM00088,1,4.12
M02131,MEM00088,1,4.21
M02131,MEM00088,1,3.66
M02131,MEM00425,1,4.58
M02131,MEM00425,1,3.98
M02131,MEM00425,1,3.69
M02131,MEM00425,1,3.99
M02131,MEM00425,1,4.35
M02131,MEM00425,1,4.25
M02131,MEM00425,1,4.45
M02131,MEM00123,1,4.74
M02131,MEM00123,1,4.98
M02131,MEM00123,1,4.37
M02131,MEM00123,1,3.56
M02131,MEM00123,1,4.04
M02131,MEM00123,1,3.6
M02131,MEM00123,1,5.0
M02131,EXT00163,0,5.0
M02131,EXT00163,0,4.59
M02131,EXT00163,0,4.72
M02131,EXT00163,0,4.35
M02131,EXT00163,0,4.42
M02131,EXT00163,0,3.24
M02131,EXT00163,0,4.16
M02132,MEM00680,1,0.0
M02132,MEM00680,1,0.0
M02132,MEM00680,1,0.0
M02132,MEM00680,1,0.0
M02132,MEM00680,1,0.0
M02132,MEM00680,1,0.0
M02132,MEM00680,1,0.0
M02132,MEM00678,1,0.0
M02132,MEM00678,1,0.0
M02132,MEM00678,1,0.0
M02132,MEM00678,1,0.0
M02132,MEM00678,1,0.0
M02132,MEM00678,1,0.0
M02132,MEM00678,1,0.0
M02132,EXT00042,0,0.0
M02132,EXT00042,0,0.0
M02132,EXT00042,0,0.0
M02132,EXT00042,0,0.0
M02132,EXT00042,0,0.0
M02132,EXT00042,0,0.0
M02132,EXT00042,0,0.0
M02133,MEM00089,1,0.0
M02133,MEM00089,1,0.0
M02133,MEM00089,1,0.0
M02133,MEM00089,1,0.0
M02133,MEM00089,1,0.0
M02133,MEM00089,1,0.0
M02133,MEM00089,1,0.0
M02134,MEM00210,1,3.67
M02134,MEM00210,1,4.37
M02134,MEM00210,1,4.16
M02134,MEM00210,1,5.0
M02134,MEM00210,1,4.75
M02134,MEM00210,1,4.37
M02134,MEM00210,1,4.04
M02134,MEM00697,1,5.0
M02134,MEM00697,1,4.18
M02134,MEM00697,1,4.4
M02134,MEM00697,1,4.23
M02134,MEM00697,1,3.96
M02134,MEM00697,1,4.22
M02134,MEM00697,1,3.02
M02136,MEM00104,1,3.27
M02136,MEM00104,1,4.41
M02136,MEM00104,1,5.0
M02136,MEM00104,1,4.41
M02136,MEM00104,1,3.77
M02136,MEM00104,1,3.33
M02136,MEM00104,1,4.67
M02136,MEM00580,1,3.86
M02136,MEM00580,1,4.59
M02136,MEM00580,1,4.43
M02136,MEM00580,1,4.49
M02136,MEM00580,1,4.22
M02136,MEM00580,1,4.43
M02136,MEM00580,1,4.13
M02136,MEM00485,1,3.82
M02136,MEM00485,1,3.62
M02136,MEM00485,1,2.77
M02136,MEM00485,1,4.09
M02136,MEM00485,1,5.0
M02136,MEM00485,1,4.64
M02136,MEM00485,1,4.34
M02136,MEM00121,1,3.76
M02136,MEM00121,1,4.8
M02136,MEM00121,1,4.13
M02136,MEM00121,1,5.0
M02136,MEM00121,1,3.61
M02136,MEM00121,1,3.75
M02136,MEM00121,1,3.69
M02137,MEM00275,1,0.0
M02137,MEM00275,1,0.0
M02137,MEM00275,1,0.0
M02137,MEM00275,1,0.0
M02137,MEM00275,1,0.0
M02137,MEM00275,1,0.0
M02137,MEM00275,1,0.0
M02137,EXT00317,0,0.0
M02137,EXT00317,0,0.0
M02137,EXT00317,0,0.0
M02137,EXT00317,0,0.0
M02137,EXT00317,0,0.0
M02137,EXT00317,0,0.0
M02137,EXT00317,0,0.0
M02138,MEM00204,1,3.31
M02138,MEM00204,1,3.64
M02138,MEM00204,1,4.26
M02138,MEM00204,1,3.77
M02138,MEM00204,1,1.89
M02138,MEM00204,1,4.84
M02138,MEM00204,1,3.19
M02138,EXT00253,0,4.55
M02138,EXT00253,0,4.22
M02138,EXT00253,0,5.0
M02138,EXT00253,0,4.8
M02138,EXT00253,0,3.9
M02138,EXT00253,0,3.78
M02138,EXT00253,0,5.0
M02138,EXT00288,0,3.31
M02138,EXT00288,0,4.31
M02138,EXT00288,0,4.12
M02138,EXT00288,0,3.99
M02138,EXT00288,0,4.41
M02138,EXT00288,0,4.31
M02138,EXT00288,0,4.47
M02138,EXT00089,0,4.28
M02138,EXT00089,0,4.45
M02138,EXT00089,0,4.26
M02138,EXT00089,0,3.8
M02138,EXT00089,0,4.2
M02138,EXT00089,0,3.77
M02138,EXT00089,0,3.73
M02139,MEM00696,1,0.0
M02139,MEM00696,1,0.0
M02139,MEM00696,1,0.0
M02139,MEM00696,1,0.0
M02139,MEM00696,1,0.0
M02139,MEM00696,1,0.0
M02139,MEM00696,1,0.0
M02140,MEM00120,1,0.0
M02140,MEM00120,1,0.0
M02140,MEM00120,1,0.0
M02140,MEM00120,1,0.0
M02140,MEM00120,1,0.0
M02140,MEM00120,1,0.0
M02140,MEM00120,1,0.0
M02141,MEM00690,1,4.0
M02141,MEM00690,1,4.13
M02141,MEM00690,1,4.22
M02141,MEM00690,1,4.75
M02141,MEM00690,1,3.9
M02141,MEM00690,1,4.32
M02141,MEM00690,1,4.27
M02141,MEM00474,1,3.83
M02141,MEM00474,1,4.24
M02141,MEM00474,1,4.8
M02141,MEM00474,1,4.31
M02141,MEM00474,1,4.34
M02141,MEM00474,1,3.78
M02141,MEM00474,1,5.0
M02141,MEM00120,1,3.81
M02141,MEM00120,1,3.2
M02141,MEM00120,1,4.72
M02141,MEM00120,1,4.13
M02141,MEM00120,1,4.02
M02141,MEM00120,1,3.87
M02141,MEM00120,1,5.0
M02141,MEM00331,1,4.41
M02141,MEM00331,1,4.53
M02141,MEM00331,1,4.3
M02141,MEM00331,1,4.36
M02141,MEM00331,1,5.0
M02141,MEM00331,1,4.05
M02141,MEM00331,1,3.33
M02142,MEM00149,1,4.72
M02142,MEM00149,1,4.5
M02142,MEM00149,1,4.26
M02142,MEM00149,1,4.48
M02142,MEM00149,1,3.98
M02142,MEM00149,1,4.21
M02142,MEM00149,1,4.12
M02142,MEM00107,1,3.85
M02142,MEM00107,1,4.91
M02142,MEM00107,1,3.35
M02142,MEM00107,1,5.0
M02142,MEM00107,1,4.73
M02142,MEM00107,1,3.13
M02142,MEM00107,1,4.07
M02142,MEM00610,1,4.1
M02142,MEM00610,1,4.44
M02142,MEM00610,1,3.61
M02142,MEM00610,1,4.22
M02142,MEM00610,1,4.13
M02142,MEM00610,1,3.76
M02142,MEM00610,1,3.67
M02142,MEM00562,1,4.75
M02142,MEM00562,1,3.18
M02142,MEM00562,1,4.49
M02142,MEM00562,1,4.68
M02142,MEM00562,1,4.07
M02142,MEM00562,1,4.23
M02142,MEM00562,1,4.9
M02144,MEM00651,1,0.0
M02144,MEM00651,1,0.0
M02144,MEM00651,1,0.0
M02144,MEM00651,1,0.0
M02144,MEM00651,1,0.0
M02144,MEM00651,1,0.0
M02144,MEM00651,1,0.0
M02144,MEM00398,1,0.0
M02144,MEM00398,1,0.0
M02144,MEM00398,1,0.0
M02144,MEM00398,1,0.0
M02144,MEM00398,1,0.0
M02144,MEM00398,1,0.0
M02144,MEM00398,1,0.0
M02145,MEM00403,1,3.78
M02145,MEM00403,1,3.84
M02145,MEM00403,1,3.9
M02145,MEM00403,1,4.9
M02145,MEM00403,1,4.98
M02145,MEM00403,1,3.36
M02145,MEM00403,1,4.8
M02145,MEM00756,1,4.69
M02145,MEM00756,1,5.0
M02145,MEM00756,1,4.43
M02145,MEM00756,1,4.17
M02145,MEM00756,1,4.89
M02145,MEM00756,1,4.62
M02145,MEM00756,1,5.0
M02145,EXT00213,0,4.78
M02145,EXT00213,0,4.29
M02145,EXT00213,0,3.5
M02145,EXT00213,0,3.85
M02145,EXT00213,0,3.34
M02145,EXT00213,0,4.07
M02145,EXT00213,0,4.76
M02145,EXT00371,0,4.2
M02145,EXT00371,0,4.81
M02145,EXT00371,0,4.4
M02145,EXT00371,0,3.96
M02145,EXT00371,0,4.25
M02145,EXT00371,0,4.48
M02145,EXT00371,0,4.28
M02146,MEM00375,1,4.29
M02146,MEM00375,1,3.74
M02146,MEM00375,1,3.94
M02146,MEM00375,1,5.0
M02146,MEM00375,1,4.94
M02146,MEM00375,1,3.32
M02146,MEM00375,1,2.78
M02146,MEM00307,1,4.25
M02146,MEM00307,1,4.74
M02146,MEM00307,1,3.89
M02146,MEM00307,1,4.81
M02146,MEM00307,1,4.24
M02146,MEM00307,1,4.1
M02146,MEM00307,1,4.65
M02146,MEM00388,1,3.88
M02146,MEM00388,1,4.03
M02146,MEM00388,1,4.6
M02146,MEM00388,1,4.18
M02146,MEM00388,1,5.0
M02146,MEM00388,1,4.62
M02146,MEM00388,1,4.58
M02146,MEM00674,1,4.17
M02146,MEM00674,1,4.72
M02146,MEM00674,1,4.01
M02146,MEM00674,1,4.37
M02146,MEM00674,1,3.65
M02146,MEM00674,1,4.82
M02146,MEM00674,1,4.37
M02147,EXT00200,0,0.0
M02147,EXT00200,0,0.0
M02147,EXT00200,0,0.0
M02147,EXT00200,0,0.0
M02147,EXT00200,0,0.0
M02147,EXT00200,0,0.0
M02147,EXT00200,0,0.0
M02148,MEM00656,1,0.0
M02148,MEM00656,1,0.0
M02148,MEM00656,1,0.0
M02148,MEM00656,1,0.0
M02148,MEM00656,1,0.0
M02148,MEM00656,1,0.0
M02148,MEM00656,1,0.0
M02148,MEM00671,1,0.0
M02148,MEM00671,1,0.0
M02148,MEM00671,1,0.0
M02148,MEM00671,1,0.0
M02148,MEM00671,1,0.0
M02148,MEM00671,1,0.0
M02148,MEM00671,1,0.0
M02149,MEM00253,1,0.0
M02149,MEM00253,1,0.0
M02149,MEM00253,1,0.0
M02149,MEM00253,1,0.0
M02149,MEM00253,1,0.0
M02149,MEM00253,1,0.0
M02149,MEM00253,1,0.0
M02149,MEM00314,1,0.0
M02149,MEM00314,1,0.0
M02149,MEM00314,1,0.0
M02149,MEM00314,1,0.0
M02149,MEM00314,1,0.0
M02149,MEM00314,1,0.0
M02149,MEM00314,1,0.0
M02150,MEM00388,1,5.0
M02150,MEM00388,1,5.0
M02150,MEM00388,1,4.66
M02150,MEM00388,1,4.24
M02150,MEM00388,1,3.63
M02150,MEM00388,1,4.74
M02150,MEM00388,1,4.33
M02150,MEM00451,1,4.52
M02150,MEM00451,1,5.0
M02150,MEM00451,1,3.71
M02150,MEM00451,1,3.65
M02150,MEM00451,1,4.06
M02150,MEM00451,1,4.69
M02150,MEM00451,1,4.53
M02150,EXT00090,0,3.66
M02150,EXT00090,0,4.65
M02150,EXT00090,0,3.48
M02150,EXT00090,0,3.7
M02150,EXT00090,0,4.13
M02150,EXT00090,0,3.87
M02150,EXT00090,0,4.73
M02150,EXT00317,0,4.37
M02150,EXT00317,0,5.0
M02150,EXT00317,0,4.05
M02150,EXT00317,0,4.13
M02150,EXT00317,0,4.93
M02150,EXT00317,0,4.15
M02150,EXT00317,0,5.0
M02151,MEM00383,1,0.0
M02151,MEM00383,1,0.0
M02151,MEM00383,1,0.0
M02151,MEM00383,1,0.0
M02151,MEM00383,1,0.0
M02151,MEM00383,1,0.0
M02151,MEM00383,1,0.0
M02152,MEM00210,1,4.52
M02152,MEM00210,1,2.79
M02152,MEM00210,1,4.91
M02152,MEM00210,1,4.75
M02152,MEM00210,1,4.77
M02152,MEM00210,1,3.05
M02152,MEM00210,1,3.8
M02152,MEM00254,1,3.85
M02152,MEM00254,1,3.7
M02152,MEM00254,1,5.0
M02152,MEM00254,1,4.19
M02152,MEM00254,1,4.18
M02152,MEM00254,1,4.53
M02152,MEM00254,1,4.54
M02152,MEM00107,1,2.2
M02152,MEM00107,1,3.81
M02152,MEM00107,1,3.35
M02152,MEM00107,1,4.44
M02152,MEM00107,1,4.03
M02152,MEM00107,1,4.21
M02152,MEM00107,1,2.95
M02152,EXT00371,0,4.01
M02152,EXT00371,0,4.87
M02152,EXT00371,0,5.0
M02152,EXT00371,0,4.63
M02152,EXT00371,0,3.4
M02152,EXT00371,0,4.96
M02152,EXT00371,0,4.63
M02153,MEM00369,1,4.13
M02153,MEM00369,1,2.98
M02153,MEM00369,1,4.77
M02153,MEM00369,1,3.84
M02153,MEM00369,1,4.41
M02153,MEM00369,1,4.24
M02153,MEM00369,1,5.0
M02153,MEM00157,1,4.12
M02153,MEM00157,1,4.19
M02153,MEM00157,1,5.0
M02153,MEM00157,1,3.81
M02153,MEM00157,1,4.69
M02153,MEM00157,1,4.08
M02153,MEM00157,1,3.6
M02153,MEM00235,1,4.2
M02153,MEM00235,1,4.62
M02153,MEM00235,1,5.0
M02153,MEM00235,1,5.0
M02153,MEM00235,1,4.02
M02153,MEM00235,1,3.61
M02153,MEM00235,1,4.01
M02153,EXT00114,0,3.49
M02153,EXT00114,0,4.07
M02153,EXT00114,0,4.0
M02153,EXT00114,0,4.64
M02153,EXT00114,0,2.88
M02153,EXT00114,0,3.76
M02153,EXT00114,0,3.76
M02154,MEM00035,1,0.0
M02154,MEM00035,1,0.0
M02154,MEM00035,1,0.0
M02154,MEM00035,1,0.0
M02154,MEM00035,1,0.0
M02154,MEM00035,1,0.0
M02154,MEM00035,1,0.0
M02155,MEM00424,1,4.91
M02155,MEM00424,1,3.53
M02155,MEM00424,1,4.34
M02155,MEM00424,1,4.12
M02155,MEM00424,1,4.83
M02155,MEM00424,1,4.56
M02155,MEM00424,1,4.27
M02155,MEM00249,1,3.87
M02155,MEM00249,1,3.09
M02155,MEM00249,1,4.35
M02155,MEM00249,1,4.52
M02155,MEM00249,1,3.26
M02155,MEM00249,1,3.46
M02155,MEM00249,1,4.35
M02156,MEM00355,1,4.4
M02156,MEM00355,1,3.61
M02156,MEM00355,1,3.86
M02156,MEM00355,1,3.1
M02156,MEM00355,1,5.0
M02156,MEM00355,1,3.42
M02156,MEM00355,1,4.53
M02156,MEM00428,1,4.18
M02156,MEM00428,1,4.97
M02156,MEM00428,1,3.72
M02156,MEM00428,1,4.24
M02156,MEM00428,1,3.18
M02156,MEM00428,1,3.04
M02156,MEM00428,1,4.56
M02156,MEM00276,1,3.13
M02156,MEM00276,1,4.06
M02156,MEM00276,1,4.81
M02156,MEM00276,1,4.65
M02156,MEM00276,1,3.8
M02156,MEM00276,1,3.25
M02156,MEM00276,1,4.51
M02156,MEM00770,1,5.0
M02156,MEM00770,1,3.8
M02156,MEM00770,1,3.72
M02156,MEM00770,1,3.89
M02156,MEM00770,1,4.54
M02156,MEM00770,1,4.94
M02156,MEM00770,1,3.46
M02157,MEM00210,1,0.0
M02157,MEM00210,1,0.0
M02157,MEM00210,1,0.0
M02157,MEM00210,1,0.0
M02157,MEM00210,1,0.0
M02157,MEM00210,1,0.0
M02157,MEM00210,1,0.0
M02157,MEM00292,1,0.0
M02157,MEM00292,1,0.0
M02157,MEM00292,1,0.0
M02157,MEM00292,1,0.0
M02157,MEM00292,1,0.0
M02157,MEM00292,1,0.0
M02157,MEM00292,1,0.0
M02157,MEM00365,1,0.0
M02157,MEM00365,1,0.0
M02157,MEM00365,1,0.0
M02157,MEM00365,1,0.0
M02157,MEM00365,1,0.0
M02157,MEM00365,1,0.0
M02157,MEM00365,1,0.0
M02158,MEM00180,1,3.3
M02158,MEM00180,1,5.0
M02158,MEM00180,1,4.09
M02158,MEM00180,1,4.35
M02158,MEM00180,1,3.78
M02158,MEM00180,1,4.49
M02158,MEM00180,1,4.78
M02158,MEM00610,1,4.38
M02158,MEM00610,1,5.0
M02158,MEM00610,1,4.0
M02158,MEM00610,1,4.04
M02158,MEM00610,1,4.34
M02158,MEM00610,1,4.48
M02158,MEM00610,1,4.34
M02159,MEM00324,1,0.0
M02159,MEM00324,1,0.0
M02159,MEM00324,1,0.0
M02159,MEM00324,1,0.0
M02159,MEM00324,1,0.0
M02159,MEM00324,1,0.0
M02159,MEM00324,1,0.0
M02159,MEM00021,1,0.0
M02159,MEM00021,1,0.0
M02159,MEM00021,1,0.0
M02159,MEM00021,1,0.0
M02159,MEM00021,1,0.0
M02159,MEM00021,1,0.0
M02159,MEM00021,1,0.0
M02159,MEM00618,1,0.0
M02159,MEM00618,1,0.0
M02159,MEM00618,1,0.0
M02159,MEM00618,1,0.0
M02159,MEM00618,1,0.0
M02159,MEM00618,1,0.0
M02159,MEM00618,1,0.0
M02159,MEM00572,1,0.0
M02159,MEM00572,1,0.0
M02159,MEM00572,1,0.0
M02159,MEM00572,1,0.0
M02159,MEM00572,1,0.0
M02159,MEM00572,1,0.0
M02159,MEM00572,1,0.0
M02160,MEM00257,1,0.0
M02160,MEM00257,1,0.0
M02160,MEM00257,1,0.0
M02160,MEM00257,1,0.0
M02160,MEM00257,1,0.0
M02160,MEM00257,1,0.0
M02160,MEM00257,1,0.0
M02161,MEM00180,1,3.43
M02161,MEM00180,1,4.39
M02161,MEM00180,1,3.98
M02161,MEM00180,1,3.85
M02161,MEM00180,1,4.22
M02161,MEM00180,1,3.62
M02161,MEM00180,1,3.52
M02161,MEM00437,1,2.63
M02161,MEM00437,1,5.0
M02161,MEM00437,1,4.53
M02161,MEM00437,1,4.13
M02161,MEM00437,1,3.8
M02161,MEM00437,1,2.47
M02161,MEM00437,1,3.76
M02162,MEM00597,1,0.0
M02162,MEM00597,1,0.0
M02162,MEM00597,1,0.0
M02162,MEM00597,1,0.0
M02162,MEM00597,1,0.0
M02162,MEM00597,1,0.0
M02162,MEM00597,1,0.0
M02163,MEM00178,1,0.0
M02163,MEM00178,1,0.0
M02163,MEM00178,1,0.0
M02163,MEM00178,1,0.0
M02163,MEM00178,1,0.0
M02163,MEM00178,1,0.0
M02163,MEM00178,1,0.0
M02163,MEM00697,1,0.0
M02163,MEM00697,1,0.0
M02163,MEM00697,1,0.0
M02163,MEM00697,1,0.0
M02163,MEM00697,1,0.0
M02163,MEM00697,1,0.0
M02163,MEM00697,1,0.0
M02163,MEM00678,1,0.0
M02163,MEM00678,1,0.0
M02163,MEM00678,1,0.0
M02163,MEM00678,1,0.0
M02163,MEM00678,1,0.0
M02163,MEM00678,1,0.0
M02163,MEM00678,1,0.0
M02163,MEM00056,1,0.0
M02163,MEM00056,1,0.0
M02163,MEM00056,1,0.0
M02163,MEM00056,1,0.0
M02163,MEM00056,1,0.0
M02163,MEM00056,1,0.0
M02163,MEM00056,1,0.0
M02164,MEM00271,1,4.63
M02164,MEM00271,1,4.77
M02164,MEM00271,1,4.59
M02164,MEM00271,1,4.3
M02164,MEM00271,1,4.98
M02164,MEM00271,1,4.0
M02164,MEM00271,1,4.85
M02164,MEM00583,1,3.97
M02164,MEM00583,1,3.67
M02164,MEM00583,1,3.6
M02164,MEM00583,1,3.56
M02164,MEM00583,1,4.6
M02164,MEM00583,1,3.75
M02164,MEM00583,1,3.58
M02164,EXT00362,0,4.63
M02164,EXT00362,0,4.4
M02164,EXT00362,0,4.78
M02164,EXT00362,0,4.51
M02164,EXT00362,0,3.75
M02164,EXT00362,0,4.25
M02164,EXT00362,0,4.28
M02164,EXT00119,0,3.65
M02164,EXT00119,0,3.54
M02164,EXT00119,0,3.79
M02164,EXT00119,0,5.0
M02164,EXT00119,0,3.95
M02164,EXT00119,0,4.94
M02164,EXT00119,0,3.92
M02165,MEM00120,1,0.0
M02165,MEM00120,1,0.0
M02165,MEM00120,1,0.0
M02165,MEM00120,1,0.0
M02165,MEM00120,1,0.0
M02165,MEM00120,1,0.0
M02165,MEM00120,1,0.0
M02166,MEM00388,1,4.73
M02166,MEM00388,1,4.74
M02166,MEM00388,1,4.77
M02166,MEM00388,1,4.43
M02166,MEM00388,1,5.0
M02166,MEM00388,1,4.43
M02166,MEM00388,1,5.0
M02166,MEM00163,1,3.23
M02166,MEM00163,1,4.41
M02166,MEM00163,1,4.37
M02166,MEM00163,1,3.64
M02166,MEM00163,1,4.55
M02166,MEM00163,1,3.31
M02166,MEM00163,1,3.81
M02166,EXT00036,0,3.0
M02166,EXT00036,0,5.0
M02166,EXT00036,0,4.06
M02166,EXT00036,0,5.0
M02166,EXT00036,0,4.68
M02166,EXT00036,0,4.47
M02166,EXT00036,0,3.85
M02166,EXT00080,0,3.57
M02166,EXT00080,0,4.51
M02166,EXT00080,0,4.16
M02166,EXT00080,0,3.4
M02166,EXT00080,0,3.29
M02166,EXT00080,0,3.62
M02166,EXT00080,0,5.0
M02167,MEM00760,1,0.0
M02167,MEM00760,1,0.0
M02167,MEM00760,1,0.0
M02167,MEM00760,1,0.0
M02167,MEM00760,1,0.0
M02167,MEM00760,1,0.0
M02167,MEM00760,1,0.0
M02168,MEM00290,1,5.0
M02168,MEM00290,1,4.32
M02168,MEM00290,1,4.29
M02168,MEM00290,1,4.0
M02168,MEM00290,1,3.64
M02168,MEM00290,1,5.0
M02168,MEM00290,1,5.0
M02168,MEM00776,1,3.66
M02168,MEM00776,1,4.15
M02168,MEM00776,1,3.93
M02168,MEM00776,1,3.95
M02168,MEM00776,1,4.91
M02168,MEM00776,1,3.41
M02168,MEM00776,1,4.48
M02168,EXT00366,0,4.64
M02168,EXT00366,0,4.11
M02168,EXT00366,0,4.74
M02168,EXT00366,0,4.29
M02168,EXT00366,0,4.93
M02168,EXT00366,0,3.29
M02168,EXT00366,0,3.99
M02168,EXT00216,0,4.16
M02168,EXT00216,0,2.6
M02168,EXT00216,0,3.55
M02168,EXT00216,0,3.71
M02168,EXT00216,0,4.77
M02168,EXT00216,0,3.78
M02168,EXT00216,0,3.71
M02169,MEM00210,1,0.0
M02169,MEM00210,1,0.0
M02169,MEM00210,1,0.0
M02169,MEM00210,1,0.0
M02169,MEM00210,1,0.0
M02169,MEM00210,1,0.0
M02169,MEM00210,1,0.0
M02170,MEM00563,1,0.0
M02170,MEM00563,1,0.0
M02170,MEM00563,1,0.0
M02170,MEM00563,1,0.0
M02170,MEM00563,1,0.0
M02170,MEM00563,1,0.0
M02170,MEM00563,1,0.0
M02171,MEM00518,1,0.0
M02171,MEM00518,1,0.0
M02171,MEM00518,1,0.0
M02171,MEM00518,1,0.0
M02171,MEM00518,1,0.0
M02171,MEM00518,1,0.0
M02171,MEM00518,1,0.0
M02174,MEM00788,1,4.69
M02174,MEM00788,1,3.23
M02174,MEM00788,1,2.96
M02174,MEM00788,1,3.98
M02174,MEM00788,1,3.33
M02174,MEM00788,1,3.35
M02174,MEM00788,1,4.54
M02174,MEM00210,1,4.73
M02174,MEM00210,1,4.67
M02174,MEM00210,1,4.87
M02174,MEM00210,1,4.94
M02174,MEM00210,1,2.92
M02174,MEM00210,1,4.47
M02174,MEM00210,1,3.88
M02174,EXT00272,0,3.75
M02174,EXT00272,0,4.54
M02174,EXT00272,0,3.16
M02174,EXT00272,0,3.15
M02174,EXT00272,0,4.58
M02174,EXT00272,0,4.49
M02174,EXT00272,0,4.28
M02174,EXT00023,0,3.67
M02174,EXT00023,0,4.65
M02174,EXT00023,0,4.61
M02174,EXT00023,0,4.25
M02174,EXT00023,0,3.49
M02174,EXT00023,0,3.94
M02174,EXT00023,0,4.7
M02176,MEM00800,1,5.0
M02176,MEM00800,1,4.0
M02176,MEM00800,1,4.05
M02176,MEM00800,1,4.1
M02176,MEM00800,1,4.36
M02176,MEM00800,1,3.85
M02176,MEM00800,1,2.46
M02176,MEM00004,1,4.92
M02176,MEM00004,1,5.0
M02176,MEM00004,1,3.83
M02176,MEM00004,1,3.56
M02176,MEM00004,1,4.12
M02176,MEM00004,1,4.09
M02176,MEM00004,1,4.8
M02176,MEM00114,1,4.23
M02176,MEM00114,1,3.72
M02176,MEM00114,1,3.41
M02176,MEM00114,1,4.72
M02176,MEM00114,1,4.56
M02176,MEM00114,1,4.84
M02176,MEM00114,1,3.62
M02176,EXT00321,0,5.0
M02176,EXT00321,0,3.15
M02176,EXT00321,0,4.63
M02176,EXT00321,0,3.05
M02176,EXT00321,0,3.73
M02176,EXT00321,0,5.0
M02176,EXT00321,0,4.7
M02178,MEM00624,1,0.0
M02178,MEM00624,1,0.0
M02178,MEM00624,1,0.0
M02178,MEM00624,1,0.0
M02178,MEM00624,1,0.0
M02178,MEM00624,1,0.0
M02178,MEM00624,1,0.0
M02179,MEM00230,1,0.0
M02179,MEM00230,1,0.0
M02179,MEM00230,1,0.0
M02179,MEM00230,1,0.0
M02179,MEM00230,1,0.0
M02179,MEM00230,1,0.0
M02179,MEM00230,1,0.0
M02179,MEM00139,1,0.0
M02179,MEM00139,1,0.0
M02179,MEM00139,1,0.0
M02179,MEM00139,1,0.0
M02179,MEM00139,1,0.0
M02179,MEM00139,1,0.0
M02179,MEM00139,1,0.0
M02179,MEM00400,1,0.0
M02179,MEM00400,1,0.0
M02179,MEM00400,1,0.0
M02179,MEM00400,1,0.0
M02179,MEM00400,1,0.0
M02179,MEM00400,1,0.0
M02179,MEM00400,1,0.0
M02180,MEM00220,1,3.87
M02180,MEM00220,1,3.89
M02180,MEM00220,1,4.26
M02180,MEM00220,1,4.51
M02180,MEM00220,1,4.95
M02180,MEM00220,1,3.93
M02180,MEM00220,1,3.23
M02180,MEM00290,1,4.29
M02180,MEM00290,1,3.93
M02180,MEM00290,1,3.42
M02180,MEM00290,1,4.38
M02180,MEM00290,1,4.07
M02180,MEM00290,1,4.38
M02180,MEM00290,1,3.66
M02181,MEM00606,1,0.0
M02181,MEM00606,1,0.0
M02181,MEM00606,1,0.0
M02181,MEM00606,1,0.0
M02181,MEM00606,1,0.0
M02181,MEM00606,1,0.0
M02181,MEM00606,1,0.0
M02182,EXT00215,0,0.0
M02182,EXT00215,0,0.0
M02182,EXT00215,0,0.0
M02182,EXT00215,0,0.0
M02182,EXT00215,0,0.0
M02182,EXT00215,0,0.0
M02182,EXT00215,0,0.0
M02183,MEM00076,1,0.0
M02183,MEM00076,1,0.0
M02183,MEM00076,1,0.0
M02183,MEM00076,1,0.0
M02183,MEM00076,1,0.0
M02183,MEM00076,1,0.0
M02183,MEM00076,1,0.0
M02184,MEM00018,1,0.0
M02184,MEM00018,1,0.0
M02184,MEM00018,1,0.0
M02184,MEM00018,1,0.0
M02184,MEM00018,1,0.0
M02184,MEM00018,1,0.0
M02184,MEM00018,1,0.0
M02185,MEM00106,1,0.0
M02185,MEM00106,1,0.0
M02185,MEM00106,1,0.0
M02185,MEM00106,1,0.0
M02185,MEM00106,1,0.0
M02185,MEM00106,1,0.0
M02185,MEM00106,1,0.0
M02186,MEM00320,1,4.49
M02186,MEM00320,1,3.41
M02186,MEM00320,1,3.7
M02186,MEM00320,1,4.05
M02186,MEM00320,1,5.0
M02186,MEM00320,1,4.67
M02186,MEM00320,1,4.85
M02186,EXT00253,0,5.0
M02186,EXT00253,0,5.0
M02186,EXT00253,0,4.22
M02186,EXT00253,0,5.0
M02186,EXT00253,0,4.81
M02186,EXT00253,0,4.8
M02186,EXT00253,0,5.0
M02186,EXT00321,0,3.95
M02186,EXT00321,0,3.9
M02186,EXT00321,0,4.39
M02186,EXT00321,0,4.09
M02186,EXT00321,0,4.39
M02186,EXT00321,0,5.0
M02186,EXT00321,0,3.91
M02186,EXT00366,0,4.02
M02186,EXT00366,0,4.3
M02186,EXT00366,0,4.06
M02186,EXT00366,0,3.05
M02186,EXT00366,0,3.85
M02186,EXT00366,0,4.61
M02186,EXT00366,0,5.0
M02187,MEM00282,1,3.51
M02187,MEM00282,1,3.5
M02187,MEM00282,1,4.22
M02187,MEM00282,1,2.95
M02187,MEM00282,1,3.93
M02187,MEM00282,1,3.16
M02187,MEM00282,1,5.0
M02187,MEM00108,1,3.74
M02187,MEM00108,1,5.0
M02187,MEM00108,1,4.87
M02187,MEM00108,1,3.81
M02187,MEM00108,1,3.56
M02187,MEM00108,1,4.08
M02187,MEM00108,1,4.14
M02187,MEM00699,1,4.41
M02187,MEM00699,1,3.73
M02187,MEM00699,1,4.65
M02187,MEM00699,1,4.36
M02187,MEM00699,1,4.0
M02187,MEM00699,1,3.77
M02187,MEM00699,1,4.09
M02187,MEM00373,1,3.71
M02187,MEM00373,1,4.24
M02187,MEM00373,1,4.25
M02187,MEM00373,1,4.36
M02187,MEM00373,1,5.0
M02187,MEM00373,1,4.12
M02187,MEM00373,1,4.8
M02188,MEM00400,1,0.0
M02188,MEM00400,1,0.0
M02188,MEM00400,1,0.0
M02188,MEM00400,1,0.0
M02188,MEM00400,1,0.0
M02188,MEM00400,1,0.0
M02188,MEM00400,1,0.0
M02188,MEM00157,1,0.0
M02188,MEM00157,1,0.0
M02188,MEM00157,1,0.0
M02188,MEM00157,1,0.0
M02188,MEM00157,1,0.0
M02188,MEM00157,1,0.0
M02188,MEM00157,1,0.0
M02188,MEM00623,1,0.0
M02188,MEM00623,1,0.0
M02188,MEM00623,1,0.0
M02188,MEM00623,1,0.0
M02188,MEM00623,1,0.0
M02188,MEM00623,1,0.0
M02188,MEM00623,1,0.0
M02188,EXT00198,0,0.0
M02188,EXT00198,0,0.0
M02188,EXT00198,0,0.0
M02188,EXT00198,0,0.0
M02188,EXT00198,0,0.0
M02188,EXT00198,0,0.0
M02188,EXT00198,0,0.0
M02189,MEM00489,1,0.0
M02189,MEM00489,1,0.0
M02189,MEM00489,1,0.0
M02189,MEM00489,1,0.0
M02189,MEM00489,1,0.0
M02189,MEM00489,1,0.0
M02189,MEM00489,1,0.0
M02189,EXT00370,0,0.0
M02189,EXT00370,0,0.0
M02189,EXT00370,0,0.0
M02189,EXT00370,0,0.0
M02189,EXT00370,0,0.0
M02189,EXT00370,0,0.0
M02189,EXT00370,0,0.0
M02190,MEM00461,1,0.0
M02190,MEM00461,1,0.0
M02190,MEM00461,1,0.0
M02190,MEM00461,1,0.0
M02190,MEM00461,1,0.0
M02190,MEM00461,1,0.0
M02190,MEM00461,1,0.0
M02191,MEM00168,1,4.34
M02191,MEM00168,1,4.06
M02191,MEM00168,1,4.13
M02191,MEM00168,1,4.16
M02191,MEM00168,1,4.37
M02191,MEM00168,1,3.62
M02191,MEM00168,1,3.32
M02191,MEM00066,1,4.59
M02191,MEM00066,1,4.74
M02191,MEM00066,1,4.65
M02191,MEM00066,1,4.29
M02191,MEM00066,1,4.66
M02191,MEM00066,1,4.63
M02191,MEM00066,1,4.67
M02191,MEM00422,1,3.68
M02191,MEM00422,1,3.54
M02191,MEM00422,1,3.97
M02191,MEM00422,1,4.19
M02191,MEM00422,1,4.05
M02191,MEM00422,1,3.07
M02191,MEM00422,1,5.0
M02191,MEM00055,1,4.04
M02191,MEM00055,1,4.3
M02191,MEM00055,1,4.95
M02191,MEM00055,1,2.79
M02191,MEM00055,1,3.89
M02191,MEM00055,1,3.97
M02191,MEM00055,1,4.0
M02192,MEM00032,1,0.0
M02192,MEM00032,1,0.0
M02192,MEM00032,1,0.0
M02192,MEM00032,1,0.0
M02192,MEM00032,1,0.0
M02192,MEM00032,1,0.0
M02192,MEM00032,1,0.0
M02193,MEM00600,1,4.1
M02193,MEM00600,1,5.0
M02193,MEM00600,1,4.6
M02193,MEM00600,1,4.77
M02193,MEM00600,1,4.23
M02193,MEM00600,1,3.36
M02193,MEM00600,1,2.95
M02193,MEM00583,1,3.28
M02193,MEM00583,1,4.42
M02193,MEM00583,1,4.22
M02193,MEM00583,1,4.07
M02193,MEM00583,1,3.98
M02193,MEM00583,1,5.0
M02193,MEM00583,1,3.71
M02194,EXT00333,0,4.76
M02194,EXT00333,0,4.2
M02194,EXT00333,0,4.16
M02194,EXT00333,0,4.91
M02194,EXT00333,0,5.0
M02194,EXT00333,0,4.06
M02194,EXT00333,0,4.68
M02194,EXT00055,0,4.42
M02194,EXT00055,0,4.2
M02194,EXT00055,0,4.32
M02194,EXT00055,0,3.79
M02194,EXT00055,0,4.02
M02194,EXT00055,0,3.85
M02194,EXT00055,0,4.74
M02195,MEM00142,1,0.0
M02195,MEM00142,1,0.0
M02195,MEM00142,1,0.0
M02195,MEM00142,1,0.0
M02195,MEM00142,1,0.0
M02195,MEM00142,1,0.0
M02195,MEM00142,1,0.0
M02196,MEM00232,1,0.0
M02196,MEM00232,1,0.0
M02196,MEM00232,1,0.0
M02196,MEM00232,1,0.0
M02196,MEM00232,1,0.0
M02196,MEM00232,1,0.0
M02196,MEM00232,1,0.0
M02197,MEM00285,1,4.14
M02197,MEM00285,1,3.42
M02197,MEM00285,1,3.77
M02197,MEM00285,1,2.28
M02197,MEM00285,1,3.9
M02197,MEM00285,1,4.22
M02197,MEM00285,1,4.12
M02197,MEM00210,1,5.0
M02197,MEM00210,1,4.54
M02197,MEM00210,1,4.52
M02197,MEM00210,1,3.21
M02197,MEM00210,1,3.98
M02197,MEM00210,1,3.91
M02197,MEM00210,1,3.73
M02199,EXT00095,0,0.0
M02199,EXT00095,0,0.0
M02199,EXT00095,0,0.0
M02199,EXT00095,0,0.0
M02199,EXT00095,0,0.0
M02199,EXT00095,0,0.0
M02199,EXT00095,0,0.0
M02199,EXT00199,0,0.0
M02199,EXT00199,0,0.0
M02199,EXT00199,0,0.0
M02199,EXT00199,0,0.0
M02199,EXT00199,0,0.0
M02199,EXT00199,0,0.0
M02199,EXT00199,0,0.0
M02200,MEM00786,1,3.72
M02200,MEM00786,1,3.12
M02200,MEM00786,1,3.43
M02200,MEM00786,1,4.72
M02200,MEM00786,1,4.11
M02200,MEM00786,1,3.9
M02200,MEM00786,1,4.2
M02200,MEM00317,1,4.9
M02200,MEM00317,1,4.2
M02200,MEM00317,1,4.52
M02200,MEM00317,1,3.69
M02200,MEM00317,1,3.83
M02200,MEM00317,1,4.41
M02200,MEM00317,1,5.0
M02200,EXT00023,0,5.0
M02200,EXT00023,0,4.55
M02200,EXT00023,0,4.29
M02200,EXT00023,0,5.0
M02200,EXT00023,0,4.68
M02200,EXT00023,0,2.82
M02200,EXT00023,0,3.57
M02200,EXT00060,0,4.4
M02200,EXT00060,0,3.13
M02200,EXT00060,0,3.66
M02200,EXT00060,0,3.78
M02200,EXT00060,0,4.05
M02200,EXT00060,0,4.03
M02200,EXT00060,0,4.03
M02201,MEM00056,1,0.0
M02201,MEM00056,1,0.0
M02201,MEM00056,1,0.0
M02201,MEM00056,1,0.0
M02201,MEM00056,1,0.0
M02201,MEM00056,1,0.0
M02201,MEM00056,1,0.0
M02202,MEM00489,1,0.0
M02202,MEM00489,1,0.0
M02202,MEM00489,1,0.0
M02202,MEM00489,1,0.0
M02202,MEM00489,1,0.0
M02202,MEM00489,1,0.0
M02202,MEM00489,1,0.0
M02203,MEM00058,1,0.0
M02203,MEM00058,1,0.0
M02203,MEM00058,1,0.0
M02203,MEM00058,1,0.0
M02203,MEM00058,1,0.0
M02203,MEM00058,1,0.0
M02203,MEM00058,1,0.0
M02204,EXT00333,0,0.0
M02204,EXT00333,0,0.0
M02204,EXT00333,0,0.0
M02204,EXT00333,0,0.0
M02204,EXT00333,0,0.0
M02204,EXT00333,0,0.0
M02204,EXT00333,0,0.0
M02205,MEM00400,1,0.0
M02205,MEM00400,1,0.0
M02205,MEM00400,1,0.0
M02205,MEM00400,1,0.0
M02205,MEM00400,1,0.0
M02205,MEM00400,1,0.0
M02205,MEM00400,1,0.0
M02208,MEM00417,1,0.0
M02208,MEM00417,1,0.0
M02208,MEM00417,1,0.0
M02208,MEM00417,1,0.0
M02208,MEM00417,1,0.0
M02208,MEM00417,1,0.0
M02208,MEM00417,1,0.0
M02209,MEM00437,1,0.0
M02209,MEM00437,1,0.0
M02209,MEM00437,1,0.0
M02209,MEM00437,1,0.0
M02209,MEM00437,1,0.0
M02209,MEM00437,1,0.0
M02209,MEM00437,1,0.0
M02210,MEM00157,1,0.0
M02210,MEM00157,1,0.0
M02210,MEM00157,1,0.0
M02210,MEM00157,1,0.0
M02210,MEM00157,1,0.0
M02210,MEM00157,1,0.0
M02210,MEM00157,1,0.0
M02211,MEM00178,1,4.7
M02211,MEM00178,1,4.04
M02211,MEM00178,1,3.97
M02211,MEM00178,1,3.39
M02211,MEM00178,1,4.81
M02211,MEM00178,1,3.8
M02211,MEM00178,1,3.55
M02211,EXT00118,0,4.33
M02211,EXT00118,0,3.74
M02211,EXT00118,0,3.88
M02211,EXT00118,0,4.36
M02211,EXT00118,0,4.0
M02211,EXT00118,0,5.0
M02211,EXT00118,0,4.16
M02212,MEM00474,1,0.0
M02212,MEM00474,1,0.0
M02212,MEM00474,1,0.0
M02212,MEM00474,1,0.0
M02212,MEM00474,1,0.0
M02212,MEM00474,1,0.0
M02212,MEM00474,1,0.0
M02213,MEM00021,1,4.57
M02213,MEM00021,1,3.03
M02213,MEM00021,1,3.68
M02213,MEM00021,1,3.55
M02213,MEM00021,1,3.63
M02213,MEM00021,1,4.45
M02213,MEM00021,1,4.82
M02213,MEM00180,1,4.41
M02213,MEM00180,1,4.06
M02213,MEM00180,1,3.82
M02213,MEM00180,1,4.87
M02213,MEM00180,1,5.0
M02213,MEM00180,1,4.28
M02213,MEM00180,1,4.76
M02213,MEM00771,1,4.41
M02213,MEM00771,1,4.65
M02213,MEM00771,1,3.5
M02213,MEM00771,1,3.91
M02213,MEM00771,1,4.44
M02213,MEM00771,1,4.93
M02213,MEM00771,1,3.71
M02213,MEM00114,1,2.98
M02213,MEM00114,1,3.9
M02213,MEM00114,1,4.81
M02213,MEM00114,1,3.25
M02213,MEM00114,1,3.49
M02213,MEM00114,1,4.29
M02213,MEM00114,1,4.13
M02214,MEM00625,1,4.56
M02214,MEM00625,1,3.46
M02214,MEM00625,1,4.01
M02214,MEM00625,1,4.92
M02214,MEM00625,1,3.48
M02214,MEM00625,1,5.0
M02214,MEM00625,1,3.56
M02214,MEM00637,1,4.71
M02214,MEM00637,1,3.98
M02214,MEM00637,1,3.51
M02214,MEM00637,1,3.9
M02214,MEM00637,1,4.53
M02214,MEM00637,1,4.2
M02214,MEM00637,1,4.87
M02214,EXT00110,0,5.0
M02214,EXT00110,0,3.49
M02214,EXT00110,0,3.45
M02214,EXT00110,0,3.42
M02214,EXT00110,0,3.66
M02214,EXT00110,0,4.86
M02214,EXT00110,0,4.54
M02214,EXT00055,0,3.87
M02214,EXT00055,0,4.19
M02214,EXT00055,0,5.0
M02214,EXT00055,0,5.0
M02214,EXT00055,0,4.36
M02214,EXT00055,0,2.6
M02214,EXT00055,0,4.38
M02215,MEM00135,1,4.76
M02215,MEM00135,1,4.33
M02215,MEM00135,1,4.64
M02215,MEM00135,1,4.41
M02215,MEM00135,1,3.46
M02215,MEM00135,1,3.67
M02215,MEM00135,1,4.01
M02215,MEM00562,1,4.84
M02215,MEM00562,1,3.74
M02215,MEM00562,1,4.47
M02215,MEM00562,1,4.38
M02215,MEM00562,1,5.0
M02215,MEM00562,1,4.17
M02215,MEM00562,1,3.15
M02216,MEM00501,1,4.59
M02216,MEM00501,1,5.0
M02216,MEM00501,1,4.63
M02216,MEM00501,1,3.73
M02216,MEM00501,1,3.55
M02216,MEM00501,1,3.63
M02216,MEM00501,1,5.0
M02216,MEM00756,1,4.0
M02216,MEM00756,1,3.8
M02216,MEM00756,1,4.1
M02216,MEM00756,1,4.01
M02216,MEM00756,1,5.0
M02216,MEM00756,1,3.59
M02216,MEM00756,1,4.91
M02216,MEM00623,1,4.27
M02216,MEM00623,1,4.92
M02216,MEM00623,1,5.0
M02216,MEM00623,1,4.25
M02216,MEM00623,1,4.01
M02216,MEM00623,1,4.24
M02216,MEM00623,1,4.14
M02216,EXT00281,0,3.21
M02216,EXT00281,0,5.0
M02216,EXT00281,0,4.35
M02216,EXT00281,0,3.5
M02216,EXT00281,0,2.96
M02216,EXT00281,0,2.8
M02216,EXT00281,0,4.66
M02217,MEM00142,1,3.83
M02217,MEM00142,1,3.93
M02217,MEM00142,1,4.49
M02217,MEM00142,1,3.89
M02217,MEM00142,1,4.53
M02217,MEM00142,1,4.26
M02217,MEM00142,1,4.15
M02217,MEM00210,1,3.26
M02217,MEM00210,1,3.71
M02217,MEM00210,1,4.56
M02217,MEM00210,1,3.79
M02217,MEM00210,1,4.92
M02217,MEM00210,1,5.0
M02217,MEM00210,1,4.59
M02218,MEM00180,1,5.0
M02218,MEM00180,1,4.63
M02218,MEM00180,1,3.88
M02218,MEM00180,1,4.32
M02218,MEM00180,1,5.0
M02218,MEM00180,1,3.89
M02218,MEM00180,1,3.58
M02218,MEM00668,1,3.52
M02218,MEM00668,1,4.07
M02218,MEM00668,1,3.6
M02218,MEM00668,1,5.0
M02218,MEM00668,1,4.33
M02218,MEM00668,1,4.78
M02218,MEM00668,1,4.02
M02219,MEM00565,1,3.52
M02219,MEM00565,1,3.41
M02219,MEM00565,1,3.66
M02219,MEM00565,1,4.41
M02219,MEM00565,1,4.51
M02219,MEM00565,1,4.56
M02219,MEM00565,1,3.31
M02219,MEM00072,1,4.2
M02219,MEM00072,1,3.58
M02219,MEM00072,1,4.44
M02219,MEM00072,1,4.49
M02219,MEM00072,1,3.5
M02219,MEM00072,1,4.78
M02219,MEM00072,1,5.0
M02219,MEM00314,1,4.7
M02219,MEM00314,1,4.1
M02219,MEM00314,1,4.01
M02219,MEM00314,1,4.07
M02219,MEM00314,1,3.74
M02219,MEM00314,1,4.35
M02219,MEM00314,1,3.52
M02219,EXT00365,0,3.07
M02219,EXT00365,0,4.33
M02219,EXT00365,0,4.21
M02219,EXT00365,0,3.86
M02219,EXT00365,0,3.43
M02219,EXT00365,0,4.37
M02219,EXT00365,0,3.61
M02220,MEM00089,1,4.12
M02220,MEM00089,1,5.0
M02220,MEM00089,1,4.59
M02220,MEM00089,1,3.38
M02220,MEM00089,1,3.44
M02220,MEM00089,1,4.29
M02220,MEM00089,1,3.37
M02220,MEM00505,1,3.0
M02220,MEM00505,1,4.52
M02220,MEM00505,1,4.39
M02220,MEM00505,1,4.47
M02220,MEM00505,1,4.36
M02220,MEM00505,1,4.16
M02220,MEM00505,1,3.8
M02221,MEM00763,1,0.0
M02221,MEM00763,1,0.0
M02221,MEM00763,1,0.0
M02221,MEM00763,1,0.0
M02221,MEM00763,1,0.0
M02221,MEM00763,1,0.0
M02221,MEM00763,1,0.0
M02221,EXT00095,0,0.0
M02221,EXT00095,0,0.0
M02221,EXT00095,0,0.0
M02221,EXT00095,0,0.0
M02221,EXT00095,0,0.0
M02221,EXT00095,0,0.0
M02221,EXT00095,0,0.0
M02221,EXT00129,0,0.0
M02221,EXT00129,0,0.0
M02221,EXT00129,0,0.0
M02221,EXT00129,0,0.0
M02221,EXT00129,0,0.0
M02221,EXT00129,0,0.0
M02221,EXT00129,0,0.0
M02223,MEM00055,1,4.51
M02223,MEM00055,1,5.0
M02223,MEM00055,1,3.9
M02223,MEM00055,1,3.59
M02223,MEM00055,1,3.52
M02223,MEM00055,1,3.68
M02223,MEM00055,1,4.32
M02223,MEM00314,1,2.92
M02223,MEM00314,1,4.46
M02223,MEM00314,1,4.59
M02223,MEM00314,1,3.12
M02223,MEM00314,1,3.61
M02223,MEM00314,1,4.25
M02223,MEM00314,1,4.11
M02224,MEM00117,1,4.51
M02224,MEM00117,1,4.12
M02224,MEM00117,1,4.96
M02224,MEM00117,1,4.01
M02224,MEM00117,1,3.61
M02224,MEM00117,1,3.56
M02224,MEM00117,1,4.64
M02224,MEM00390,1,4.22
M02224,MEM00390,1,4.58
M02224,MEM00390,1,4.57
M02224,MEM00390,1,2.99
M02224,MEM00390,1,3.52
M02224,MEM00390,1,3.59
M02224,MEM00390,1,3.71
M02225,MEM00271,1,3.95
M02225,MEM00271,1,4.8
M02225,MEM00271,1,4.92
M02225,MEM00271,1,4.02
M02225,MEM00271,1,4.05
M02225,MEM00271,1,3.78
M02225,MEM00271,1,4.25
M02225,MEM00313,1,4.32
M02225,MEM00313,1,4.68
M02225,MEM00313,1,4.68
M02225,MEM00313,1,2.82
M02225,MEM00313,1,4.11
M02225,MEM00313,1,5.0
M02225,MEM00313,1,3.94
M02225,MEM00615,1,4.88
M02225,MEM00615,1,4.02
M02225,MEM00615,1,4.3
M02225,MEM00615,1,3.52
M02225,MEM00615,1,3.54
M02225,MEM00615,1,4.64
M02225,MEM00615,1,4.73
M02225,EXT00321,0,4.22
M02225,EXT00321,0,3.46
M02225,EXT00321,0,4.23
M02225,EXT00321,0,4.95
M02225,EXT00321,0,5.0
M02225,EXT00321,0,4.01
M02225,EXT00321,0,3.2
M02226,MEM00285,1,4.7
M02226,MEM00285,1,4.03
M02226,MEM00285,1,4.77
M02226,MEM00285,1,4.37
M02226,MEM00285,1,3.67
M02226,MEM00285,1,4.23
M02226,MEM00285,1,4.99
M02226,MEM00142,1,4.11
M02226,MEM00142,1,3.58
M02226,MEM00142,1,3.25
M02226,MEM00142,1,3.74
M02226,MEM00142,1,3.95
M02226,MEM00142,1,4.69
M02226,MEM00142,1,3.53
M02227,MEM00287,1,0.0
M02227,MEM00287,1,0.0
M02227,MEM00287,1,0.0
M02227,MEM00287,1,0.0
M02227,MEM00287,1,0.0
M02227,MEM00287,1,0.0
M02227,MEM00287,1,0.0
M02228,MEM00632,1,5.0
M02228,MEM00632,1,3.4
M02228,MEM00632,1,5.0
M02228,MEM00632,1,5.0
M02228,MEM00632,1,4.28
M02228,MEM00632,1,3.21
M02228,MEM00632,1,4.17
M02228,MEM00139,1,3.97
M02228,MEM00139,1,3.44
M02228,MEM00139,1,4.37
M02228,MEM00139,1,3.71
M02228,MEM00139,1,3.77
M02228,MEM00139,1,4.08
M02228,MEM00139,1,3.86
M02229,MEM00170,1,5.0
M02229,MEM00170,1,3.88
M02229,MEM00170,1,4.46
M02229,MEM00170,1,4.29
M02229,MEM00170,1,4.41
M02229,MEM00170,1,4.46
M02229,MEM00170,1,4.73
M02229,MEM00571,1,4.36
M02229,MEM00571,1,4.33
M02229,MEM00571,1,4.24
M02229,MEM00571,1,4.12
M02229,MEM00571,1,3.65
M02229,MEM00571,1,4.16
M02229,MEM00571,1,4.34
M02230,MEM00285,1,0.0
M02230,MEM00285,1,0.0
M02230,MEM00285,1,0.0
M02230,MEM00285,1,0.0
M02230,MEM00285,1,0.0
M02230,MEM00285,1,0.0
M02230,MEM00285,1,0.0
M02230,MEM00107,1,0.0
M02230,MEM00107,1,0.0
M02230,MEM00107,1,0.0
M02230,MEM00107,1,0.0
M02230,MEM00107,1,0.0
M02230,MEM00107,1,0.0
M02230,MEM00107,1,0.0
M02231,EXT00249,0,0.0
M02231,EXT00249,0,0.0
M02231,EXT00249,0,0.0
M02231,EXT00249,0,0.0
M02231,EXT00249,0,0.0
M02231,EXT00249,0,0.0
M02231,EXT00249,0,0.0
M02232,MEM00115,1,0.0
M02232,MEM00115,1,0.0
M02232,MEM00115,1,0.0
M02232,MEM00115,1,0.0
M02232,MEM00115,1,0.0
M02232,MEM00115,1,0.0
M02232,MEM00115,1,0.0
M02236,MEM00786,1,0.0
M02236,MEM00786,1,0.0
M02236,MEM00786,1,0.0
M02236,MEM00786,1,0.0
M02236,MEM00786,1,0.0
M02236,MEM00786,1,0.0
M02236,MEM00786,1,0.0
M02237,MEM00304,1,4.44
M02237,MEM00304,1,4.31
M02237,MEM00304,1,4.06
M02237,MEM00304,1,4.17
M02237,MEM00304,1,3.87
M02237,MEM00304,1,4.39
M02237,MEM00304,1,4.07
M02237,MEM00623,1,4.31
M02237,MEM00623,1,4.8
M02237,MEM00623,1,3.77
M02237,MEM00623,1,4.56
M02237,MEM00623,1,4.22
M02237,MEM00623,1,5.0
M02237,MEM00623,1,4.07
M02238,MEM00459,1,0.0
M02238,MEM00459,1,0.0
M02238,MEM00459,1,0.0
M02238,MEM00459,1,0.0
M02238,MEM00459,1,0.0
M02238,MEM00459,1,0.0
M02238,MEM00459,1,0.0
M02238,MEM00735,1,0.0
M02238,MEM00735,1,0.0
M02238,MEM00735,1,0.0
M02238,MEM00735,1,0.0
M02238,MEM00735,1,0.0
M02238,MEM00735,1,0.0
M02238,MEM00735,1,0.0
M02240,MEM00160,1,0.0
M02240,MEM00160,1,0.0
M02240,MEM00160,1,0.0
M02240,MEM00160,1,0.0
M02240,MEM00160,1,0.0
M02240,MEM00160,1,0.0
M02240,MEM00160,1,0.0
M02240,MEM00429,1,0.0
M02240,MEM00429,1,0.0
M02240,MEM00429,1,0.0
M02240,MEM00429,1,0.0
M02240,MEM00429,1,0.0
M02240,MEM00429,1,0.0
M02240,MEM00429,1,0.0
M02242,MEM00294,1,4.62
M02242,MEM00294,1,4.21
M02242,MEM00294,1,3.37
M02242,MEM00294,1,3.89
M02242,MEM00294,1,4.73
M02242,MEM00294,1,3.94
M02242,MEM00294,1,2.87
M02242,MEM00670,1,4.18
M02242,MEM00670,1,3.54
M02242,MEM00670,1,4.28
M02242,MEM00670,1,5.0
M02242,MEM00670,1,4.66
M02242,MEM00670,1,5.0
M02242,MEM00670,1,3.86
M02242,EXT00257,0,4.11
M02242,EXT00257,0,3.57
M02242,EXT00257,0,3.79
M02242,EXT00257,0,3.64
M02242,EXT00257,0,3.42
M02242,EXT00257,0,5.0
M02242,EXT00257,0,2.94
M02242,EXT00259,0,5.0
M02242,EXT00259,0,4.95
M02242,EXT00259,0,4.5
M02242,EXT00259,0,3.53
M02242,EXT00259,0,3.25
M02242,EXT00259,0,3.87
M02242,EXT00259,0,4.58
M02243,MEM00690,1,0.0
M02243,MEM00690,1,0.0
M02243,MEM00690,1,0.0
M02243,MEM00690,1,0.0
M02243,MEM00690,1,0.0
M02243,MEM00690,1,0.0
M02243,MEM00690,1,0.0
M02244,MEM00714,1,0.0
M02244,MEM00714,1,0.0
M02244,MEM00714,1,0.0
M02244,MEM00714,1,0.0
M02244,MEM00714,1,0.0
M02244,MEM00714,1,0.0
M02244,MEM00714,1,0.0
M02245,MEM00424,1,4.2
M02245,MEM00424,1,3.57
M02245,MEM00424,1,4.89
M02245,MEM00424,1,5.0
M02245,MEM00424,1,4.06
M02245,MEM00424,1,4.27
M02245,MEM00424,1,3.29
M02245,MEM00595,1,3.95
M02245,MEM00595,1,4.51
M02245,MEM00595,1,4.41
M02245,MEM00595,1,3.9
M02245,MEM00595,1,4.04
M02245,MEM00595,1,3.93
M02245,MEM00595,1,4.03
M02245,MEM00739,1,4.45
M02245,MEM00739,1,3.02
M02245,MEM00739,1,4.16
M02245,MEM00739,1,4.41
M02245,MEM00739,1,3.86
M02245,MEM00739,1,3.91
M02245,MEM00739,1,3.93
M02245,MEM00093,1,3.91
M02245,MEM00093,1,4.2
M02245,MEM00093,1,4.28
M02245,MEM00093,1,2.94
M02245,MEM00093,1,4.59
M02245,MEM00093,1,4.03
M02245,MEM00093,1,5.0
M02246,MEM00479,1,3.49
M02246,MEM00479,1,3.68
M02246,MEM00479,1,4.08
M02246,MEM00479,1,4.45
M02246,MEM00479,1,3.03
M02246,MEM00479,1,3.7
M02246,MEM00479,1,4.55
M02246,MEM00156,1,3.63
M02246,MEM00156,1,5.0
M02246,MEM00156,1,3.93
M02246,MEM00156,1,3.66
M02246,MEM00156,1,4.57
M02246,MEM00156,1,5.0
M02246,MEM00156,1,4.45
M02246,EXT00293,0,4.96
M02246,EXT00293,0,5.0
M02246,EXT00293,0,3.65
M02246,EXT00293,0,4.76
M02246,EXT00293,0,3.29
M02246,EXT00293,0,4.45
M02246,EXT00293,0,4.16
M02246,EXT00320,0,4.95
M02246,EXT00320,0,4.9
M02246,EXT00320,0,4.54
M02246,EXT00320,0,4.38
M02246,EXT00320,0,4.51
M02246,EXT00320,0,4.24
M02246,EXT00320,0,4.16
M02247,MEM00372,1,5.0
M02247,MEM00372,1,5.0
M02247,MEM00372,1,4.12
M02247,MEM00372,1,4.34
M02247,MEM00372,1,4.25
M02247,MEM00372,1,3.23
M02247,MEM00372,1,4.0
M02247,MEM00084,1,5.0
M02247,MEM00084,1,3.75
M02247,MEM00084,1,5.0
M02247,MEM00084,1,4.9
M02247,MEM00084,1,4.44
M02247,MEM00084,1,4.54
M02247,MEM00084,1,3.65
M02247,MEM00160,1,4.04
M02247,MEM00160,1,5.0
M02247,MEM00160,1,3.83
M02247,MEM00160,1,4.84
M02247,MEM00160,1,3.37
M02247,MEM00160,1,3.48
M02247,MEM00160,1,5.0
M02247,EXT00129,0,4.19
M02247,EXT00129,0,3.88
M02247,EXT00129,0,5.0
M02247,EXT00129,0,4.95
M02247,EXT00129,0,4.75
M02247,EXT00129,0,3.86
M02247,EXT00129,0,4.03
M02248,MEM00480,1,4.39
M02248,MEM00480,1,4.62
M02248,MEM00480,1,3.89
M02248,MEM00480,1,4.3
M02248,MEM00480,1,4.36
M02248,MEM00480,1,4.97
M02248,MEM00480,1,4.65
M02248,MEM00018,1,3.3
M02248,MEM00018,1,4.07
M02248,MEM00018,1,3.64
M02248,MEM00018,1,4.54
M02248,MEM00018,1,4.75
M02248,MEM00018,1,4.26
M02248,MEM00018,1,4.04
M02248,MEM00313,1,4.24
M02248,MEM00313,1,4.33
M02248,MEM00313,1,3.82
M02248,MEM00313,1,3.47
M02248,MEM00313,1,2.97
M02248,MEM00313,1,4.96
M02248,MEM00313,1,4.5
M02248,MEM00426,1,4.42
M02248,MEM00426,1,4.96
M02248,MEM00426,1,3.45
M02248,MEM00426,1,3.16
M02248,MEM00426,1,4.43
M02248,MEM00426,1,4.38
M02248,MEM00426,1,3.16
M02249,MEM00524,1,0.0
M02249,MEM00524,1,0.0
M02249,MEM00524,1,0.0
M02249,MEM00524,1,0.0
M02249,MEM00524,1,0.0
M02249,MEM00524,1,0.0
M02249,MEM00524,1,0.0
M02250,MEM00663,1,0.0
M02250,MEM00663,1,0.0
M02250,MEM00663,1,0.0
M02250,MEM00663,1,0.0
M02250,MEM00663,1,0.0
M02250,MEM00663,1,0.0
M02250,MEM00663,1,0.0
M02252,MEM00678,1,4.42
M02252,MEM00678,1,3.96
M02252,MEM00678,1,3.72
M02252,MEM00678,1,4.0
M02252,MEM00678,1,2.74
M02252,MEM00678,1,3.85
M02252,MEM00678,1,3.78
M02252,MEM00186,1,4.53
M02252,MEM00186,1,4.11
M02252,MEM00186,1,4.58
M02252,MEM00186,1,2.67
M02252,MEM00186,1,3.7
M02252,MEM00186,1,4.53
M02252,MEM00186,1,4.01
M02252,MEM00144,1,4.71
M02252,MEM00144,1,3.12
M02252,MEM00144,1,4.64
M02252,MEM00144,1,3.82
M02252,MEM00144,1,3.76
M02252,MEM00144,1,4.79
M02252,MEM00144,1,4.9
M02252,MEM00114,1,4.82
M02252,MEM00114,1,5.0
M02252,MEM00114,1,4.96
M02252,MEM00114,1,3.72
M02252,MEM00114,1,4.28
M02252,MEM00114,1,3.98
M02252,MEM00114,1,5.0
M02253,MEM00774,1,0.0
M02253,MEM00774,1,0.0
M02253,MEM00774,1,0.0
M02253,MEM00774,1,0.0
M02253,MEM00774,1,0.0
M02253,MEM00774,1,0.0
M02253,MEM00774,1,0.0
M02254,MEM00670,1,0.0
M02254,MEM00670,1,0.0
M02254,MEM00670,1,0.0
M02254,MEM00670,1,0.0
M02254,MEM00670,1,0.0
M02254,MEM00670,1,0.0
M02254,MEM00670,1,0.0
M02256,MEM00783,1,4.86
M02256,MEM00783,1,4.09
M02256,MEM00783,1,4.73
M02256,MEM00783,1,3.46
M02256,MEM00783,1,4.35
M02256,MEM00783,1,3.64
M02256,MEM00783,1,3.19
M02256,MEM00394,1,4.67
M02256,MEM00394,1,4.75
M02256,MEM00394,1,4.47
M02256,MEM00394,1,4.09
M02256,MEM00394,1,3.44
M02256,MEM00394,1,3.5
M02256,MEM00394,1,3.62
M02257,EXT00042,0,0.0
M02257,EXT00042,0,0.0
M02257,EXT00042,0,0.0
M02257,EXT00042,0,0.0
M02257,EXT00042,0,0.0
M02257,EXT00042,0,0.0
M02257,EXT00042,0,0.0
M02258,MEM00235,1,0.0
M02258,MEM00235,1,0.0
M02258,MEM00235,1,0.0
M02258,MEM00235,1,0.0
M02258,MEM00235,1,0.0
M02258,MEM00235,1,0.0
M02258,MEM00235,1,0.0
M02259,EXT00132,0,4.06
M02259,EXT00132,0,4.85
M02259,EXT00132,0,4.84
M02259,EXT00132,0,3.21
M02259,EXT00132,0,3.78
M02259,EXT00132,0,3.77
M02259,EXT00132,0,2.68
M02259,EXT00253,0,4.54
M02259,EXT00253,0,4.05
M02259,EXT00253,0,4.13
M02259,EXT00253,0,5.0
M02259,EXT00253,0,4.25
M02259,EXT00253,0,3.94
M02259,EXT00253,0,4.54
M02260,MEM00754,1,0.0
M02260,MEM00754,1,0.0
M02260,MEM00754,1,0.0
M02260,MEM00754,1,0.0
M02260,MEM00754,1,0.0
M02260,MEM00754,1,0.0
M02260,MEM00754,1,0.0
M02261,MEM00068,1,0.0
M02261,MEM00068,1,0.0
M02261,MEM00068,1,0.0
M02261,MEM00068,1,0.0
M02261,MEM00068,1,0.0
M02261,MEM00068,1,0.0
M02261,MEM00068,1,0.0
M02262,MEM00210,1,4.84
M02262,MEM00210,1,4.38
M02262,MEM00210,1,4.61
M02262,MEM00210,1,4.11
M02262,MEM00210,1,4.15
M02262,MEM00210,1,4.27
M02262,MEM00210,1,3.75
M02262,MEM00469,1,3.86
M02262,MEM00469,1,5.0
M02262,MEM00469,1,5.0
M02262,MEM00469,1,5.0
M02262,MEM00469,1,3.41
M02262,MEM00469,1,3.35
M02262,MEM00469,1,3.49
M02262,MEM00283,1,4.28
M02262,MEM00283,1,2.51
M02262,MEM00283,1,3.85
M02262,MEM00283,1,5.0
M02262,MEM00283,1,4.79
M02262,MEM00283,1,3.89
M02262,MEM00283,1,3.94
M02262,MEM00510,1,4.54
M02262,MEM00510,1,4.76
M02262,MEM00510,1,3.88
M02262,MEM00510,1,4.06
M02262,MEM00510,1,3.86
M02262,MEM00510,1,3.4
M02262,MEM00510,1,4.07
M02263,MEM00670,1,4.02
M02263,MEM00670,1,3.44
M02263,MEM00670,1,4.59
M02263,MEM00670,1,4.49
M02263,MEM00670,1,4.62
M02263,MEM00670,1,3.74
M02263,MEM00670,1,3.01
M02263,EXT00080,0,4.48
M02263,EXT00080,0,3.8
M02263,EXT00080,0,3.67
M02263,EXT00080,0,3.45
M02263,EXT00080,0,4.03
M02263,EXT00080,0,5.0
M02263,EXT00080,0,3.9
M02265,MEM00655,1,0.0
M02265,MEM00655,1,0.0
M02265,MEM00655,1,0.0
M02265,MEM00655,1,0.0
M02265,MEM00655,1,0.0
M02265,MEM00655,1,0.0
M02265,MEM00655,1,0.0
M02267,MEM00437,1,0.0
M02267,MEM00437,1,0.0
M02267,MEM00437,1,0.0
M02267,MEM00437,1,0.0
M02267,MEM00437,1,0.0
M02267,MEM00437,1,0.0
M02267,MEM00437,1,0.0
M02268,MEM00575,1,3.55
M02268,MEM00575,1,4.59
M02268,MEM00575,1,4.3
M02268,MEM00575,1,2.93
M02268,MEM00575,1,4.6
M02268,MEM00575,1,5.0
M02268,MEM00575,1,2.64
M02268,MEM00611,1,3.46
M02268,MEM00611,1,2.49
M02268,MEM00611,1,4.15
M02268,MEM00611,1,4.79
M02268,MEM00611,1,4.26
M02268,MEM00611,1,5.0
M02268,MEM00611,1,4.7
M02272,MEM00180,1,5.0
M02272,MEM00180,1,4.9
M02272,MEM00180,1,3.96
M02272,MEM00180,1,4.24
M02272,MEM00180,1,3.68
M02272,MEM00180,1,4.06
M02272,MEM00180,1,4.24
M02272,EXT00168,0,4.15
M02272,EXT00168,0,5.0
M02272,EXT00168,0,4.0
M02272,EXT00168,0,3.64
M02272,EXT00168,0,3.68
M02272,EXT00168,0,4.59
M02272,EXT00168,0,3.36
M02272,EXT00348,0,4.08
M02272,EXT00348,0,5.0
M02272,EXT00348,0,4.38
M02272,EXT00348,0,4.16
M02272,EXT00348,0,4.18
M02272,EXT00348,0,3.58
M02272,EXT00348,0,3.69
M02272,EXT00225,0,4.08
M02272,EXT00225,0,4.36
M02272,EXT00225,0,4.77
M02272,EXT00225,0,4.26
M02272,EXT00225,0,5.0
M02272,EXT00225,0,5.0
M02272,EXT00225,0,4.68
M02273,MEM00362,1,0.0
M02273,MEM00362,1,0.0
M02273,MEM00362,1,0.0
M02273,MEM00362,1,0.0
M02273,MEM00362,1,0.0
M02273,MEM00362,1,0.0
M02273,MEM00362,1,0.0
M02273,MEM00770,1,0.0
M02273,MEM00770,1,0.0
M02273,MEM00770,1,0.0
M02273,MEM00770,1,0.0
M02273,MEM00770,1,0.0
M02273,MEM00770,1,0.0
M02273,MEM00770,1,0.0
M02273,EXT00060,0,0.0
M02273,EXT00060,0,0.0
M02273,EXT00060,0,0.0
M02273,EXT00060,0,0.0
M02273,EXT00060,0,0.0
M02273,EXT00060,0,0.0
M02273,EXT00060,0,0.0
M02274,MEM00304,1,0.0
M02274,MEM00304,1,0.0
M02274,MEM00304,1,0.0
M02274,MEM00304,1,0.0
M02274,MEM00304,1,0.0
M02274,MEM00304,1,0.0
M02274,MEM00304,1,0.0
M02274,MEM00763,1,0.0
M02274,MEM00763,1,0.0
M02274,MEM00763,1,0.0
M02274,MEM00763,1,0.0
M02274,MEM00763,1,0.0
M02274,MEM00763,1,0.0
M02274,MEM00763,1,0.0
M02275,MEM00706,1,4.93
M02275,MEM00706,1,3.61
M02275,MEM00706,1,3.51
M02275,MEM00706,1,4.51
M02275,MEM00706,1,3.4
M02275,MEM00706,1,4.03
M02275,MEM00706,1,4.66
M02275,MEM00271,1,5.0
M02275,MEM00271,1,4.05
M02275,MEM00271,1,3.81
M02275,MEM00271,1,4.39
M02275,MEM00271,1,3.56
M02275,MEM00271,1,4.1
M02275,MEM00271,1,4.2
M02275,MEM00249,1,4.18
M02275,MEM00249,1,4.25
M02275,MEM00249,1,3.7
M02275,MEM00249,1,3.76
M02275,MEM00249,1,3.75
M02275,MEM00249,1,3.23
M02275,MEM00249,1,4.41
M02275,MEM00692,1,4.74
M02275,MEM00692,1,4.68
M02275,MEM00692,1,4.04
M02275,MEM00692,1,3.71
M02275,MEM00692,1,4.65
M02275,MEM00692,1,4.58
M02275,MEM00692,1,4.33
M02276,MEM00083,1,0.0
M02276,MEM00083,1,0.0
M02276,MEM00083,1,0.0
M02276,MEM00083,1,0.0
M02276,MEM00083,1,0.0
M02276,MEM00083,1,0.0
M02276,MEM00083,1,0.0
M02277,MEM00238,1,0.0
M02277,MEM00238,1,0.0
M02277,MEM00238,1,0.0
M02277,MEM00238,1,0.0
M02277,MEM00238,1,0.0
M02277,MEM00238,1,0.0
M02277,MEM00238,1,0.0
M02277,MEM00584,1,0.0
M02277,MEM00584,1,0.0
M02277,MEM00584,1,0.0
M02277,MEM00584,1,0.0
M02277,MEM00584,1,0.0
M02277,MEM00584,1,0.0
M02277,MEM00584,1,0.0
M02278,MEM00379,1,5.0
M02278,MEM00379,1,4.18
M02278,MEM00379,1,4.05
M02278,MEM00379,1,3.96
M02278,MEM00379,1,3.26
M02278,MEM00379,1,4.6
M02278,MEM00379,1,4.14
M02278,MEM00352,1,4.51
M02278,MEM00352,1,5.0
M02278,MEM00352,1,3.97
M02278,MEM00352,1,2.8
M02278,MEM00352,1,4.49
M02278,MEM00352,1,4.3
M02278,MEM00352,1,3.76
M02278,MEM00620,1,4.44
M02278,MEM00620,1,4.67
M02278,MEM00620,1,3.63
M02278,MEM00620,1,4.02
M02278,MEM00620,1,5.0
M02278,MEM00620,1,3.77
M02278,MEM00620,1,4.24
M02278,MEM00623,1,2.63
M02278,MEM00623,1,3.31
M02278,MEM00623,1,4.29
M02278,MEM00623,1,4.94
M02278,MEM00623,1,3.38
M02278,MEM00623,1,4.24
M02278,MEM00623,1,3.97
M02279,MEM00297,1,0.0
M02279,MEM00297,1,0.0
M02279,MEM00297,1,0.0
M02279,MEM00297,1,0.0
M02279,MEM00297,1,0.0
M02279,MEM00297,1,0.0
M02279,MEM00297,1,0.0
M02279,MEM00352,1,0.0
M02279,MEM00352,1,0.0
M02279,MEM00352,1,0.0
M02279,MEM00352,1,0.0
M02279,MEM00352,1,0.0
M02279,MEM00352,1,0.0
M02279,MEM00352,1,0.0
M02279,EXT00145,0,0.0
M02279,EXT00145,0,0.0
M02279,EXT00145,0,0.0
M02279,EXT00145,0,0.0
M02279,EXT00145,0,0.0
M02279,EXT00145,0,0.0
M02279,EXT00145,0,0.0
M02280,MEM00285,1,0.0
M02280,MEM00285,1,0.0
M02280,MEM00285,1,0.0
M02280,MEM00285,1,0.0
M02280,MEM00285,1,0.0
M02280,MEM00285,1,0.0
M02280,MEM00285,1,0.0
M02281,MEM00282,1,4.77
M02281,MEM00282,1,3.47
M02281,MEM00282,1,4.46
M02281,MEM00282,1,3.81
M02281,MEM00282,1,4.33
M02281,MEM00282,1,4.24
M02281,MEM00282,1,4.05
M02281,MEM00536,1,4.49
M02281,MEM00536,1,4.23
M02281,MEM00536,1,4.12
M02281,MEM00536,1,3.99
M02281,MEM00536,1,4.25
M02281,MEM00536,1,4.33
M02281,MEM00536,1,3.61
M02281,MEM00643,1,3.99
M02281,MEM00643,1,3.57
M02281,MEM00643,1,4.18
M02281,MEM00643,1,3.84
M02281,MEM00643,1,4.66
M02281,MEM00643,1,4.6
M02281,MEM00643,1,3.65
M02281,MEM00415,1,4.2
M02281,MEM00415,1,4.58
M02281,MEM00415,1,4.09
M02281,MEM00415,1,3.76
M02281,MEM00415,1,3.54
M02281,MEM00415,1,4.71
M02281,MEM00415,1,4.74
M02282,MEM00210,1,0.0
M02282,MEM00210,1,0.0
M02282,MEM00210,1,0.0
M02282,MEM00210,1,0.0
M02282,MEM00210,1,0.0
M02282,MEM00210,1,0.0
M02282,MEM00210,1,0.0
M02283,MEM00213,1,0.0
M02283,MEM00213,1,0.0
M02283,MEM00213,1,0.0
M02283,MEM00213,1,0.0
M02283,MEM00213,1,0.0
M02283,MEM00213,1,0.0
M02283,MEM00213,1,0.0
M02285,MEM00756,1,0.0
M02285,MEM00756,1,0.0
M02285,MEM00756,1,0.0
M02285,MEM00756,1,0.0
M02285,MEM00756,1,0.0
M02285,MEM00756,1,0.0
M02285,MEM00756,1,0.0
M02286,MEM00456,1,4.08
M02286,MEM00456,1,4.66
M02286,MEM00456,1,2.42
M02286,MEM00456,1,5.0
M02286,MEM00456,1,4.11
M02286,MEM00456,1,4.29
M02286,MEM00456,1,4.01
M02286,MEM00584,1,5.0
M02286,MEM00584,1,3.56
M02286,MEM00584,1,5.0
M02286,MEM00584,1,4.44
M02286,MEM00584,1,4.57
M02286,MEM00584,1,4.0
M02286,MEM00584,1,3.42
M02286,EXT00015,0,4.76
M02286,EXT00015,0,4.39
M02286,EXT00015,0,5.0
M02286,EXT00015,0,4.08
M02286,EXT00015,0,3.95
M02286,EXT00015,0,5.0
M02286,EXT00015,0,5.0
M02286,EXT00258,0,4.21
M02286,EXT00258,0,3.75
M02286,EXT00258,0,4.69
M02286,EXT00258,0,4.05
M02286,EXT00258,0,4.56
M02286,EXT00258,0,4.04
M02286,EXT00258,0,5.0
M02287,MEM00424,1,3.78
M02287,MEM00424,1,4.49
M02287,MEM00424,1,3.91
M02287,MEM00424,1,4.03
M02287,MEM00424,1,3.95
M02287,MEM00424,1,4.64
M02287,MEM00424,1,4.75
M02287,MEM00479,1,4.53
M02287,MEM00479,1,4.14
M02287,MEM00479,1,4.28
M02287,MEM00479,1,4.74
M02287,MEM00479,1,4.76
M02287,MEM00479,1,2.59
M02287,MEM00479,1,4.04
M02287,MEM00399,1,4.07
M02287,MEM00399,1,4.6
M02287,MEM00399,1,4.16
M02287,MEM00399,1,4.63
M02287,MEM00399,1,3.55
M02287,MEM00399,1,4.36
M02287,MEM00399,1,4.74
M02287,EXT00138,0,3.32
M02287,EXT00138,0,5.0
M02287,EXT00138,0,4.91
M02287,EXT00138,0,4.2
M02287,EXT00138,0,3.7
M02287,EXT00138,0,4.09
M02287,EXT00138,0,4.25
M02288,MEM00081,1,0.0
M02288,MEM00081,1,0.0
M02288,MEM00081,1,0.0
M02288,MEM00081,1,0.0
M02288,MEM00081,1,0.0
M02288,MEM00081,1,0.0
M02288,MEM00081,1,0.0
M02288,MEM00175,1,0.0
M02288,MEM00175,1,0.0
M02288,MEM00175,1,0.0
M02288,MEM00175,1,0.0
M02288,MEM00175,1,0.0
M02288,MEM00175,1,0.0
M02288,MEM00175,1,0.0
M02288,EXT00371,0,0.0
M02288,EXT00371,0,0.0
M02288,EXT00371,0,0.0
M02288,EXT00371,0,0.0
M02288,EXT00371,0,0.0
M02288,EXT00371,0,0.0
M02288,EXT00371,0,0.0
M02289,EXT00160,0,0.0
M02289,EXT00160,0,0.0
M02289,EXT00160,0,0.0
M02289,EXT00160,0,0.0
M02289,EXT00160,0,0.0
M02289,EXT00160,0,0.0
M02289,EXT00160,0,0.0
M02291,MEM00040,1,4.46
M02291,MEM00040,1,5.0
M02291,MEM00040,1,3.91
M02291,MEM00040,1,4.54
M02291,MEM00040,1,3.42
M02291,MEM00040,1,3.95
M02291,MEM00040,1,4.43
M02291,MEM00056,1,4.61
M02291,MEM00056,1,3.75
M02291,MEM00056,1,3.94
M02291,MEM00056,1,5.0
M02291,MEM00056,1,4.9
M02291,MEM00056,1,4.33
M02291,MEM00056,1,2.86
M02291,MEM00373,1,5.0
M02291,MEM00373,1,4.19
M02291,MEM00373,1,4.01
M02291,MEM00373,1,3.89
M02291,MEM00373,1,4.43
M02291,MEM00373,1,4.43
M02291,MEM00373,1,4.77
M02291,EXT00291,0,3.64
M02291,EXT00291,0,4.01
M02291,EXT00291,0,5.0
M02291,EXT00291,0,4.33
M02291,EXT00291,0,4.1
M02291,EXT00291,0,3.64
M02291,EXT00291,0,4.5
M02292,MEM00421,1,0.0
M02292,MEM00421,1,0.0
M02292,MEM00421,1,0.0
M02292,MEM00421,1,0.0
M02292,MEM00421,1,0.0
M02292,MEM00421,1,0.0
M02292,MEM00421,1,0.0
M02293,EXT00207,0,4.82
M02293,EXT00207,0,4.72
M02293,EXT00207,0,4.04
M02293,EXT00207,0,4.42
M02293,EXT00207,0,5.0
M02293,EXT00207,0,4.84
M02293,EXT00207,0,3.73
M02293,EXT00091,0,2.67
M02293,EXT00091,0,4.38
M02293,EXT00091,0,4.68
M02293,EXT00091,0,3.55
M02293,EXT00091,0,4.19
M02293,EXT00091,0,4.04
M02293,EXT00091,0,4.26
M02294,MEM00601,1,3.87
M02294,MEM00601,1,4.97
M02294,MEM00601,1,4.29
M02294,MEM00601,1,3.67
M02294,MEM00601,1,4.75
M02294,MEM00601,1,3.44
M02294,MEM00601,1,4.97
M02294,MEM00157,1,4.79
M02294,MEM00157,1,5.0
M02294,MEM00157,1,4.11
M02294,MEM00157,1,3.9
M02294,MEM00157,1,4.25
M02294,MEM00157,1,4.15
M02294,MEM00157,1,3.81
M02295,EXT00076,0,0.0
M02295,EXT00076,0,0.0
M02295,EXT00076,0,0.0
M02295,EXT00076,0,0.0
M02295,EXT00076,0,0.0
M02295,EXT00076,0,0.0
M02295,EXT00076,0,0.0
M02296,MEM00369,1,0.0
M02296,MEM00369,1,0.0
M02296,MEM00369,1,0.0
M02296,MEM00369,1,0.0
M02296,MEM00369,1,0.0
M02296,MEM00369,1,0.0
M02296,MEM00369,1,0.0
M02296,MEM00221,1,0.0
M02296,MEM00221,1,0.0
M02296,MEM00221,1,0.0
M02296,MEM00221,1,0.0
M02296,MEM00221,1,0.0
M02296,MEM00221,1,0.0
M02296,MEM00221,1,0.0
M02297,MEM00210,1,0.0
M02297,MEM00210,1,0.0
M02297,MEM00210,1,0.0
M02297,MEM00210,1,0.0
M02297,MEM00210,1,0.0
M02297,MEM00210,1,0.0
M02297,MEM00210,1,0.0
M02297,MEM00502,1,0.0
M02297,MEM00502,1,0.0
M02297,MEM00502,1,0.0
M02297,MEM00502,1,0.0
M02297,MEM00502,1,0.0
M02297,MEM00502,1,0.0
M02297,MEM00502,1,0.0
M02297,EXT00259,0,0.0
M02297,EXT00259,0,0.0
M02297,EXT00259,0,0.0
M02297,EXT00259,0,0.0
M02297,EXT00259,0,0.0
M02297,EXT00259,0,0.0
M02297,EXT00259,0,0.0
M02298,MEM00655,1,3.87
M02298,MEM00655,1,3.98
M02298,MEM00655,1,3.5
M02298,MEM00655,1,4.61
M02298,MEM00655,1,4.17
M02298,MEM00655,1,4.01
M02298,MEM00655,1,3.53
M02298,MEM00324,1,3.5
M02298,MEM00324,1,5.0
M02298,MEM00324,1,3.82
M02298,MEM00324,1,4.57
M02298,MEM00324,1,4.3
M02298,MEM00324,1,2.53
M02298,MEM00324,1,5.0
M02299,MEM00073,1,0.0
M02299,MEM00073,1,0.0
M02299,MEM00073,1,0.0
M02299,MEM00073,1,0.0
M02299,MEM00073,1,0.0
M02299,MEM00073,1,0.0
M02299,MEM00073,1,0.0
M02300,MEM00781,1,4.61
M02300,MEM00781,1,3.74
M02300,MEM00781,1,4.18
M02300,MEM00781,1,3.51
M02300,MEM00781,1,5.0
M02300,MEM00781,1,3.66
M02300,MEM00781,1,3.89
M02300,MEM00211,1,3.76
M02300,MEM00211,1,4.25
M02300,MEM00211,1,5.0
M02300,MEM00211,1,5.0
M02300,MEM00211,1,3.96
M02300,MEM00211,1,4.43
M02300,MEM00211,1,4.25
M02300,MEM00475,1,3.61
M02300,MEM00475,1,5.0
M02300,MEM00475,1,5.0
M02300,MEM00475,1,4.31
M02300,MEM00475,1,5.0
M02300,MEM00475,1,4.93
M02300,MEM00475,1,4.25
M02300,EXT00287,0,4.4
M02300,EXT00287,0,5.0
M02300,EXT00287,0,3.63
M02300,EXT00287,0,5.0
M02300,EXT00287,0,4.06
M02300,EXT00287,0,5.0
M02300,EXT00287,0,4.2
M02302,MEM00410,1,4.4
M02302,MEM00410,1,4.18
M02302,MEM00410,1,3.88
M02302,MEM00410,1,4.04
M02302,MEM00410,1,5.0
M02302,MEM00410,1,2.81
M02302,MEM00410,1,3.46
M02302,MEM00005,1,3.76
M02302,MEM00005,1,3.55
M02302,MEM00005,1,5.0
M02302,MEM00005,1,4.95
M02302,MEM00005,1,4.56
M02302,MEM00005,1,3.82
M02302,MEM00005,1,5.0
M02303,MEM00040,1,0.0
M02303,MEM00040,1,0.0
M02303,MEM00040,1,0.0
M02303,MEM00040,1,0.0
M02303,MEM00040,1,0.0
M02303,MEM00040,1,0.0
M02303,MEM00040,1,0.0
M02304,MEM00446,1,3.25
M02304,MEM00446,1,5.0
M02304,MEM00446,1,3.79
M02304,MEM00446,1,4.04
M02304,MEM00446,1,3.94
M02304,MEM00446,1,3.56
M02304,MEM00446,1,5.0
M02304,MEM00740,1,4.67
M02304,MEM00740,1,4.93
M02304,MEM00740,1,3.47
M02304,MEM00740,1,4.31
M02304,MEM00740,1,4.51
M02304,MEM00740,1,4.36
M02304,MEM00740,1,3.5
M02305,MEM00770,1,0.0
M02305,MEM00770,1,0.0
M02305,MEM00770,1,0.0
M02305,MEM00770,1,0.0
M02305,MEM00770,1,0.0
M02305,MEM00770,1,0.0
M02305,MEM00770,1,0.0
M02306,MEM00761,1,0.0
M02306,MEM00761,1,0.0
M02306,MEM00761,1,0.0
M02306,MEM00761,1,0.0
M02306,MEM00761,1,0.0
M02306,MEM00761,1,0.0
M02306,MEM00761,1,0.0
M02306,MEM00422,1,0.0
M02306,MEM00422,1,0.0
M02306,MEM00422,1,0.0
M02306,MEM00422,1,0.0
M02306,MEM00422,1,0.0
M02306,MEM00422,1,0.0
M02306,MEM00422,1,0.0
M02306,MEM00365,1,0.0
M02306,MEM00365,1,0.0
M02306,MEM00365,1,0.0
M02306,MEM00365,1,0.0
M02306,MEM00365,1,0.0
M02306,MEM00365,1,0.0
M02306,MEM00365,1,0.0
M02307,MEM00210,1,4.85
M02307,MEM00210,1,4.27
M02307,MEM00210,1,3.63
M02307,MEM00210,1,3.09
M02307,MEM00210,1,4.56
M02307,MEM00210,1,5.0
M02307,MEM00210,1,3.59
M02307,MEM00539,1,4.3
M02307,MEM00539,1,4.87
M02307,MEM00539,1,3.44
M02307,MEM00539,1,3.91
M02307,MEM00539,1,3.68
M02307,MEM00539,1,4.79
M02307,MEM00539,1,5.0
M02307,MEM00068,1,4.3
M02307,MEM00068,1,3.69
M02307,MEM00068,1,3.93
M02307,MEM00068,1,3.82
M02307,MEM00068,1,3.61
M02307,MEM00068,1,4.14
M02307,MEM00068,1,4.54
M02307,MEM00373,1,4.49
M02307,MEM00373,1,4.2
M02307,MEM00373,1,4.23
M02307,MEM00373,1,4.15
M02307,MEM00373,1,3.42
M02307,MEM00373,1,4.3
M02307,MEM00373,1,3.85
M02308,MEM00375,1,3.39
M02308,MEM00375,1,4.42
M02308,MEM00375,1,3.83
M02308,MEM00375,1,4.34
M02308,MEM00375,1,4.71
M02308,MEM00375,1,3.63
M02308,MEM00375,1,4.26
M02308,MEM00461,1,3.11
M02308,MEM00461,1,5.0
M02308,MEM00461,1,3.38
M02308,MEM00461,1,3.89
M02308,MEM00461,1,5.0
M02308,MEM00461,1,4.06
M02308,MEM00461,1,3.48
M02308,MEM00363,1,4.63
M02308,MEM00363,1,4.61
M02308,MEM00363,1,3.82
M02308,MEM00363,1,3.89
M02308,MEM00363,1,3.94
M02308,MEM00363,1,4.08
M02308,MEM00363,1,3.06
M02308,EXT00136,0,4.09
M02308,EXT00136,0,5.0
M02308,EXT00136,0,3.66
M02308,EXT00136,0,3.85
M02308,EXT00136,0,3.49
M02308,EXT00136,0,4.57
M02308,EXT00136,0,4.92
M02309,MEM00655,1,4.91
M02309,MEM00655,1,3.45
M02309,MEM00655,1,4.5
M02309,MEM00655,1,5.0
M02309,MEM00655,1,4.51
M02309,MEM00655,1,4.49
M02309,MEM00655,1,3.92
M02309,MEM00152,1,4.33
M02309,MEM00152,1,4.94
M02309,MEM00152,1,4.4
M02309,MEM00152,1,3.45
M02309,MEM00152,1,3.93
M02309,MEM00152,1,4.93
M02309,MEM00152,1,4.39
M02309,MEM00524,1,4.27
M02309,MEM00524,1,3.87
M02309,MEM00524,1,4.91
M02309,MEM00524,1,5.0
M02309,MEM00524,1,4.96
M02309,MEM00524,1,5.0
M02309,MEM00524,1,3.98
M02309,MEM00395,1,3.9
M02309,MEM00395,1,4.11
M02309,MEM00395,1,4.22
M02309,MEM00395,1,5.0
M02309,MEM00395,1,4.9
M02309,MEM00395,1,4.52
M02309,MEM00395,1,3.34
M02310,MEM00257,1,3.19
M02310,MEM00257,1,4.34
M02310,MEM00257,1,4.73
M02310,MEM00257,1,4.15
M02310,MEM00257,1,5.0
M02310,MEM00257,1,3.55
M02310,MEM00257,1,3.47
M02310,MEM00756,1,3.8
M02310,MEM00756,1,3.78
M02310,MEM00756,1,4.52
M02310,MEM00756,1,3.95
M02310,MEM00756,1,3.27
M02310,MEM00756,1,4.73
M02310,MEM00756,1,3.14
M02311,MEM00596,1,3.56
M02311,MEM00596,1,3.23
M02311,MEM00596,1,4.32
M02311,MEM00596,1,4.31
M02311,MEM00596,1,5.0
M02311,MEM00596,1,4.75
M02311,MEM00596,1,5.0
M02311,MEM00180,1,4.37
M02311,MEM00180,1,3.61
M02311,MEM00180,1,4.28
M02311,MEM00180,1,4.56
M02311,MEM00180,1,4.62
M02311,MEM00180,1,3.92
M02311,MEM00180,1,4.49
M02311,MEM00736,1,3.64
M02311,MEM00736,1,3.57
M02311,MEM00736,1,3.53
M02311,MEM00736,1,4.21
M02311,MEM00736,1,3.49
M02311,MEM00736,1,3.95
M02311,MEM00736,1,4.74
M02311,MEM00041,1,3.58
M02311,MEM00041,1,3.9
M02311,MEM00041,1,4.24
M02311,MEM00041,1,4.35
M02311,MEM00041,1,3.9
M02311,MEM00041,1,4.67
M02311,MEM00041,1,4.55
M02312,MEM00655,1,0.0
M02312,MEM00655,1,0.0
M02312,MEM00655,1,0.0
M02312,MEM00655,1,0.0
M02312,MEM00655,1,0.0
M02312,MEM00655,1,0.0
M02312,MEM00655,1,0.0
M02312,MEM00770,1,0.0
M02312,MEM00770,1,0.0
M02312,MEM00770,1,0.0
M02312,MEM00770,1,0.0
M02312,MEM00770,1,0.0
M02312,MEM00770,1,0.0
M02312,MEM00770,1,0.0
M02312,EXT00358,0,0.0
M02312,EXT00358,0,0.0
M02312,EXT00358,0,0.0
M02312,EXT00358,0,0.0
M02312,EXT00358,0,0.0
M02312,EXT00358,0,0.0
M02312,EXT00358,0,0.0
M02313,MEM00477,1,4.88
M02313,MEM00477,1,4.15
M02313,MEM00477,1,3.89
M02313,MEM00477,1,3.79
M02313,MEM00477,1,4.38
M02313,MEM00477,1,3.97
M02313,MEM00477,1,3.86
M02313,MEM00419,1,3.93
M02313,MEM00419,1,3.79
M02313,MEM00419,1,4.32
M02313,MEM00419,1,3.35
M02313,MEM00419,1,4.38
M02313,MEM00419,1,4.61
M02313,MEM00419,1,3.85
M02315,MEM00210,1,0.0
M02315,MEM00210,1,0.0
M02315,MEM00210,1,0.0
M02315,MEM00210,1,0.0
M02315,MEM00210,1,0.0
M02315,MEM00210,1,0.0
M02315,MEM00210,1,0.0
M02315,MEM00030,1,0.0
M02315,MEM00030,1,0.0
M02315,MEM00030,1,0.0
M02315,MEM00030,1,0.0
M02315,MEM00030,1,0.0
M02315,MEM00030,1,0.0
M02315,MEM00030,1,0.0
M02316,MEM00490,1,5.0
M02316,MEM00490,1,4.21
M02316,MEM00490,1,3.26
M02316,MEM00490,1,4.03
M02316,MEM00490,1,4.24
M02316,MEM00490,1,4.47
M02316,MEM00490,1,4.05
M02316,MEM00367,1,3.59
M02316,MEM00367,1,3.54
M02316,MEM00367,1,3.81
M02316,MEM00367,1,3.87
M02316,MEM00367,1,3.52
M02316,MEM00367,1,3.76
M02316,MEM00367,1,4.6
M02317,MEM00599,1,5.0
M02317,MEM00599,1,4.65
M02317,MEM00599,1,4.98
M02317,MEM00599,1,4.78
M02317,MEM00599,1,4.7
M02317,MEM00599,1,4.0
M02317,MEM00599,1,4.28
M02317,MEM00435,1,3.95
M02317,MEM00435,1,4.07
M02317,MEM00435,1,4.24
M02317,MEM00435,1,4.63
M02317,MEM00435,1,4.45
M02317,MEM00435,1,4.1
M02317,MEM00435,1,4.23
M02318,MEM00437,1,4.46
M02318,MEM00437,1,4.6
M02318,MEM00437,1,3.29
M02318,MEM00437,1,3.55
M02318,MEM00437,1,4.86
M02318,MEM00437,1,4.16
M02318,MEM00437,1,3.95
M02318,MEM00214,1,4.04
M02318,MEM00214,1,4.04
M02318,MEM00214,1,4.53
M02318,MEM00214,1,3.54
M02318,MEM00214,1,4.21
M02318,MEM00214,1,4.35
M02318,MEM00214,1,4.44
M02321,MEM00087,1,0.0
M02321,MEM00087,1,0.0
M02321,MEM00087,1,0.0
M02321,MEM00087,1,0.0
M02321,MEM00087,1,0.0
M02321,MEM00087,1,0.0
M02321,MEM00087,1,0.0
M02322,MEM00324,1,0.0
M02322,MEM00324,1,0.0
M02322,MEM00324,1,0.0
M02322,MEM00324,1,0.0
M02322,MEM00324,1,0.0
M02322,MEM00324,1,0.0
M02322,MEM00324,1,0.0
M02323,MEM00560,1,4.33
M02323,MEM00560,1,4.51
M02323,MEM00560,1,3.86
M02323,MEM00560,1,3.63
M02323,MEM00560,1,5.0
M02323,MEM00560,1,4.02
M02323,MEM00560,1,4.09
M02323,MEM00213,1,4.61
M02323,MEM00213,1,5.0
M02323,MEM00213,1,3.87
M02323,MEM00213,1,3.6
M02323,MEM00213,1,3.45
M02323,MEM00213,1,5.0
M02323,MEM00213,1,3.58
M02323,MEM00604,1,4.18
M02323,MEM00604,1,3.61
M02323,MEM00604,1,3.33
M02323,MEM00604,1,4.02
M02323,MEM00604,1,3.64
M02323,MEM00604,1,3.79
M02323,MEM00604,1,5.0
M02323,MEM00791,1,4.45
M02323,MEM00791,1,4.76
M02323,MEM00791,1,4.69
M02323,MEM00791,1,4.14
M02323,MEM00791,1,3.94
M02323,MEM00791,1,4.35
M02323,MEM00791,1,4.3
M02324,MEM00253,1,3.86
M02324,MEM00253,1,4.28
M02324,MEM00253,1,3.78
M02324,MEM00253,1,4.1
M02324,MEM00253,1,4.0
M02324,MEM00253,1,3.44
M02324,MEM00253,1,2.79
M02324,MEM00680,1,3.64
M02324,MEM00680,1,5.0
M02324,MEM00680,1,4.01
M02324,MEM00680,1,4.67
M02324,MEM00680,1,2.93
M02324,MEM00680,1,3.6
M02324,MEM00680,1,3.39
M02324,MEM00393,1,4.08
M02324,MEM00393,1,5.0
M02324,MEM00393,1,4.48
M02324,MEM00393,1,5.0
M02324,MEM00393,1,4.05
M02324,MEM00393,1,5.0
M02324,MEM00393,1,5.0
M02324,MEM00351,1,4.13
M02324,MEM00351,1,3.88
M02324,MEM00351,1,3.41
M02324,MEM00351,1,4.01
M02324,MEM00351,1,4.25
M02324,MEM00351,1,5.0
M02324,MEM00351,1,3.42
M02325,MEM00707,1,4.24
M02325,MEM00707,1,3.11
M02325,MEM00707,1,3.94
M02325,MEM00707,1,4.39
M02325,MEM00707,1,4.51
M02325,MEM00707,1,4.55
M02325,MEM00707,1,4.44
M02325,MEM00180,1,4.55
M02325,MEM00180,1,4.23
M02325,MEM00180,1,3.57
M02325,MEM00180,1,3.09
M02325,MEM00180,1,3.87
M02325,MEM00180,1,4.12
M02325,MEM00180,1,4.95
M02325,MEM00550,1,4.14
M02325,MEM00550,1,4.08
M02325,MEM00550,1,4.43
M02325,MEM00550,1,4.04
M02325,MEM00550,1,4.69
M02325,MEM00550,1,5.0
M02325,MEM00550,1,5.0
M02325,MEM00696,1,4.26
M02325,MEM00696,1,4.4
M02325,MEM00696,1,5.0
M02325,MEM00696,1,4.11
M02325,MEM00696,1,4.61
M02325,MEM00696,1,3.52
M02325,MEM00696,1,4.01
M02326,MEM00710,1,4.89
M02326,MEM00710,1,3.77
M02326,MEM00710,1,4.12
M02326,MEM00710,1,3.26
M02326,MEM00710,1,5.0
M02326,MEM00710,1,4.96
M02326,MEM00710,1,4.31
M02326,MEM00065,1,4.5
M02326,MEM00065,1,4.44
M02326,MEM00065,1,5.0
M02326,MEM00065,1,3.89
M02326,MEM00065,1,4.64
M02326,MEM00065,1,4.85
M02326,MEM00065,1,4.93
M02326,EXT00116,0,2.84
M02326,EXT00116,0,3.84
M02326,EXT00116,0,3.59
M02326,EXT00116,0,4.29
M02326,EXT00116,0,2.99
M02326,EXT00116,0,2.97
M02326,EXT00116,0,5.0
M02326,EXT00125,0,4.57
M02326,EXT00125,0,4.27
M02326,EXT00125,0,4.42
M02326,EXT00125,0,4.29
M02326,EXT00125,0,4.8
M02326,EXT00125,0,3.82
M02326,EXT00125,0,4.31
M02328,MEM00271,1,4.34
M02328,MEM00271,1,3.57
M02328,MEM00271,1,4.97
M02328,MEM00271,1,3.93
M02328,MEM00271,1,4.81
M02328,MEM00271,1,4.27
M02328,MEM00271,1,5.0
M02328,MEM00756,1,3.58
M02328,MEM00756,1,3.55
M02328,MEM00756,1,3.66
M02328,MEM00756,1,4.28
M02328,MEM00756,1,5.0
M02328,MEM00756,1,5.0
M02328,MEM00756,1,2.81
M02328,MEM00400,1,4.35
M02328,MEM00400,1,2.27
M02328,MEM00400,1,4.68
M02328,MEM00400,1,4.87
M02328,MEM00400,1,4.18
M02328,MEM00400,1,4.25
M02328,MEM00400,1,4.24
M02328,MEM00052,1,3.73
M02328,MEM00052,1,4.46
M02328,MEM00052,1,4.06
M02328,MEM00052,1,4.76
M02328,MEM00052,1,4.13
M02328,MEM00052,1,3.68
M02328,MEM00052,1,3.28
M02329,MEM00680,1,3.08
M02329,MEM00680,1,4.99
M02329,MEM00680,1,3.93
M02329,MEM00680,1,4.4
M02329,MEM00680,1,5.0
M02329,MEM00680,1,3.86
M02329,MEM00680,1,3.82
M02329,MEM00309,1,4.12
M02329,MEM00309,1,4.22
M02329,MEM00309,1,5.0
M02329,MEM00309,1,5.0
M02329,MEM00309,1,4.57
M02329,MEM00309,1,5.0
M02329,MEM00309,1,4.09
M02330,MEM00178,1,0.0
M02330,MEM00178,1,0.0
M02330,MEM00178,1,0.0
M02330,MEM00178,1,0.0
M02330,MEM00178,1,0.0
M02330,MEM00178,1,0.0
M02330,MEM00178,1,0.0
M02330,MEM00329,1,0.0
M02330,MEM00329,1,0.0
M02330,MEM00329,1,0.0
M02330,MEM00329,1,0.0
M02330,MEM00329,1,0.0
M02330,MEM00329,1,0.0
M02330,MEM00329,1,0.0
M02330,EXT00151,0,0.0
M02330,EXT00151,0,0.0
M02330,EXT00151,0,0.0
M02330,EXT00151,0,0.0
M02330,EXT00151,0,0.0
M02330,EXT00151,0,0.0
M02330,EXT00151,0,0.0
M02330,EXT00362,0,0.0
M02330,EXT00362,0,0.0
M02330,EXT00362,0,0.0
M02330,EXT00362,0,0.0
M02330,EXT00362,0,0.0
M02330,EXT00362,0,0.0
M02330,EXT00362,0,0.0
M02331,MEM00787,1,0.0
M02331,MEM00787,1,0.0
M02331,MEM00787,1,0.0
M02331,MEM00787,1,0.0
M02331,MEM00787,1,0.0
M02331,MEM00787,1,0.0
M02331,MEM00787,1,0.0
M02331,MEM00395,1,0.0
M02331,MEM00395,1,0.0
M02331,MEM00395,1,0.0
M02331,MEM00395,1,0.0
M02331,MEM00395,1,0.0
M02331,MEM00395,1,0.0
M02331,MEM00395,1,0.0
M02331,MEM00373,1,0.0
M02331,MEM00373,1,0.0
M02331,MEM00373,1,0.0
M02331,MEM00373,1,0.0
M02331,MEM00373,1,0.0
M02331,MEM00373,1,0.0
M02331,MEM00373,1,0.0
M02331,EXT00023,0,0.0
M02331,EXT00023,0,0.0
M02331,EXT00023,0,0.0
M02331,EXT00023,0,0.0
M02331,EXT00023,0,0.0
M02331,EXT00023,0,0.0
M02331,EXT00023,0,0.0
M02332,MEM00343,1,0.0
M02332,MEM00343,1,0.0
M02332,MEM00343,1,0.0
M02332,MEM00343,1,0.0
M02332,MEM00343,1,0.0
M02332,MEM00343,1,0.0
M02332,MEM00343,1,0.0
M02332,MEM00210,1,0.0
M02332,MEM00210,1,0.0
M02332,MEM00210,1,0.0
M02332,MEM00210,1,0.0
M02332,MEM00210,1,0.0
M02332,MEM00210,1,0.0
M02332,MEM00210,1,0.0
M02332,MEM00144,1,0.0
M02332,MEM00144,1,0.0
M02332,MEM00144,1,0.0
M02332,MEM00144,1,0.0
M02332,MEM00144,1,0.0
M02332,MEM00144,1,0.0
M02332,MEM00144,1,0.0
M02332,EXT00370,0,0.0
M02332,EXT00370,0,0.0
M02332,EXT00370,0,0.0
M02332,EXT00370,0,0.0
M02332,EXT00370,0,0.0
M02332,EXT00370,0,0.0
M02332,EXT00370,0,0.0
M02333,MEM00210,1,0.0
M02333,MEM00210,1,0.0
M02333,MEM00210,1,0.0
M02333,MEM00210,1,0.0
M02333,MEM00210,1,0.0
M02333,MEM00210,1,0.0
M02333,MEM00210,1,0.0
M02333,MEM00469,1,0.0
M02333,MEM00469,1,0.0
M02333,MEM00469,1,0.0
M02333,MEM00469,1,0.0
M02333,MEM00469,1,0.0
M02333,MEM00469,1,0.0
M02333,MEM00469,1,0.0
M02333,MEM00615,1,0.0
M02333,MEM00615,1,0.0
M02333,MEM00615,1,0.0
M02333,MEM00615,1,0.0
M02333,MEM00615,1,0.0
M02333,MEM00615,1,0.0
M02333,MEM00615,1,0.0
M02333,EXT00293,0,0.0
M02333,EXT00293,0,0.0
M02333,EXT00293,0,0.0
M02333,EXT00293,0,0.0
M02333,EXT00293,0,0.0
M02333,EXT00293,0,0.0
M02333,EXT00293,0,0.0
M02334,MEM00757,1,0.0
M02334,MEM00757,1,0.0
M02334,MEM00757,1,0.0
M02334,MEM00757,1,0.0
M02334,MEM00757,1,0.0
M02334,MEM00757,1,0.0
M02334,MEM00757,1,0.0
M02334,MEM00406,1,0.0
M02334,MEM00406,1,0.0
M02334,MEM00406,1,0.0
M02334,MEM00406,1,0.0
M02334,MEM00406,1,0.0
M02334,MEM00406,1,0.0
M02334,MEM00406,1,0.0
M02334,MEM00706,1,0.0
M02334,MEM00706,1,0.0
M02334,MEM00706,1,0.0
M02334,MEM00706,1,0.0
M02334,MEM00706,1,0.0
M02334,MEM00706,1,0.0
M02334,MEM00706,1,0.0
M02336,MEM00429,1,4.38
M02336,MEM00429,1,4.02
M02336,MEM00429,1,3.43
M02336,MEM00429,1,4.92
M02336,MEM00429,1,4.52
M02336,MEM00429,1,4.21
M02336,MEM00429,1,4.2
M02336,MEM00618,1,3.3
M02336,MEM00618,1,3.61
M02336,MEM00618,1,4.4
M02336,MEM00618,1,3.88
M02336,MEM00618,1,4.07
M02336,MEM00618,1,4.14
M02336,MEM00618,1,3.79
M02336,MEM00437,1,3.62
M02336,MEM00437,1,3.23
M02336,MEM00437,1,4.11
M02336,MEM00437,1,4.57
M02336,MEM00437,1,3.21
M02336,MEM00437,1,4.19
M02336,MEM00437,1,4.37
M02336,EXT00048,0,3.61
M02336,EXT00048,0,5.0
M02336,EXT00048,0,3.97
M02336,EXT00048,0,4.14
M02336,EXT00048,0,4.1
M02336,EXT00048,0,3.14
M02336,EXT00048,0,4.81
M02337,MEM00119,1,0.0
M02337,MEM00119,1,0.0
M02337,MEM00119,1,0.0
M02337,MEM00119,1,0.0
M02337,MEM00119,1,0.0
M02337,MEM00119,1,0.0
M02337,MEM00119,1,0.0
M02337,MEM00418,1,0.0
M02337,MEM00418,1,0.0
M02337,MEM00418,1,0.0
M02337,MEM00418,1,0.0
M02337,MEM00418,1,0.0
M02337,MEM00418,1,0.0
M02337,MEM00418,1,0.0
M02338,MEM00210,1,3.63
M02338,MEM00210,1,4.06
M02338,MEM00210,1,4.56
M02338,MEM00210,1,5.0
M02338,MEM00210,1,3.55
M02338,MEM00210,1,3.93
M02338,MEM00210,1,5.0
M02338,EXT00013,0,4.48
M02338,EXT00013,0,4.6
M02338,EXT00013,0,3.57
M02338,EXT00013,0,3.97
M02338,EXT00013,0,4.1
M02338,EXT00013,0,3.69
M02338,EXT00013,0,3.2
M02339,MEM00583,1,0.0
M02339,MEM00583,1,0.0
M02339,MEM00583,1,0.0
M02339,MEM00583,1,0.0
M02339,MEM00583,1,0.0
M02339,MEM00583,1,0.0
M02339,MEM00583,1,0.0
M02340,MEM00474,1,3.89
M02340,MEM00474,1,5.0
M02340,MEM00474,1,4.24
M02340,MEM00474,1,5.0
M02340,MEM00474,1,4.31
M02340,MEM00474,1,3.74
M02340,MEM00474,1,4.97
M02340,MEM00032,1,4.33
M02340,MEM00032,1,4.78
M02340,MEM00032,1,3.56
M02340,MEM00032,1,4.82
M02340,MEM00032,1,4.84
M02340,MEM00032,1,4.37
M02340,MEM00032,1,3.72
M02340,MEM00422,1,4.17
M02340,MEM00422,1,4.57
M02340,MEM00422,1,4.34
M02340,MEM00422,1,4.56
M02340,MEM00422,1,4.81
M02340,MEM00422,1,3.81
M02340,MEM00422,1,3.51
M02340,MEM00770,1,4.18
M02340,MEM00770,1,4.0
M02340,MEM00770,1,4.67
M02340,MEM00770,1,3.56
M02340,MEM00770,1,4.81
M02340,MEM00770,1,5.0
M02340,MEM00770,1,4.2
M02341,MEM00379,1,0.0
M02341,MEM00379,1,0.0
M02341,MEM00379,1,0.0
M02341,MEM00379,1,0.0
M02341,MEM00379,1,0.0
M02341,MEM00379,1,0.0
M02341,MEM00379,1,0.0
M02342,MEM00797,1,4.24
M02342,MEM00797,1,3.74
M02342,MEM00797,1,3.87
M02342,MEM00797,1,3.95
M02342,MEM00797,1,5.0
M02342,MEM00797,1,4.16
M02342,MEM00797,1,3.41
M02342,MEM00066,1,4.35
M02342,MEM00066,1,4.7
M02342,MEM00066,1,4.18
M02342,MEM00066,1,5.0
M02342,MEM00066,1,4.67
M02342,MEM00066,1,3.57
M02342,MEM00066,1,3.87
M02342,MEM00428,1,4.34
M02342,MEM00428,1,3.2
M02342,MEM00428,1,4.4
M02342,MEM00428,1,3.14
M02342,MEM00428,1,4.81
M02342,MEM00428,1,4.74
M02342,MEM00428,1,4.5
M02342,MEM00668,1,3.79
M02342,MEM00668,1,4.3
M02342,MEM00668,1,3.89
M02342,MEM00668,1,3.58
M02342,MEM00668,1,4.0
M02342,MEM00668,1,4.62
M02342,MEM00668,1,4.23
M02343,MEM00729,1,0.0
M02343,MEM00729,1,0.0
M02343,MEM00729,1,0.0
M02343,MEM00729,1,0.0
M02343,MEM00729,1,0.0
M02343,MEM00729,1,0.0
M02343,MEM00729,1,0.0
M02343,MEM00335,1,0.0
M02343,MEM00335,1,0.0
M02343,MEM00335,1,0.0
M02343,MEM00335,1,0.0
M02343,MEM00335,1,0.0
M02343,MEM00335,1,0.0
M02343,MEM00335,1,0.0
M02343,MEM00249,1,0.0
M02343,MEM00249,1,0.0
M02343,MEM00249,1,0.0
M02343,MEM00249,1,0.0
M02343,MEM00249,1,0.0
M02343,MEM00249,1,0.0
M02343,MEM00249,1,0.0
M02343,EXT00078,0,0.0
M02343,EXT00078,0,0.0
M02343,EXT00078,0,0.0
M02343,EXT00078,0,0.0
M02343,EXT00078,0,0.0
M02343,EXT00078,0,0.0
M02343,EXT00078,0,0.0
M02344,MEM00479,1,5.0
M02344,MEM00479,1,4.66
M02344,MEM00479,1,4.6
M02344,MEM00479,1,3.23
M02344,MEM00479,1,4.03
M02344,MEM00479,1,3.56
M02344,MEM00479,1,4.09
M02344,MEM00315,1,3.78
M02344,MEM00315,1,3.97
M02344,MEM00315,1,4.84
M02344,MEM00315,1,4.49
M02344,MEM00315,1,4.8
M02344,MEM00315,1,3.24
M02344,MEM00315,1,4.23
M02346,MEM00267,1,4.78
M02346,MEM00267,1,5.0
M02346,MEM00267,1,3.27
M02346,MEM00267,1,3.99
M02346,MEM00267,1,4.82
M02346,MEM00267,1,4.08
M02346,MEM00267,1,3.65
M02346,MEM00043,1,3.27
M02346,MEM00043,1,3.63
M02346,MEM00043,1,3.19
M02346,MEM00043,1,4.24
M02346,MEM00043,1,4.74
M02346,MEM00043,1,3.44
M02346,MEM00043,1,4.35
M02347,MEM00553,1,4.71
M02347,MEM00553,1,4.2
M02347,MEM00553,1,3.23
M02347,MEM00553,1,4.43
M02347,MEM00553,1,4.17
M02347,MEM00553,1,4.11
M02347,MEM00553,1,3.87
M02347,MEM00210,1,4.25
M02347,MEM00210,1,4.51
M02347,MEM00210,1,5.0
M02347,MEM00210,1,4.27
M02347,MEM00210,1,5.0
M02347,MEM00210,1,4.41
M02347,MEM00210,1,4.14
M02347,MEM00649,1,4.29
M02347,MEM00649,1,3.47
M02347,MEM00649,1,4.38
M02347,MEM00649,1,3.0
M02347,MEM00649,1,3.68
M02347,MEM00649,1,4.27
M02347,MEM00649,1,4.92
M02347,MEM00763,1,5.0
M02347,MEM00763,1,4.06
M02347,MEM00763,1,4.29
M02347,MEM00763,1,4.79
M02347,MEM00763,1,3.4
M02347,MEM00763,1,4.44
M02347,MEM00763,1,3.7
M02348,MEM00059,1,0.0
M02348,MEM00059,1,0.0
M02348,MEM00059,1,0.0
M02348,MEM00059,1,0.0
M02348,MEM00059,1,0.0
M02348,MEM00059,1,0.0
M02348,MEM00059,1,0.0
M02348,MEM00072,1,0.0
M02348,MEM00072,1,0.0
M02348,MEM00072,1,0.0
M02348,MEM00072,1,0.0
M02348,MEM00072,1,0.0
M02348,MEM00072,1,0.0
M02348,MEM00072,1,0.0
M02348,MEM00421,1,0.0
M02348,MEM00421,1,0.0
M02348,MEM00421,1,0.0
M02348,MEM00421,1,0.0
M02348,MEM00421,1,0.0
M02348,MEM00421,1,0.0
M02348,MEM00421,1,0.0
M02349,MEM00756,1,0.0
M02349,MEM00756,1,0.0
M02349,MEM00756,1,0.0
M02349,MEM00756,1,0.0
M02349,MEM00756,1,0.0
M02349,MEM00756,1,0.0
M02349,MEM00756,1,0.0
M02349,EXT00263,0,0.0
M02349,EXT00263,0,0.0
M02349,EXT00263,0,0.0
M02349,EXT00263,0,0.0
M02349,EXT00263,0,0.0
M02349,EXT00263,0,0.0
M02349,EXT00263,0,0.0
M02349,EXT00310,0,0.0
M02349,EXT00310,0,0.0
M02349,EXT00310,0,0.0
M02349,EXT00310,0,0.0
M02349,EXT00310,0,0.0
M02349,EXT00310,0,0.0
M02349,EXT00310,0,0.0
M02350,MEM00655,1,0.0
M02350,MEM00655,1,0.0
M02350,MEM00655,1,0.0
M02350,MEM00655,1,0.0
M02350,MEM00655,1,0.0
M02350,MEM00655,1,0.0
M02350,MEM00655,1,0.0
M02350,MEM00502,1,0.0
M02350,MEM00502,1,0.0
M02350,MEM00502,1,0.0
M02350,MEM00502,1,0.0
M02350,MEM00502,1,0.0
M02350,MEM00502,1,0.0
M02350,MEM00502,1,0.0
M02350,MEM00770,1,0.0
M02350,MEM00770,1,0.0
M02350,MEM00770,1,0.0
M02350,MEM00770,1,0.0
M02350,MEM00770,1,0.0
M02350,MEM00770,1,0.0
M02350,MEM00770,1,0.0
M02351,MEM00575,1,0.0
M02351,MEM00575,1,0.0
M02351,MEM00575,1,0.0
M02351,MEM00575,1,0.0
M02351,MEM00575,1,0.0
M02351,MEM00575,1,0.0
M02351,MEM00575,1,0.0
M02352,MEM00745,1,4.1
M02352,MEM00745,1,3.92
M02352,MEM00745,1,4.46
M02352,MEM00745,1,4.53
M02352,MEM00745,1,4.73
M02352,MEM00745,1,4.41
M02352,MEM00745,1,4.3
M02352,MEM00408,1,5.0
M02352,MEM00408,1,3.29
M02352,MEM00408,1,5.0
M02352,MEM00408,1,4.03
M02352,MEM00408,1,4.54
M02352,MEM00408,1,4.0
M02352,MEM00408,1,3.78
M02352,MEM00114,1,4.49
M02352,MEM00114,1,4.83
M02352,MEM00114,1,4.48
M02352,MEM00114,1,3.87
M02352,MEM00114,1,5.0
M02352,MEM00114,1,4.92
M02352,MEM00114,1,4.76
M02352,MEM00417,1,3.99
M02352,MEM00417,1,3.82
M02352,MEM00417,1,4.03
M02352,MEM00417,1,4.85
M02352,MEM00417,1,3.61
M02352,MEM00417,1,3.56
M02352,MEM00417,1,4.52
M02353,MEM00120,1,0.0
M02353,MEM00120,1,0.0
M02353,MEM00120,1,0.0
M02353,MEM00120,1,0.0
M02353,MEM00120,1,0.0
M02353,MEM00120,1,0.0
M02353,MEM00120,1,0.0
M02353,EXT00236,0,0.0
M02353,EXT00236,0,0.0
M02353,EXT00236,0,0.0
M02353,EXT00236,0,0.0
M02353,EXT00236,0,0.0
M02353,EXT00236,0,0.0
M02353,EXT00236,0,0.0
M02354,MEM00379,1,0.0
M02354,MEM00379,1,0.0
M02354,MEM00379,1,0.0
M02354,MEM00379,1,0.0
M02354,MEM00379,1,0.0
M02354,MEM00379,1,0.0
M02354,MEM00379,1,0.0
M02355,MEM00484,1,4.39
M02355,MEM00484,1,3.74
M02355,MEM00484,1,3.55
M02355,MEM00484,1,5.0
M02355,MEM00484,1,4.41
M02355,MEM00484,1,3.38
M02355,MEM00484,1,3.42
M02355,EXT00007,0,3.98
M02355,EXT00007,0,4.64
M02355,EXT00007,0,4.56
M02355,EXT00007,0,4.88
M02355,EXT00007,0,3.31
M02355,EXT00007,0,4.33
M02355,EXT00007,0,5.0
M02356,MEM00176,1,0.0
M02356,MEM00176,1,0.0
M02356,MEM00176,1,0.0
M02356,MEM00176,1,0.0
M02356,MEM00176,1,0.0
M02356,MEM00176,1,0.0
M02356,MEM00176,1,0.0
M02357,MEM00763,1,5.0
M02357,MEM00763,1,4.42
M02357,MEM00763,1,5.0
M02357,MEM00763,1,4.57
M02357,MEM00763,1,4.83
M02357,MEM00763,1,4.23
M02357,MEM00763,1,3.73
M02357,MEM00388,1,3.67
M02357,MEM00388,1,4.31
M02357,MEM00388,1,4.07
M02357,MEM00388,1,3.14
M02357,MEM00388,1,3.58
M02357,MEM00388,1,4.01
M02357,MEM00388,1,4.64
M02358,MEM00298,1,4.19
M02358,MEM00298,1,4.16
M02358,MEM00298,1,3.61
M02358,MEM00298,1,4.21
M02358,MEM00298,1,4.99
M02358,MEM00298,1,4.29
M02358,MEM00298,1,3.3
M02358,MEM00575,1,3.45
M02358,MEM00575,1,4.55
M02358,MEM00575,1,4.07
M02358,MEM00575,1,4.16
M02358,MEM00575,1,3.83
M02358,MEM00575,1,4.5
M02358,MEM00575,1,4.02
M02358,MEM00329,1,4.09
M02358,MEM00329,1,3.69
M02358,MEM00329,1,4.75
M02358,MEM00329,1,4.07
M02358,MEM00329,1,4.56
M02358,MEM00329,1,3.48
M02358,MEM00329,1,5.0
M02358,EXT00241,0,4.97
M02358,EXT00241,0,3.05
M02358,EXT00241,0,3.72
M02358,EXT00241,0,4.49
M02358,EXT00241,0,3.41
M02358,EXT00241,0,4.12
M02358,EXT00241,0,4.46
M02359,MEM00320,1,0.0
M02359,MEM00320,1,0.0
M02359,MEM00320,1,0.0
M02359,MEM00320,1,0.0
M02359,MEM00320,1,0.0
M02359,MEM00320,1,0.0
M02359,MEM00320,1,0.0
M02359,MEM00230,1,0.0
M02359,MEM00230,1,0.0
M02359,MEM00230,1,0.0
M02359,MEM00230,1,0.0
M02359,MEM00230,1,0.0
M02359,MEM00230,1,0.0
M02359,MEM00230,1,0.0
M02359,EXT00084,0,0.0
M02359,EXT00084,0,0.0
M02359,EXT00084,0,0.0
M02359,EXT00084,0,0.0
M02359,EXT00084,0,0.0
M02359,EXT00084,0,0.0
M02359,EXT00084,0,0.0
M02360,MEM00028,1,4.09
M02360,MEM00028,1,4.52
M02360,MEM00028,1,3.78
M02360,MEM00028,1,2.85
M02360,MEM00028,1,4.79
M02360,MEM00028,1,4.79
M02360,MEM00028,1,5.0
M02360,MEM00285,1,2.88
M02360,MEM00285,1,4.65
M02360,MEM00285,1,3.02
M02360,MEM00285,1,5.0
M02360,MEM00285,1,4.49
M02360,MEM00285,1,3.63
M02360,MEM00285,1,4.67
M02360,MEM00123,1,3.87
M02360,MEM00123,1,4.38
M02360,MEM00123,1,4.32
M02360,MEM00123,1,5.0
M02360,MEM00123,1,5.0
M02360,MEM00123,1,3.84
M02360,MEM00123,1,4.83
M02360,MEM00770,1,4.41
M02360,MEM00770,1,3.35
M02360,MEM00770,1,3.78
M02360,MEM00770,1,5.0
M02360,MEM00770,1,4.41
M02360,MEM00770,1,4.8
M02360,MEM00770,1,4.07
M02361,MEM00193,1,0.0
M02361,MEM00193,1,0.0
M02361,MEM00193,1,0.0
M02361,MEM00193,1,0.0
M02361,MEM00193,1,0.0
M02361,MEM00193,1,0.0
M02361,MEM00193,1,0.0
M02362,MEM00375,1,3.88
M02362,MEM00375,1,4.22
M02362,MEM00375,1,4.04
M02362,MEM00375,1,3.3
M02362,MEM00375,1,3.6
M02362,MEM00375,1,4.62
M02362,MEM00375,1,3.97
M02362,MEM00180,1,4.22
M02362,MEM00180,1,4.34
M02362,MEM00180,1,4.39
M02362,MEM00180,1,4.89
M02362,MEM00180,1,3.54
M02362,MEM00180,1,4.54
M02362,MEM00180,1,4.65
M02362,MEM00623,1,4.79
M02362,MEM00623,1,3.35
M02362,MEM00623,1,4.35
M02362,MEM00623,1,5.0
M02362,MEM00623,1,4.14
M02362,MEM00623,1,4.49
M02362,MEM00623,1,4.67
M02362,MEM00078,1,3.58
M02362,MEM00078,1,5.0
M02362,MEM00078,1,4.5
M02362,MEM00078,1,4.51
M02362,MEM00078,1,3.2
M02362,MEM00078,1,4.68
M02362,MEM00078,1,4.5
M02363,MEM00083,1,5.0
M02363,MEM00083,1,4.01
M02363,MEM00083,1,3.61
M02363,MEM00083,1,3.79
M02363,MEM00083,1,3.9
M02363,MEM00083,1,3.53
M02363,MEM00083,1,4.97
M02363,MEM00642,1,5.0
M02363,MEM00642,1,4.08
M02363,MEM00642,1,3.96
M02363,MEM00642,1,3.11
M02363,MEM00642,1,4.62
M02363,MEM00642,1,5.0
M02363,MEM00642,1,3.82
M02363,EXT00362,0,4.13
M02363,EXT00362,0,4.46
M02363,EXT00362,0,5.0
M02363,EXT00362,0,4.32
M02363,EXT00362,0,4.32
M02363,EXT00362,0,4.31
M02363,EXT00362,0,3.34
M02363,EXT00313,0,3.33
M02363,EXT00313,0,3.72
M02363,EXT00313,0,4.81
M02363,EXT00313,0,4.0
M02363,EXT00313,0,3.88
M02363,EXT00313,0,3.87
M02363,EXT00313,0,4.12
M02364,MEM00679,1,0.0
M02364,MEM00679,1,0.0
M02364,MEM00679,1,0.0
M02364,MEM00679,1,0.0
M02364,MEM00679,1,0.0
M02364,MEM00679,1,0.0
M02364,MEM00679,1,0.0
M02365,MEM00549,1,5.0
M02365,MEM00549,1,4.11
M02365,MEM00549,1,3.73
M02365,MEM00549,1,4.22
M02365,MEM00549,1,5.0
M02365,MEM00549,1,3.9
M02365,MEM00549,1,3.49
M02365,EXT00023,0,3.9
M02365,EXT00023,0,4.28
M02365,EXT00023,0,4.61
M02365,EXT00023,0,4.8
M02365,EXT00023,0,3.57
M02365,EXT00023,0,3.63
M02365,EXT00023,0,4.01
M02366,MEM00623,1,0.0
M02366,MEM00623,1,0.0
M02366,MEM00623,1,0.0
M02366,MEM00623,1,0.0
M02366,MEM00623,1,0.0
M02366,MEM00623,1,0.0
M02366,MEM00623,1,0.0
M02367,MEM00671,1,0.0
M02367,MEM00671,1,0.0
M02367,MEM00671,1,0.0
M02367,MEM00671,1,0.0
M02367,MEM00671,1,0.0
M02367,MEM00671,1,0.0
M02367,MEM00671,1,0.0
M02368,MEM00632,1,0.0
M02368,MEM00632,1,0.0
M02368,MEM00632,1,0.0
M02368,MEM00632,1,0.0
M02368,MEM00632,1,0.0
M02368,MEM00632,1,0.0
M02368,MEM00632,1,0.0
M02369,MEM00204,1,0.0
M02369,MEM00204,1,0.0
M02369,MEM00204,1,0.0
M02369,MEM00204,1,0.0
M02369,MEM00204,1,0.0
M02369,MEM00204,1,0.0
M02369,MEM00204,1,0.0
M02369,MEM00671,1,0.0
M02369,MEM00671,1,0.0
M02369,MEM00671,1,0.0
M02369,MEM00671,1,0.0
M02369,MEM00671,1,0.0
M02369,MEM00671,1,0.0
M02369,MEM00671,1,0.0
M02369,MEM00398,1,0.0
M02369,MEM00398,1,0.0
M02369,MEM00398,1,0.0
M02369,MEM00398,1,0.0
M02369,MEM00398,1,0.0
M02369,MEM00398,1,0.0
M02369,MEM00398,1,0.0
M02370,MEM00198,1,4.61
M02370,MEM00198,1,3.44
M02370,MEM00198,1,3.84
M02370,MEM00198,1,3.84
M02370,MEM00198,1,4.77
M02370,MEM00198,1,4.52
M02370,MEM00198,1,4.74
M02370,MEM00142,1,5.0
M02370,MEM00142,1,4.02
M02370,MEM00142,1,3.49
M02370,MEM00142,1,3.49
M02370,MEM00142,1,3.1
M02370,MEM00142,1,3.92
M02370,MEM00142,1,3.97
M02370,MEM00783,1,4.67
M02370,MEM00783,1,4.21
M02370,MEM00783,1,3.91
M02370,MEM00783,1,4.13
M02370,MEM00783,1,3.58
M02370,MEM00783,1,4.82
M02370,MEM00783,1,3.73
M02370,MEM00584,1,3.52
M02370,MEM00584,1,4.69
M02370,MEM00584,1,4.54
M02370,MEM00584,1,3.17
M02370,MEM00584,1,4.71
M02370,MEM00584,1,3.76
M02370,MEM00584,1,3.98
M02371,MEM00628,1,4.31
M02371,MEM00628,1,4.55
M02371,MEM00628,1,4.47
M02371,MEM00628,1,4.17
M02371,MEM00628,1,3.95
M02371,MEM00628,1,4.45
M02371,MEM00628,1,4.13
M02371,MEM00181,1,5.0
M02371,MEM00181,1,4.55
M02371,MEM00181,1,3.65
M02371,MEM00181,1,3.91
M02371,MEM00181,1,4.23
M02371,MEM00181,1,4.98
M02371,MEM00181,1,5.0
M02371,EXT00076,0,3.96
M02371,EXT00076,0,3.64
M02371,EXT00076,0,3.56
M02371,EXT00076,0,4.35
M02371,EXT00076,0,5.0
M02371,EXT00076,0,4.52
M02371,EXT00076,0,3.24
M02371,EXT00026,0,3.76
M02371,EXT00026,0,3.83
M02371,EXT00026,0,3.71
M02371,EXT00026,0,3.97
M02371,EXT00026,0,4.42
M02371,EXT00026,0,4.61
M02371,EXT00026,0,4.86
M02372,MEM00799,1,0.0
M02372,MEM00799,1,0.0
M02372,MEM00799,1,0.0
M02372,MEM00799,1,0.0
M02372,MEM00799,1,0.0
M02372,MEM00799,1,0.0
M02372,MEM00799,1,0.0
M02372,EXT00013,0,0.0
M02372,EXT00013,0,0.0
M02372,EXT00013,0,0.0
M02372,EXT00013,0,0.0
M02372,EXT00013,0,0.0
M02372,EXT00013,0,0.0
M02372,EXT00013,0,0.0
M02373,MEM00283,1,4.51
M02373,MEM00283,1,3.03
M02373,MEM00283,1,3.57
M02373,MEM00283,1,4.11
M02373,MEM00283,1,4.29
M02373,MEM00283,1,4.72
M02373,MEM00283,1,4.23
M02373,MEM00661,1,4.23
M02373,MEM00661,1,4.34
M02373,MEM00661,1,4.05
M02373,MEM00661,1,4.25
M02373,MEM00661,1,4.88
M02373,MEM00661,1,4.15
M02373,MEM00661,1,4.18
M02374,MEM00431,1,4.18
M02374,MEM00431,1,4.98
M02374,MEM00431,1,3.54
M02374,MEM00431,1,5.0
M02374,MEM00431,1,3.49
M02374,MEM00431,1,3.81
M02374,MEM00431,1,4.65
M02374,MEM00668,1,4.82
M02374,MEM00668,1,3.36
M02374,MEM00668,1,3.54
M02374,MEM00668,1,4.37
M02374,MEM00668,1,5.0
M02374,MEM00668,1,4.95
M02374,MEM00668,1,4.05
M02375,MEM00724,1,2.75
M02375,MEM00724,1,4.25
M02375,MEM00724,1,4.42
M02375,MEM00724,1,3.97
M02375,MEM00724,1,3.69
M02375,MEM00724,1,4.3
M02375,MEM00724,1,3.63
M02375,MEM00007,1,5.0
M02375,MEM00007,1,5.0
M02375,MEM00007,1,4.59
M02375,MEM00007,1,4.25
M02375,MEM00007,1,3.8
M02375,MEM00007,1,4.19
M02375,MEM00007,1,5.0
M02375,MEM00074,1,4.72
M02375,MEM00074,1,4.32
M02375,MEM00074,1,4.75
M02375,MEM00074,1,4.53
M02375,MEM00074,1,4.44
M02375,MEM00074,1,4.79
M02375,MEM00074,1,4.51
M02375,MEM00747,1,4.72
M02375,MEM00747,1,4.3
M02375,MEM00747,1,4.05
M02375,MEM00747,1,3.87
M02375,MEM00747,1,3.8
M02375,MEM00747,1,3.24
M02375,MEM00747,1,3.65
M02376,MEM00210,1,3.64
M02376,MEM00210,1,3.9
M02376,MEM00210,1,5.0
M02376,MEM00210,1,4.11
M02376,MEM00210,1,4.35
M02376,MEM00210,1,4.36
M02376,MEM00210,1,5.0
M02376,MEM00533,1,3.85
M02376,MEM00533,1,4.07
M02376,MEM00533,1,4.14
M02376,MEM00533,1,4.88
M02376,MEM00533,1,5.0
M02376,MEM00533,1,4.48
M02376,MEM00533,1,4.94
M02376,EXT00186,0,4.31
M02376,EXT00186,0,4.1
M02376,EXT00186,0,4.91
M02376,EXT00186,0,4.49
M02376,EXT00186,0,3.76
M02376,EXT00186,0,4.8
M02376,EXT00186,0,4.07
M02376,EXT00358,0,4.0
M02376,EXT00358,0,4.74
M02376,EXT00358,0,4.15
M02376,EXT00358,0,4.43
M02376,EXT00358,0,4.6
M02376,EXT00358,0,3.73
M02376,EXT00358,0,4.43
M02377,MEM00168,1,0.0
M02377,MEM00168,1,0.0
M02377,MEM00168,1,0.0
M02377,MEM00168,1,0.0
M02377,MEM00168,1,0.0
M02377,MEM00168,1,0.0
M02377,MEM00168,1,0.0
M02377,MEM00479,1,0.0
M02377,MEM00479,1,0.0
M02377,MEM00479,1,0.0
M02377,MEM00479,1,0.0
M02377,MEM00479,1,0.0
M02377,MEM00479,1,0.0
M02377,MEM00479,1,0.0
M02378,MEM00210,1,5.0
M02378,MEM00210,1,3.63
M02378,MEM00210,1,4.47
M02378,MEM00210,1,3.7
M02378,MEM00210,1,4.81
M02378,MEM00210,1,4.81
M02378,MEM00210,1,3.99
M02378,MEM00389,1,5.0
M02378,MEM00389,1,4.86
M02378,MEM00389,1,4.62
M02378,MEM00389,1,4.59
M02378,MEM00389,1,4.79
M02378,MEM00389,1,3.6
M02378,MEM00389,1,4.32
M02378,MEM00642,1,4.43
M02378,MEM00642,1,3.96
M02378,MEM00642,1,4.48
M02378,MEM00642,1,4.94
M02378,MEM00642,1,3.95
M02378,MEM00642,1,4.17
M02378,MEM00642,1,3.71
M02378,MEM00770,1,3.13
M02378,MEM00770,1,4.67
M02378,MEM00770,1,4.18
M02378,MEM00770,1,4.23
M02378,MEM00770,1,3.61
M02378,MEM00770,1,4.09
M02378,MEM00770,1,4.86
M02379,EXT00037,0,0.0
M02379,EXT00037,0,0.0
M02379,EXT00037,0,0.0
M02379,EXT00037,0,0.0
M02379,EXT00037,0,0.0
M02379,EXT00037,0,0.0
M02379,EXT00037,0,0.0
M02380,MEM00134,1,4.2
M02380,MEM00134,1,4.22
M02380,MEM00134,1,4.32
M02380,MEM00134,1,3.46
M02380,MEM00134,1,4.57
M02380,MEM00134,1,3.45
M02380,MEM00134,1,3.64
M02380,MEM00394,1,3.57
M02380,MEM00394,1,4.09
M02380,MEM00394,1,3.99
M02380,MEM00394,1,4.2
M02380,MEM00394,1,3.66
M02380,MEM00394,1,4.8
M02380,MEM00394,1,4.7
M02380,MEM00435,1,4.1
M02380,MEM00435,1,3.91
M02380,MEM00435,1,3.85
M02380,MEM00435,1,4.01
M02380,MEM00435,1,3.36
M02380,MEM00435,1,3.62
M02380,MEM00435,1,4.72
M02380,EXT00173,0,4.38
M02380,EXT00173,0,5.0
M02380,EXT00173,0,4.02
M02380,EXT00173,0,3.98
M02380,EXT00173,0,3.96
M02380,EXT00173,0,4.01
M02380,EXT00173,0,3.8
M02381,MEM00414,1,4.36
M02381,MEM00414,1,4.22
M02381,MEM00414,1,3.89
M02381,MEM00414,1,4.95
M02381,MEM00414,1,5.0
M02381,MEM00414,1,4.9
M02381,MEM00414,1,4.53
M02381,MEM00254,1,4.66
M02381,MEM00254,1,5.0
M02381,MEM00254,1,4.66
M02381,MEM00254,1,3.85
M02381,MEM00254,1,4.44
M02381,MEM00254,1,4.58
M02381,MEM00254,1,3.6
M02381,EXT00006,0,4.03
M02381,EXT00006,0,4.86
M02381,EXT00006,0,3.11
M02381,EXT00006,0,3.45
M02381,EXT00006,0,4.09
M02381,EXT00006,0,4.41
M02381,EXT00006,0,3.39
M02381,EXT00233,0,4.12
M02381,EXT00233,0,4.89
M02381,EXT00233,0,4.24
M02381,EXT00233,0,4.76
M02381,EXT00233,0,3.84
M02381,EXT00233,0,3.71
M02381,EXT00233,0,4.71
M02382,MEM00611,1,0.0
M02382,MEM00611,1,0.0
M02382,MEM00611,1,0.0
M02382,MEM00611,1,0.0
M02382,MEM00611,1,0.0
M02382,MEM00611,1,0.0
M02382,MEM00611,1,0.0
M02383,MEM00574,1,0.0
M02383,MEM00574,1,0.0
M02383,MEM00574,1,0.0
M02383,MEM00574,1,0.0
M02383,MEM00574,1,0.0
M02383,MEM00574,1,0.0
M02383,MEM00574,1,0.0
M02384,MEM00284,1,4.42
M02384,MEM00284,1,3.49
M02384,MEM00284,1,3.72
M02384,MEM00284,1,5.0
M02384,MEM00284,1,3.65
M02384,MEM00284,1,4.76
M02384,MEM00284,1,3.91
M02384,MEM00056,1,4.2
M02384,MEM00056,1,4.38
M02384,MEM00056,1,2.94
M02384,MEM00056,1,3.32
M02384,MEM00056,1,4.25
M02384,MEM00056,1,3.77
M02384,MEM00056,1,4.8
M02385,MEM00210,1,3.24
M02385,MEM00210,1,4.54
M02385,MEM00210,1,3.37
M02385,MEM00210,1,3.99
M02385,MEM00210,1,3.56
M02385,MEM00210,1,5.0
M02385,MEM00210,1,3.4
M02385,MEM00763,1,4.13
M02385,MEM00763,1,3.16
M02385,MEM00763,1,5.0
M02385,MEM00763,1,4.44
M02385,MEM00763,1,4.28
M02385,MEM00763,1,5.0
M02385,MEM00763,1,4.29
M02385,MEM00606,1,4.33
M02385,MEM00606,1,4.28
M02385,MEM00606,1,4.54
M02385,MEM00606,1,3.9
M02385,MEM00606,1,4.07
M02385,MEM00606,1,4.69
M02385,MEM00606,1,4.37
M02385,EXT00121,0,4.13
M02385,EXT00121,0,3.36
M02385,EXT00121,0,5.0
M02385,EXT00121,0,3.8
M02385,EXT00121,0,4.79
M02385,EXT00121,0,4.31
M02385,EXT00121,0,3.42
M02386,MEM00455,1,0.0
M02386,MEM00455,1,0.0
M02386,MEM00455,1,0.0
M02386,MEM00455,1,0.0
M02386,MEM00455,1,0.0
M02386,MEM00455,1,0.0
M02386,MEM00455,1,0.0
M02386,MEM00167,1,0.0
M02386,MEM00167,1,0.0
M02386,MEM00167,1,0.0
M02386,MEM00167,1,0.0
M02386,MEM00167,1,0.0
M02386,MEM00167,1,0.0
M02386,MEM00167,1,0.0
M02388,MEM00142,1,4.95
M02388,MEM00142,1,4.35
M02388,MEM00142,1,5.0
M02388,MEM00142,1,4.09
M02388,MEM00142,1,4.62
M02388,MEM00142,1,3.14
M02388,MEM00142,1,3.9
M02388,MEM00275,1,3.44
M02388,MEM00275,1,3.98
M02388,MEM00275,1,4.48
M02388,MEM00275,1,3.84
M02388,MEM00275,1,4.72
M02388,MEM00275,1,3.69
M02388,MEM00275,1,4.73
M02389,EXT00284,0,0.0
M02389,EXT00284,0,0.0
M02389,EXT00284,0,0.0
M02389,EXT00284,0,0.0
M02389,EXT00284,0,0.0
M02389,EXT00284,0,0.0
M02389,EXT00284,0,0.0
M02390,EXT00152,0,4.99
M02390,EXT00152,0,4.81
M02390,EXT00152,0,3.99
M02390,EXT00152,0,2.92
M02390,EXT00152,0,4.55
M02390,EXT00152,0,4.12
M02390,EXT00152,0,3.61
M02390,EXT00224,0,3.87
M02390,EXT00224,0,5.0
M02390,EXT00224,0,3.52
M02390,EXT00224,0,4.48
M02390,EXT00224,0,4.33
M02390,EXT00224,0,3.99
M02390,EXT00224,0,4.59
M02391,EXT00164,0,0.0
M02391,EXT00164,0,0.0
M02391,EXT00164,0,0.0
M02391,EXT00164,0,0.0
M02391,EXT00164,0,0.0
M02391,EXT00164,0,0.0
M02391,EXT00164,0,0.0
M02392,MEM00004,1,5.0
M02392,MEM00004,1,4.02
M02392,MEM00004,1,4.05
M02392,MEM00004,1,4.57
M02392,MEM00004,1,4.75
M02392,MEM00004,1,4.12
M02392,MEM00004,1,4.02
M02392,MEM00437,1,2.87
M02392,MEM00437,1,3.73
M02392,MEM00437,1,3.52
M02392,MEM00437,1,4.61
M02392,MEM00437,1,4.05
M02392,MEM00437,1,4.03
M02392,MEM00437,1,4.19
M02392,EXT00032,0,3.68
M02392,EXT00032,0,5.0
M02392,EXT00032,0,4.98
M02392,EXT00032,0,5.0
M02392,EXT00032,0,4.61
M02392,EXT00032,0,4.18
M02392,EXT00032,0,5.0
M02392,EXT00355,0,3.79
M02392,EXT00355,0,3.68
M02392,EXT00355,0,3.84
M02392,EXT00355,0,4.51
M02392,EXT00355,0,3.74
M02392,EXT00355,0,4.11
M02392,EXT00355,0,3.24
M02393,MEM00076,1,4.49
M02393,MEM00076,1,3.29
M02393,MEM00076,1,3.64
M02393,MEM00076,1,4.93
M02393,MEM00076,1,4.91
M02393,MEM00076,1,4.42
M02393,MEM00076,1,4.37
M02393,MEM00570,1,3.88
M02393,MEM00570,1,3.74
M02393,MEM00570,1,3.98
M02393,MEM00570,1,3.29
M02393,MEM00570,1,4.35
M02393,MEM00570,1,4.23
M02393,MEM00570,1,3.64
M02394,MEM00285,1,5.0
M02394,MEM00285,1,4.56
M02394,MEM00285,1,4.62
M02394,MEM00285,1,3.91
M02394,MEM00285,1,4.2
M02394,MEM00285,1,4.58
M02394,MEM00285,1,4.29
M02394,MEM00210,1,5.0
M02394,MEM00210,1,4.08
M02394,MEM00210,1,3.9
M02394,MEM00210,1,4.58
M02394,MEM00210,1,3.44
M02394,MEM00210,1,4.75
M02394,MEM00210,1,3.42
M02394,MEM00446,1,4.58
M02394,MEM00446,1,3.81
M02394,MEM00446,1,4.49
M02394,MEM00446,1,4.74
M02394,MEM00446,1,4.29
M02394,MEM00446,1,3.48
M02394,MEM00446,1,3.66
M02394,MEM00739,1,3.76
M02394,MEM00739,1,3.06
M02394,MEM00739,1,4.88
M02394,MEM00739,1,4.27
M02394,MEM00739,1,3.52
M02394,MEM00739,1,5.0
M02394,MEM00739,1,3.78
M02395,MEM00757,1,4.35
M02395,MEM00757,1,3.7
M02395,MEM00757,1,2.99
M02395,MEM00757,1,3.38
M02395,MEM00757,1,3.93
M02395,MEM00757,1,4.74
M02395,MEM00757,1,4.41
M02395,MEM00706,1,4.28
M02395,MEM00706,1,2.99
M02395,MEM00706,1,4.96
M02395,MEM00706,1,4.33
M02395,MEM00706,1,4.13
M02395,MEM00706,1,4.88
M02395,MEM00706,1,4.95
M02395,MEM00595,1,4.89
M02395,MEM00595,1,4.05
M02395,MEM00595,1,3.6
M02395,MEM00595,1,4.79
M02395,MEM00595,1,3.38
M02395,MEM00595,1,5.0
M02395,MEM00595,1,4.22
M02395,MEM00085,1,3.56
M02395,MEM00085,1,3.46
M02395,MEM00085,1,3.43
M02395,MEM00085,1,4.28
M02395,MEM00085,1,4.2
M02395,MEM00085,1,3.46
M02395,MEM00085,1,3.99
M02396,MEM00533,1,3.38
M02396,MEM00533,1,4.55
M02396,MEM00533,1,4.17
M02396,MEM00533,1,3.97
M02396,MEM00533,1,3.43
M02396,MEM00533,1,4.02
M02396,MEM00533,1,3.95
M02396,MEM00319,1,4.39
M02396,MEM00319,1,4.3
M02396,MEM00319,1,4.68
M02396,MEM00319,1,3.91
M02396,MEM00319,1,3.08
M02396,MEM00319,1,4.79
M02396,MEM00319,1,3.64
M02397,EXT00189,0,0.0
M02397,EXT00189,0,0.0
M02397,EXT00189,0,0.0
M02397,EXT00189,0,0.0
M02397,EXT00189,0,0.0
M02397,EXT00189,0,0.0
M02397,EXT00189,0,0.0
M02398,MEM00173,1,3.54
M02398,MEM00173,1,4.17
M02398,MEM00173,1,4.38
M02398,MEM00173,1,3.88
M02398,MEM00173,1,3.88
M02398,MEM00173,1,3.97
M02398,MEM00173,1,5.0
M02398,MEM00054,1,4.2
M02398,MEM00054,1,3.62
M02398,MEM00054,1,3.63
M02398,MEM00054,1,4.05
M02398,MEM00054,1,4.34
M02398,MEM00054,1,4.49
M02398,MEM00054,1,4.27
M02398,EXT00317,0,3.69
M02398,EXT00317,0,3.95
M02398,EXT00317,0,4.64
M02398,EXT00317,0,3.51
M02398,EXT00317,0,3.92
M02398,EXT00317,0,4.56
M02398,EXT00317,0,4.73
M02398,EXT00181,0,4.08
M02398,EXT00181,0,3.95
M02398,EXT00181,0,3.41
M02398,EXT00181,0,4.52
M02398,EXT00181,0,4.99
M02398,EXT00181,0,5.0
M02398,EXT00181,0,4.43
M02399,MEM00233,1,0.0
M02399,MEM00233,1,0.0
M02399,MEM00233,1,0.0
M02399,MEM00233,1,0.0
M02399,MEM00233,1,0.0
M02399,MEM00233,1,0.0
M02399,MEM00233,1,0.0
M02400,MEM00299,1,0.0
M02400,MEM00299,1,0.0
M02400,MEM00299,1,0.0
M02400,MEM00299,1,0.0
M02400,MEM00299,1,0.0
M02400,MEM00299,1,0.0
M02400,MEM00299,1,0.0
M02400,MEM00679,1,0.0
M02400,MEM00679,1,0.0
M02400,MEM00679,1,0.0
M02400,MEM00679,1,0.0
M02400,MEM00679,1,0.0
M02400,MEM00679,1,0.0
M02400,MEM00679,1,0.0
M02400,EXT00303,0,0.0
M02400,EXT00303,0,0.0
M02400,EXT00303,0,0.0
M02400,EXT00303,0,0.0
M02400,EXT00303,0,0.0
M02400,EXT00303,0,0.0
M02400,EXT00303,0,0.0
M02401,MEM00210,1,4.17
M02401,MEM00210,1,3.65
M02401,MEM00210,1,3.07
M02401,MEM00210,1,4.31
M02401,MEM00210,1,5.0
M02401,MEM00210,1,4.96
M02401,MEM00210,1,4.87
M02401,MEM00114,1,4.35
M02401,MEM00114,1,4.42
M02401,MEM00114,1,2.75
M02401,MEM00114,1,4.66
M02401,MEM00114,1,3.85
M02401,MEM00114,1,3.78
M02401,MEM00114,1,4.01
M02401,EXT00094,0,3.99
M02401,EXT00094,0,3.77
M02401,EXT00094,0,4.21
M02401,EXT00094,0,3.87
M02401,EXT00094,0,4.26
M02401,EXT00094,0,3.31
M02401,EXT00094,0,4.07
M02401,EXT00365,0,3.54
M02401,EXT00365,0,3.82
M02401,EXT00365,0,4.29
M02401,EXT00365,0,3.24
M02401,EXT00365,0,3.71
M02401,EXT00365,0,4.54
M02401,EXT00365,0,3.35
M02402,MEM00283,1,5.0
M02402,MEM00283,1,4.92
M02402,MEM00283,1,3.9
M02402,MEM00283,1,3.73
M02402,MEM00283,1,4.32
M02402,MEM00283,1,3.33
M02402,MEM00283,1,3.0
M02402,MEM00461,1,3.92
M02402,MEM00461,1,4.12
M02402,MEM00461,1,4.26
M02402,MEM00461,1,3.83
M02402,MEM00461,1,4.96
M02402,MEM00461,1,3.3
M02402,MEM00461,1,3.52
M02402,MEM00421,1,4.49
M02402,MEM00421,1,3.5
M02402,MEM00421,1,3.48
M02402,MEM00421,1,4.27
M02402,MEM00421,1,3.57
M02402,MEM00421,1,4.12
M02402,MEM00421,1,3.78
M02402,MEM00475,1,3.68
M02402,MEM00475,1,2.94
M02402,MEM00475,1,4.28
M02402,MEM00475,1,3.45
M02402,MEM00475,1,4.1
M02402,MEM00475,1,3.89
M02402,MEM00475,1,4.08
M02403,MEM00414,1,0.0
M02403,MEM00414,1,0.0
M02403,MEM00414,1,0.0
M02403,MEM00414,1,0.0
M02403,MEM00414,1,0.0
M02403,MEM00414,1,0.0
M02403,MEM00414,1,0.0
M02403,MEM00642,1,0.0
M02403,MEM00642,1,0.0
M02403,MEM00642,1,0.0
M02403,MEM00642,1,0.0
M02403,MEM00642,1,0.0
M02403,MEM00642,1,0.0
M02403,MEM00642,1,0.0
M02403,EXT00048,0,0.0
M02403,EXT00048,0,0.0
M02403,EXT00048,0,0.0
M02403,EXT00048,0,0.0
M02403,EXT00048,0,0.0
M02403,EXT00048,0,0.0
M02403,EXT00048,0,0.0
M02404,MEM00421,1,4.11
M02404,MEM00421,1,4.32
M02404,MEM00421,1,3.76
M02404,MEM00421,1,4.95
M02404,MEM00421,1,3.09
M02404,MEM00421,1,4.06
M02404,MEM00421,1,4.7
M02404,MEM00121,1,4.49
M02404,MEM00121,1,3.62
M02404,MEM00121,1,3.72
M02404,MEM00121,1,3.6
M02404,MEM00121,1,4.56
M02404,MEM00121,1,3.76
M02404,MEM00121,1,4.35
M02405,MEM00756,1,0.0
M02405,MEM00756,1,0.0
M02405,MEM00756,1,0.0
M02405,MEM00756,1,0.0
M02405,MEM00756,1,0.0
M02405,MEM00756,1,0.0
M02405,MEM00756,1,0.0
M02406,MEM00692,1,4.36
M02406,MEM00692,1,5.0
M02406,MEM00692,1,4.39
M02406,MEM00692,1,3.71
M02406,MEM00692,1,3.32
M02406,MEM00692,1,4.03
M02406,MEM00692,1,4.13
M02406,MEM00614,1,2.87
M02406,MEM00614,1,3.77
M02406,MEM00614,1,4.38
M02406,MEM00614,1,3.88
M02406,MEM00614,1,4.78
M02406,MEM00614,1,3.26
M02406,MEM00614,1,4.61
M02406,MEM00235,1,4.75
M02406,MEM00235,1,4.77
M02406,MEM00235,1,3.26
M02406,MEM00235,1,4.39
M02406,MEM00235,1,3.8
M02406,MEM00235,1,3.36
M02406,MEM00235,1,3.95
M02406,EXT00093,0,3.66
M02406,EXT00093,0,4.75
M02406,EXT00093,0,4.51
M02406,EXT00093,0,3.51
M02406,EXT00093,0,3.77
M02406,EXT00093,0,3.97
M02406,EXT00093,0,4.16
M02409,MEM00179,1,4.8
M02409,MEM00179,1,4.61
M02409,MEM00179,1,4.23
M02409,MEM00179,1,4.04
M02409,MEM00179,1,3.14
M02409,MEM00179,1,4.98
M02409,MEM00179,1,3.93
M02409,MEM00037,1,5.0
M02409,MEM00037,1,4.32
M02409,MEM00037,1,5.0
M02409,MEM00037,1,4.56
M02409,MEM00037,1,3.34
M02409,MEM00037,1,3.83
M02409,MEM00037,1,4.1
M02409,MEM00105,1,3.68
M02409,MEM00105,1,3.97
M02409,MEM00105,1,3.38
M02409,MEM00105,1,4.2
M02409,MEM00105,1,4.34
M02409,MEM00105,1,3.6
M02409,MEM00105,1,5.0
M02409,MEM00584,1,4.24
M02409,MEM00584,1,3.71
M02409,MEM00584,1,3.22
M02409,MEM00584,1,4.24
M02409,MEM00584,1,4.04
M02409,MEM00584,1,4.67
M02409,MEM00584,1,4.11
M02410,MEM00285,1,0.0
M02410,MEM00285,1,0.0
M02410,MEM00285,1,0.0
M02410,MEM00285,1,0.0
M02410,MEM00285,1,0.0
M02410,MEM00285,1,0.0
M02410,MEM00285,1,0.0
M02412,MEM00394,1,0.0
M02412,MEM00394,1,0.0
M02412,MEM00394,1,0.0
M02412,MEM00394,1,0.0
M02412,MEM00394,1,0.0
M02412,MEM00394,1,0.0
M02412,MEM00394,1,0.0
M02412,MEM00584,1,0.0
M02412,MEM00584,1,0.0
M02412,MEM00584,1,0.0
M02412,MEM00584,1,0.0
M02412,MEM00584,1,0.0
M02412,MEM00584,1,0.0
M02412,MEM00584,1,0.0
M02412,EXT00159,0,0.0
M02412,EXT00159,0,0.0
M02412,EXT00159,0,0.0
M02412,EXT00159,0,0.0
M02412,EXT00159,0,0.0
M02412,EXT00159,0,0.0
M02412,EXT00159,0,0.0
M02412,EXT00048,0,0.0
M02412,EXT00048,0,0.0
M02412,EXT00048,0,0.0
M02412,EXT00048,0,0.0
M02412,EXT00048,0,0.0
M02412,EXT00048,0,0.0
M02412,EXT00048,0,0.0
M02413,MEM00379,1,3.48
M02413,MEM00379,1,5.0
M02413,MEM00379,1,4.46
M02413,MEM00379,1,4.05
M02413,MEM00379,1,4.3
M02413,MEM00379,1,4.48
M02413,MEM00379,1,3.34
M02413,MEM00157,1,4.29
M02413,MEM00157,1,3.93
M02413,MEM00157,1,4.5
M02413,MEM00157,1,3.76
M02413,MEM00157,1,3.84
M02413,MEM00157,1,5.0
M02413,MEM00157,1,4.94
M02413,MEM00422,1,2.22
M02413,MEM00422,1,4.89
M02413,MEM00422,1,4.16
M02413,MEM00422,1,3.78
M02413,MEM00422,1,3.6
M02413,MEM00422,1,3.63
M02413,MEM00422,1,3.79
M02413,MEM00652,1,3.52
M02413,MEM00652,1,3.39
M02413,MEM00652,1,3.58
M02413,MEM00652,1,4.39
M02413,MEM00652,1,4.23
M02413,MEM00652,1,4.53
M02413,MEM00652,1,4.16
M02414,MEM00642,1,0.0
M02414,MEM00642,1,0.0
M02414,MEM00642,1,0.0
M02414,MEM00642,1,0.0
M02414,MEM00642,1,0.0
M02414,MEM00642,1,0.0
M02414,MEM00642,1,0.0
M02414,MEM00559,1,0.0
M02414,MEM00559,1,0.0
M02414,MEM00559,1,0.0
M02414,MEM00559,1,0.0
M02414,MEM00559,1,0.0
M02414,MEM00559,1,0.0
M02414,MEM00559,1,0.0
M02415,MEM00434,1,0.0
M02415,MEM00434,1,0.0
M02415,MEM00434,1,0.0
M02415,MEM00434,1,0.0
M02415,MEM00434,1,0.0
M02415,MEM00434,1,0.0
M02415,MEM00434,1,0.0
M02416,MEM00562,1,0.0
M02416,MEM00562,1,0.0
M02416,MEM00562,1,0.0
M02416,MEM00562,1,0.0
M02416,MEM00562,1,0.0
M02416,MEM00562,1,0.0
M02416,MEM00562,1,0.0
M02417,MEM00496,1,3.42
M02417,MEM00496,1,4.5
M02417,MEM00496,1,3.6
M02417,MEM00496,1,4.59
M02417,MEM00496,1,3.5
M02417,MEM00496,1,3.79
M02417,MEM00496,1,3.98
M02417,MEM00528,1,4.6
M02417,MEM00528,1,4.31
M02417,MEM00528,1,4.21
M02417,MEM00528,1,5.0
M02417,MEM00528,1,3.1
M02417,MEM00528,1,3.58
M02417,MEM00528,1,3.55
M02417,MEM00415,1,3.14
M02417,MEM00415,1,3.77
M02417,MEM00415,1,4.61
M02417,MEM00415,1,3.85
M02417,MEM00415,1,4.0
M02417,MEM00415,1,3.17
M02417,MEM00415,1,3.72
M02417,EXT00129,0,3.92
M02417,EXT00129,0,4.59
M02417,EXT00129,0,3.2
M02417,EXT00129,0,3.93
M02417,EXT00129,0,4.85
M02417,EXT00129,0,3.93
M02417,EXT00129,0,2.93
M02418,MEM00729,1,4.97
M02418,MEM00729,1,4.64
M02418,MEM00729,1,4.72
M02418,MEM00729,1,3.15
M02418,MEM00729,1,5.0
M02418,MEM00729,1,3.74
M02418,MEM00729,1,3.89
M02418,MEM00466,1,3.78
M02418,MEM00466,1,4.77
M02418,MEM00466,1,4.09
M02418,MEM00466,1,4.49
M02418,MEM00466,1,4.25
M02418,MEM00466,1,4.14
M02418,MEM00466,1,3.63
M02419,MEM00083,1,5.0
M02419,MEM00083,1,3.32
M02419,MEM00083,1,4.45
M02419,MEM00083,1,4.43
M02419,MEM00083,1,4.89
M02419,MEM00083,1,5.0
M02419,MEM00083,1,4.12
M02419,MEM00359,1,4.52
M02419,MEM00359,1,5.0
M02419,MEM00359,1,4.16
M02419,MEM00359,1,3.56
M02419,MEM00359,1,3.97
M02419,MEM00359,1,3.42
M02419,MEM00359,1,4.42
M02419,EXT00307,0,4.84
M02419,EXT00307,0,4.13
M02419,EXT00307,0,3.23
M02419,EXT00307,0,4.81
M02419,EXT00307,0,3.13
M02419,EXT00307,0,3.27
M02419,EXT00307,0,4.09
M02419,EXT00318,0,4.35
M02419,EXT00318,0,4.45
M02419,EXT00318,0,4.16
M02419,EXT00318,0,5.0
M02419,EXT00318,0,4.24
M02419,EXT00318,0,4.82
M02419,EXT00318,0,4.67
M02421,MEM00389,1,0.0
M02421,MEM00389,1,0.0
M02421,MEM00389,1,0.0
M02421,MEM00389,1,0.0
M02421,MEM00389,1,0.0
M02421,MEM00389,1,0.0
M02421,MEM00389,1,0.0
M02422,MEM00715,1,0.0
M02422,MEM00715,1,0.0
M02422,MEM00715,1,0.0
M02422,MEM00715,1,0.0
M02422,MEM00715,1,0.0
M02422,MEM00715,1,0.0
M02422,MEM00715,1,0.0
M02423,EXT00099,0,0.0
M02423,EXT00099,0,0.0
M02423,EXT00099,0,0.0
M02423,EXT00099,0,0.0
M02423,EXT00099,0,0.0
M02423,EXT00099,0,0.0
M02423,EXT00099,0,0.0
M02424,MEM00320,1,0.0
M02424,MEM00320,1,0.0
M02424,MEM00320,1,0.0
M02424,MEM00320,1,0.0
M02424,MEM00320,1,0.0
M02424,MEM00320,1,0.0
M02424,MEM00320,1,0.0
M02425,MEM00716,1,3.42
M02425,MEM00716,1,4.1
M02425,MEM00716,1,5.0
M02425,MEM00716,1,3.9
M02425,MEM00716,1,3.8
M02425,MEM00716,1,4.3
M02425,MEM00716,1,3.92
M02425,MEM00552,1,3.72
M02425,MEM00552,1,3.91
M02425,MEM00552,1,5.0
M02425,MEM00552,1,4.12
M02425,MEM00552,1,3.4
M02425,MEM00552,1,3.29
M02425,MEM00552,1,5.0
M02425,MEM00681,1,4.07
M02425,MEM00681,1,4.46
M02425,MEM00681,1,3.74
M02425,MEM00681,1,4.39
M02425,MEM00681,1,5.0
M02425,MEM00681,1,3.81
M02425,MEM00681,1,4.48
M02425,MEM00718,1,3.36
M02425,MEM00718,1,5.0
M02425,MEM00718,1,4.36
M02425,MEM00718,1,3.95
M02425,MEM00718,1,4.02
M02425,MEM00718,1,3.89
M02425,MEM00718,1,3.92
M02427,MEM00087,1,2.73
M02427,MEM00087,1,4.14
M02427,MEM00087,1,4.12
M02427,MEM00087,1,4.49
M02427,MEM00087,1,3.89
M02427,MEM00087,1,3.74
M02427,MEM00087,1,4.2
M02427,MEM00689,1,3.23
M02427,MEM00689,1,4.29
M02427,MEM00689,1,3.08
M02427,MEM00689,1,4.87
M02427,MEM00689,1,4.61
M02427,MEM00689,1,3.64
M02427,MEM00689,1,4.6
M02428,MEM00163,1,4.27
M02428,MEM00163,1,3.59
M02428,MEM00163,1,2.99
M02428,MEM00163,1,4.39
M02428,MEM00163,1,3.72
M02428,MEM00163,1,4.86
M02428,MEM00163,1,4.21
M02428,MEM00249,1,3.78
M02428,MEM00249,1,5.0
M02428,MEM00249,1,4.55
M02428,MEM00249,1,2.01
M02428,MEM00249,1,3.91
M02428,MEM00249,1,3.37
M02428,MEM00249,1,3.72
M02429,MEM00210,1,0.0
M02429,MEM00210,1,0.0
M02429,MEM00210,1,0.0
M02429,MEM00210,1,0.0
M02429,MEM00210,1,0.0
M02429,MEM00210,1,0.0
M02429,MEM00210,1,0.0
M02430,MEM00210,1,0.0
M02430,MEM00210,1,0.0
M02430,MEM00210,1,0.0
M02430,MEM00210,1,0.0
M02430,MEM00210,1,0.0
M02430,MEM00210,1,0.0
M02430,MEM00210,1,0.0
M02430,MEM00226,1,0.0
M02430,MEM00226,1,0.0
M02430,MEM00226,1,0.0
M02430,MEM00226,1,0.0
M02430,MEM00226,1,0.0
M02430,MEM00226,1,0.0
M02430,MEM00226,1,0.0
M02430,MEM00126,1,0.0
M02430,MEM00126,1,0.0
M02430,MEM00126,1,0.0
M02430,MEM00126,1,0.0
M02430,MEM00126,1,0.0
M02430,MEM00126,1,0.0
M02430,MEM00126,1,0.0
M02430,MEM00249,1,0.0
M02430,MEM00249,1,0.0
M02430,MEM00249,1,0.0
M02430,MEM00249,1,0.0
M02430,MEM00249,1,0.0
M02430,MEM00249,1,0.0
M02430,MEM00249,1,0.0
M02431,MEM00352,1,0.0
M02431,MEM00352,1,0.0
M02431,MEM00352,1,0.0
M02431,MEM00352,1,0.0
M02431,MEM00352,1,0.0
M02431,MEM00352,1,0.0
M02431,MEM00352,1,0.0
M02431,MEM00450,1,0.0
M02431,MEM00450,1,0.0
M02431,MEM00450,1,0.0
M02431,MEM00450,1,0.0
M02431,MEM00450,1,0.0
M02431,MEM00450,1,0.0
M02431,MEM00450,1,0.0
M02432,MEM00267,1,0.0
M02432,MEM00267,1,0.0
M02432,MEM00267,1,0.0
M02432,MEM00267,1,0.0
M02432,MEM00267,1,0.0
M02432,MEM00267,1,0.0
M02432,MEM00267,1,0.0
M02432,EXT00358,0,0.0
M02432,EXT00358,0,0.0
M02432,EXT00358,0,0.0
M02432,EXT00358,0,0.0
M02432,EXT00358,0,0.0
M02432,EXT00358,0,0.0
M02432,EXT00358,0,0.0
M02432,EXT00307,0,0.0
M02432,EXT00307,0,0.0
M02432,EXT00307,0,0.0
M02432,EXT00307,0,0.0
M02432,EXT00307,0,0.0
M02432,EXT00307,0,0.0
M02432,EXT00307,0,0.0
M02432,EXT00303,0,0.0
M02432,EXT00303,0,0.0
M02432,EXT00303,0,0.0
M02432,EXT00303,0,0.0
M02432,EXT00303,0,0.0
M02432,EXT00303,0,0.0
M02432,EXT00303,0,0.0
M02434,MEM00253,1,4.11
M02434,MEM00253,1,4.41
M02434,MEM00253,1,4.36
M02434,MEM00253,1,4.85
M02434,MEM00253,1,4.58
M02434,MEM00253,1,4.54
M02434,MEM00253,1,4.32
M02434,MEM00601,1,4.97
M02434,MEM00601,1,4.01
M02434,MEM00601,1,4.03
M02434,MEM00601,1,3.06
M02434,MEM00601,1,4.83
M02434,MEM00601,1,4.15
M02434,MEM00601,1,5.0
M02434,MEM00139,1,3.96
M02434,MEM00139,1,4.25
M02434,MEM00139,1,4.53
M02434,MEM00139,1,3.54
M02434,MEM00139,1,4.42
M02434,MEM00139,1,4.22
M02434,MEM00139,1,4.02
M02434,MEM00123,1,4.9
M02434,MEM00123,1,3.66
M02434,MEM00123,1,4.36
M02434,MEM00123,1,5.0
M02434,MEM00123,1,3.78
M02434,MEM00123,1,4.02
M02434,MEM00123,1,5.0
M02435,MEM00210,1,4.48
M02435,MEM00210,1,3.9
M02435,MEM00210,1,4.68
M02435,MEM00210,1,3.86
M02435,MEM00210,1,3.26
M02435,MEM00210,1,5.0
M02435,MEM00210,1,3.54
M02435,MEM00066,1,5.0
M02435,MEM00066,1,3.91
M02435,MEM00066,1,5.0
M02435,MEM00066,1,3.38
M02435,MEM00066,1,4.82
M02435,MEM00066,1,4.5
M02435,MEM00066,1,4.7
M02435,MEM00642,1,4.78
M02435,MEM00642,1,3.9
M02435,MEM00642,1,3.41
M02435,MEM00642,1,4.17
M02435,MEM00642,1,4.33
M02435,MEM00642,1,3.92
M02435,MEM00642,1,4.37
M02435,MEM00267,1,4.4
M02435,MEM00267,1,3.65
M02435,MEM00267,1,4.44
M02435,MEM00267,1,4.04
M02435,MEM00267,1,3.78
M02435,MEM00267,1,4.67
M02435,MEM00267,1,3.73
M02436,MEM00681,1,3.93
M02436,MEM00681,1,4.24
M02436,MEM00681,1,5.0
M02436,MEM00681,1,4.32
M02436,MEM00681,1,4.52
M02436,MEM00681,1,4.02
M02436,MEM00681,1,4.15
M02436,MEM00123,1,4.17
M02436,MEM00123,1,4.38
M02436,MEM00123,1,4.02
M02436,MEM00123,1,5.0
M02436,MEM00123,1,3.98
M02436,MEM00123,1,3.18
M02436,MEM00123,1,5.0
M02437,MEM00492,1,4.0
M02437,MEM00492,1,4.99
M02437,MEM00492,1,5.0
M02437,MEM00492,1,4.77
M02437,MEM00492,1,4.08
M02437,MEM00492,1,4.37
M02437,MEM00492,1,3.44
M02437,MEM00417,1,5.0
M02437,MEM00417,1,3.69
M02437,MEM00417,1,4.05
M02437,MEM00417,1,4.26
M02437,MEM00417,1,4.14
M02437,MEM00417,1,3.81
M02437,MEM00417,1,5.0
M02437,MEM00433,1,4.77
M02437,MEM00433,1,4.39
M02437,MEM00433,1,3.96
M02437,MEM00433,1,4.84
M02437,MEM00433,1,3.92
M02437,MEM00433,1,5.0
M02437,MEM00433,1,4.27
M02437,MEM00210,1,4.94
M02437,MEM00210,1,4.13
M02437,MEM00210,1,4.24
M02437,MEM00210,1,4.94
M02437,MEM00210,1,5.0
M02437,MEM00210,1,5.0
M02437,MEM00210,1,4.73
M02438,MEM00515,1,0.0
M02438,MEM00515,1,0.0
M02438,MEM00515,1,0.0
M02438,MEM00515,1,0.0
M02438,MEM00515,1,0.0
M02438,MEM00515,1,0.0
M02438,MEM00515,1,0.0
M02440,MEM00204,1,0.0
M02440,MEM00204,1,0.0
M02440,MEM00204,1,0.0
M02440,MEM00204,1,0.0
M02440,MEM00204,1,0.0
M02440,MEM00204,1,0.0
M02440,MEM00204,1,0.0
M02441,MEM00688,1,4.55
M02441,MEM00688,1,3.9
M02441,MEM00688,1,4.38
M02441,MEM00688,1,3.65
M02441,MEM00688,1,4.43
M02441,MEM00688,1,4.46
M02441,MEM00688,1,3.02
M02441,MEM00236,1,4.22
M02441,MEM00236,1,4.45
M02441,MEM00236,1,4.15
M02441,MEM00236,1,4.41
M02441,MEM00236,1,3.39
M02441,MEM00236,1,3.73
M02441,MEM00236,1,4.82
M02442,MEM00285,1,0.0
M02442,MEM00285,1,0.0
M02442,MEM00285,1,0.0
M02442,MEM00285,1,0.0
M02442,MEM00285,1,0.0
M02442,MEM00285,1,0.0
M02442,MEM00285,1,0.0
M02442,MEM00271,1,0.0
M02442,MEM00271,1,0.0
M02442,MEM00271,1,0.0
M02442,MEM00271,1,0.0
M02442,MEM00271,1,0.0
M02442,MEM00271,1,0.0
M02442,MEM00271,1,0.0
M02442,MEM00561,1,0.0
M02442,MEM00561,1,0.0
M02442,MEM00561,1,0.0
M02442,MEM00561,1,0.0
M02442,MEM00561,1,0.0
M02442,MEM00561,1,0.0
M02442,MEM00561,1,0.0
M02442,MEM00013,1,0.0
M02442,MEM00013,1,0.0
M02442,MEM00013,1,0.0
M02442,MEM00013,1,0.0
M02442,MEM00013,1,0.0
M02442,MEM00013,1,0.0
M02442,MEM00013,1,0.0
M02443,MEM00423,1,0.0
M02443,MEM00423,1,0.0
M02443,MEM00423,1,0.0
M02443,MEM00423,1,0.0
M02443,MEM00423,1,0.0
M02443,MEM00423,1,0.0
M02443,MEM00423,1,0.0
M02444,MEM00073,1,0.0
M02444,MEM00073,1,0.0
M02444,MEM00073,1,0.0
M02444,MEM00073,1,0.0
M02444,MEM00073,1,0.0
M02444,MEM00073,1,0.0
M02444,MEM00073,1,0.0
M02445,MEM00625,1,4.2
M02445,MEM00625,1,4.4
M02445,MEM00625,1,3.87
M02445,MEM00625,1,4.21
M02445,MEM00625,1,2.82
M02445,MEM00625,1,4.71
M02445,MEM00625,1,5.0
M02445,MEM00187,1,3.56
M02445,MEM00187,1,3.64
M02445,MEM00187,1,4.46
M02445,MEM00187,1,5.0
M02445,MEM00187,1,4.2
M02445,MEM00187,1,3.46
M02445,MEM00187,1,4.07
M02446,MEM00543,1,0.0
M02446,MEM00543,1,0.0
M02446,MEM00543,1,0.0
M02446,MEM00543,1,0.0
M02446,MEM00543,1,0.0
M02446,MEM00543,1,0.0
M02446,MEM00543,1,0.0
M02447,MEM00522,1,3.58
M02447,MEM00522,1,3.8
M02447,MEM00522,1,4.02
M02447,MEM00522,1,3.64
M02447,MEM00522,1,3.73
M02447,MEM00522,1,4.24
M02447,MEM00522,1,4.33
M02447,MEM00595,1,3.35
M02447,MEM00595,1,4.44
M02447,MEM00595,1,3.97
M02447,MEM00595,1,4.63
M02447,MEM00595,1,4.67
M02447,MEM00595,1,3.87
M02447,MEM00595,1,4.57
M02447,MEM00437,1,3.7
M02447,MEM00437,1,4.99
M02447,MEM00437,1,3.72
M02447,MEM00437,1,4.41
M02447,MEM00437,1,4.09
M02447,MEM00437,1,3.59
M02447,MEM00437,1,4.74
M02447,MEM00638,1,3.83
M02447,MEM00638,1,3.18
M02447,MEM00638,1,2.47
M02447,MEM00638,1,3.67
M02447,MEM00638,1,5.0
M02447,MEM00638,1,4.95
M02447,MEM00638,1,3.77
M02449,MEM00643,1,3.98
M02449,MEM00643,1,3.92
M02449,MEM00643,1,3.4
M02449,MEM00643,1,3.63
M02449,MEM00643,1,4.79
M02449,MEM00643,1,4.5
M02449,MEM00643,1,4.36
M02449,MEM00274,1,3.4
M02449,MEM00274,1,4.26
M02449,MEM00274,1,2.82
M02449,MEM00274,1,4.71
M02449,MEM00274,1,4.36
M02449,MEM00274,1,3.39
M02449,MEM00274,1,5.0
M02450,MEM00447,1,0.0
M02450,MEM00447,1,0.0
M02450,MEM00447,1,0.0
M02450,MEM00447,1,0.0
M02450,MEM00447,1,0.0
M02450,MEM00447,1,0.0
M02450,MEM00447,1,0.0
M02450,MEM00225,1,0.0
M02450,MEM00225,1,0.0
M02450,MEM00225,1,0.0
M02450,MEM00225,1,0.0
M02450,MEM00225,1,0.0
M02450,MEM00225,1,0.0
M02450,MEM00225,1,0.0
M02450,EXT00303,0,0.0
M02450,EXT00303,0,0.0
M02450,EXT00303,0,0.0
M02450,EXT00303,0,0.0
M02450,EXT00303,0,0.0
M02450,EXT00303,0,0.0
M02450,EXT00303,0,0.0
M02452,MEM00294,1,0.0
M02452,MEM00294,1,0.0
M02452,MEM00294,1,0.0
M02452,MEM00294,1,0.0
M02452,MEM00294,1,0.0
M02452,MEM00294,1,0.0
M02452,MEM00294,1,0.0
M02453,MEM00367,1,3.12
M02453,MEM00367,1,4.52
M02453,MEM00367,1,4.53
M02453,MEM00367,1,3.46
M02453,MEM00367,1,4.18
M02453,MEM00367,1,3.22
M02453,MEM00367,1,2.49
M02453,MEM00235,1,3.56
M02453,MEM00235,1,3.83
M02453,MEM00235,1,4.59
M02453,MEM00235,1,4.24
M02453,MEM00235,1,4.26
M02453,MEM00235,1,3.59
M02453,MEM00235,1,3.88
M02454,MEM00754,1,3.64
M02454,MEM00754,1,3.47
M02454,MEM00754,1,3.84
M02454,MEM00754,1,4.24
M02454,MEM00754,1,3.86
M02454,MEM00754,1,4.01
M02454,MEM00754,1,4.62
M02454,MEM00651,1,3.9
M02454,MEM00651,1,3.4
M02454,MEM00651,1,4.54
M02454,MEM00651,1,4.36
M02454,MEM00651,1,4.4
M02454,MEM00651,1,4.58
M02454,MEM00651,1,4.47
M02454,MEM00424,1,4.22
M02454,MEM00424,1,5.0
M02454,MEM00424,1,3.43
M02454,MEM00424,1,3.85
M02454,MEM00424,1,4.78
M02454,MEM00424,1,4.29
M02454,MEM00424,1,4.65
M02454,EXT00265,0,4.3
M02454,EXT00265,0,5.0
M02454,EXT00265,0,3.6
M02454,EXT00265,0,5.0
M02454,EXT00265,0,4.9
M02454,EXT00265,0,3.47
M02454,EXT00265,0,4.58
M02455,MEM00725,1,0.0
M02455,MEM00725,1,0.0
M02455,MEM00725,1,0.0
M02455,MEM00725,1,0.0
M02455,MEM00725,1,0.0
M02455,MEM00725,1,0.0
M02455,MEM00725,1,0.0
M02456,EXT00042,0,0.0
M02456,EXT00042,0,0.0
M02456,EXT00042,0,0.0
M02456,EXT00042,0,0.0
M02456,EXT00042,0,0.0
M02456,EXT00042,0,0.0
M02456,EXT00042,0,0.0
M02457,MEM00204,1,0.0
M02457,MEM00204,1,0.0
M02457,MEM00204,1,0.0
M02457,MEM00204,1,0.0
M02457,MEM00204,1,0.0
M02457,MEM00204,1,0.0
M02457,MEM00204,1,0.0
M02457,MEM00572,1,0.0
M02457,MEM00572,1,0.0
M02457,MEM00572,1,0.0
M02457,MEM00572,1,0.0
M02457,MEM00572,1,0.0
M02457,MEM00572,1,0.0
M02457,MEM00572,1,0.0
M02458,MEM00655,1,0.0
M02458,MEM00655,1,0.0
M02458,MEM00655,1,0.0
M02458,MEM00655,1,0.0
M02458,MEM00655,1,0.0
M02458,MEM00655,1,0.0
M02458,MEM00655,1,0.0
M02458,MEM00680,1,0.0
M02458,MEM00680,1,0.0
M02458,MEM00680,1,0.0
M02458,MEM00680,1,0.0
M02458,MEM00680,1,0.0
M02458,MEM00680,1,0.0
M02458,MEM00680,1,0.0
M02459,MEM00088,1,0.0
M02459,MEM00088,1,0.0
M02459,MEM00088,1,0.0
M02459,MEM00088,1,0.0
M02459,MEM00088,1,0.0
M02459,MEM00088,1,0.0
M02459,MEM00088,1,0.0
M02459,MEM00324,1,0.0
M02459,MEM00324,1,0.0
M02459,MEM00324,1,0.0
M02459,MEM00324,1,0.0
M02459,MEM00324,1,0.0
M02459,MEM00324,1,0.0
M02459,MEM00324,1,0.0
M02460,MEM00346,1,0.0
M02460,MEM00346,1,0.0
M02460,MEM00346,1,0.0
M02460,MEM00346,1,0.0
M02460,MEM00346,1,0.0
M02460,MEM00346,1,0.0
M02460,MEM00346,1,0.0
M02462,MEM00221,1,4.17
M02462,MEM00221,1,3.84
M02462,MEM00221,1,3.07
M02462,MEM00221,1,3.59
M02462,MEM00221,1,4.62
M02462,MEM00221,1,4.69
M02462,MEM00221,1,4.07
M02462,MEM00203,1,4.69
M02462,MEM00203,1,4.77
M02462,MEM00203,1,4.29
M02462,MEM00203,1,3.77
M02462,MEM00203,1,4.46
M02462,MEM00203,1,4.49
M02462,MEM00203,1,4.6
M02463,MEM00074,1,0.0
M02463,MEM00074,1,0.0
M02463,MEM00074,1,0.0
M02463,MEM00074,1,0.0
M02463,MEM00074,1,0.0
M02463,MEM00074,1,0.0
M02463,MEM00074,1,0.0
M02463,MEM00615,1,0.0
M02463,MEM00615,1,0.0
M02463,MEM00615,1,0.0
M02463,MEM00615,1,0.0
M02463,MEM00615,1,0.0
M02463,MEM00615,1,0.0
M02463,MEM00615,1,0.0
M02463,EXT00331,0,0.0
M02463,EXT00331,0,0.0
M02463,EXT00331,0,0.0
M02463,EXT00331,0,0.0
M02463,EXT00331,0,0.0
M02463,EXT00331,0,0.0
M02463,EXT00331,0,0.0
M02464,MEM00088,1,4.72
M02464,MEM00088,1,3.38
M02464,MEM00088,1,3.89
M02464,MEM00088,1,3.06
M02464,MEM00088,1,4.65
M02464,MEM00088,1,4.07
M02464,MEM00088,1,4.46
M02464,MEM00257,1,3.31
M02464,MEM00257,1,5.0
M02464,MEM00257,1,3.48
M02464,MEM00257,1,4.66
M02464,MEM00257,1,4.27
M02464,MEM00257,1,4.09
M02464,MEM00257,1,4.04
M02464,MEM00475,1,3.82
M02464,MEM00475,1,4.98
M02464,MEM00475,1,4.21
M02464,MEM00475,1,3.44
M02464,MEM00475,1,3.97
M02464,MEM00475,1,4.28
M02464,MEM00475,1,4.74
M02464,EXT00037,0,3.84
M02464,EXT00037,0,3.88
M02464,EXT00037,0,4.21
M02464,EXT00037,0,4.72
M02464,EXT00037,0,3.38
M02464,EXT00037,0,4.5
M02464,EXT00037,0,3.92
M02465,MEM00768,1,0.0
M02465,MEM00768,1,0.0
M02465,MEM00768,1,0.0
M02465,MEM00768,1,0.0
M02465,MEM00768,1,0.0
M02465,MEM00768,1,0.0
M02465,MEM00768,1,0.0
M02465,MEM00642,1,0.0
M02465,MEM00642,1,0.0
M02465,MEM00642,1,0.0
M02465,MEM00642,1,0.0
M02465,MEM00642,1,0.0
M02465,MEM00642,1,0.0
M02465,MEM00642,1,0.0
M02465,MEM00367,1,0.0
M02465,MEM00367,1,0.0
M02465,MEM00367,1,0.0
M02465,MEM00367,1,0.0
M02465,MEM00367,1,0.0
M02465,MEM00367,1,0.0
M02465,MEM00367,1,0.0
M02466,MEM00756,1,4.01
M02466,MEM00756,1,5.0
M02466,MEM00756,1,4.08
M02466,MEM00756,1,4.65
M02466,MEM00756,1,4.63
M02466,MEM00756,1,3.49
M02466,MEM00756,1,3.09
M02466,MEM00195,1,4.69
M02466,MEM00195,1,3.55
M02466,MEM00195,1,3.2
M02466,MEM00195,1,4.82
M02466,MEM00195,1,3.59
M02466,MEM00195,1,3.74
M02466,MEM00195,1,5.0
M02466,EXT00131,0,3.2
M02466,EXT00131,0,3.45
M02466,EXT00131,0,3.92
M02466,EXT00131,0,4.06
M02466,EXT00131,0,3.66
M02466,EXT00131,0,3.5
M02466,EXT00131,0,5.0
M02466,EXT00066,0,4.36
M02466,EXT00066,0,4.55
M02466,EXT00066,0,4.12
M02466,EXT00066,0,4.37
M02466,EXT00066,0,4.76
M02466,EXT00066,0,3.6
M02466,EXT00066,0,4.36
M02467,MEM00760,1,4.62
M02467,MEM00760,1,5.0
M02467,MEM00760,1,5.0
M02467,MEM00760,1,4.24
M02467,MEM00760,1,4.88
M02467,MEM00760,1,2.6
M02467,MEM00760,1,5.0
M02467,MEM00437,1,3.76
M02467,MEM00437,1,4.06
M02467,MEM00437,1,4.46
M02467,MEM00437,1,4.11
M02467,MEM00437,1,4.32
M02467,MEM00437,1,5.0
M02467,MEM00437,1,3.97
M02468,MEM00210,1,0.0
M02468,MEM00210,1,0.0
M02468,MEM00210,1,0.0
M02468,MEM00210,1,0.0
M02468,MEM00210,1,0.0
M02468,MEM00210,1,0.0
M02468,MEM00210,1,0.0
M02468,MEM00157,1,0.0
M02468,MEM00157,1,0.0
M02468,MEM00157,1,0.0
M02468,MEM00157,1,0.0
M02468,MEM00157,1,0.0
M02468,MEM00157,1,0.0
M02468,MEM00157,1,0.0
M02468,MEM00004,1,0.0
M02468,MEM00004,1,0.0
M02468,MEM00004,1,0.0
M02468,MEM00004,1,0.0
M02468,MEM00004,1,0.0
M02468,MEM00004,1,0.0
M02468,MEM00004,1,0.0
M02468,MEM00756,1,0.0
M02468,MEM00756,1,0.0
M02468,MEM00756,1,0.0
M02468,MEM00756,1,0.0
M02468,MEM00756,1,0.0
M02468,MEM00756,1,0.0
M02468,MEM00756,1,0.0
M02469,MEM00446,1,3.55
M02469,MEM00446,1,5.0
M02469,MEM00446,1,4.52
M02469,MEM00446,1,5.0
M02469,MEM00446,1,4.72
M02469,MEM00446,1,3.41
M02469,MEM00446,1,4.59
M02469,MEM00114,1,3.61
M02469,MEM00114,1,4.2
M02469,MEM00114,1,4.15
M02469,MEM00114,1,3.23
M02469,MEM00114,1,3.71
M02469,MEM00114,1,5.0
M02469,MEM00114,1,4.34
M02469,EXT00196,0,4.09
M02469,EXT00196,0,5.0
M02469,EXT00196,0,3.96
M02469,EXT00196,0,4.15
M02469,EXT00196,0,4.79
M02469,EXT00196,0,3.96
M02469,EXT00196,0,3.75
M02469,EXT00343,0,2.85
M02469,EXT00343,0,3.64
M02469,EXT00343,0,3.63
M02469,EXT00343,0,4.3
M02469,EXT00343,0,3.83
M02469,EXT00343,0,5.0
M02469,EXT00343,0,3.57
M02470,MEM00544,1,5.0
M02470,MEM00544,1,4.33
M02470,MEM00544,1,4.68
M02470,MEM00544,1,4.65
M02470,MEM00544,1,2.87
M02470,MEM00544,1,4.19
M02470,MEM00544,1,4.04
M02470,MEM00796,1,3.52
M02470,MEM00796,1,4.48
M02470,MEM00796,1,5.0
M02470,MEM00796,1,2.6
M02470,MEM00796,1,3.88
M02470,MEM00796,1,3.45
M02470,MEM00796,1,4.24
M02471,MEM00074,1,4.0
M02471,MEM00074,1,3.84
M02471,MEM00074,1,4.61
M02471,MEM00074,1,5.0
M02471,MEM00074,1,5.0
M02471,MEM00074,1,3.76
M02471,MEM00074,1,3.11
M02471,EXT00398,0,4.54
M02471,EXT00398,0,5.0
M02471,EXT00398,0,4.69
M02471,EXT00398,0,5.0
M02471,EXT00398,0,4.06
M02471,EXT00398,0,3.83
M02471,EXT00398,0,4.27
M02472,EXT00160,0,0.0
M02472,EXT00160,0,0.0
M02472,EXT00160,0,0.0
M02472,EXT00160,0,0.0
M02472,EXT00160,0,0.0
M02472,EXT00160,0,0.0
M02472,EXT00160,0,0.0
M02473,MEM00221,1,0.0
M02473,MEM00221,1,0.0
M02473,MEM00221,1,0.0
M02473,MEM00221,1,0.0
M02473,MEM00221,1,0.0
M02473,MEM00221,1,0.0
M02473,MEM00221,1,0.0
M02474,MEM00435,1,0.0
M02474,MEM00435,1,0.0
M02474,MEM00435,1,0.0
M02474,MEM00435,1,0.0
M02474,MEM00435,1,0.0
M02474,MEM00435,1,0.0
M02474,MEM00435,1,0.0
M02475,MEM00084,1,4.0
M02475,MEM00084,1,4.6
M02475,MEM00084,1,4.78
M02475,MEM00084,1,4.83
M02475,MEM00084,1,4.51
M02475,MEM00084,1,4.35
M02475,MEM00084,1,4.68
M02475,MEM00235,1,3.02
M02475,MEM00235,1,4.33
M02475,MEM00235,1,4.23
M02475,MEM00235,1,4.33
M02475,MEM00235,1,4.15
M02475,MEM00235,1,4.46
M02475,MEM00235,1,3.86
M02477,MEM00002,1,4.88
M02477,MEM00002,1,4.48
M02477,MEM00002,1,4.29
M02477,MEM00002,1,3.78
M02477,MEM00002,1,4.69
M02477,MEM00002,1,4.32
M02477,MEM00002,1,3.75
M02477,MEM00359,1,4.17
M02477,MEM00359,1,4.58
M02477,MEM00359,1,4.53
M02477,MEM00359,1,4.49
M02477,MEM00359,1,4.26
M02477,MEM00359,1,4.82
M02477,MEM00359,1,4.94
M02479,MEM00221,1,4.64
M02479,MEM00221,1,3.85
M02479,MEM00221,1,3.57
M02479,MEM00221,1,3.87
M02479,MEM00221,1,5.0
M02479,MEM00221,1,4.37
M02479,MEM00221,1,5.0
M02479,MEM00450,1,4.13
M02479,MEM00450,1,4.04
M02479,MEM00450,1,4.16
M02479,MEM00450,1,4.14
M02479,MEM00450,1,3.74
M02479,MEM00450,1,3.51
M02479,MEM00450,1,4.5
M02479,MEM00664,1,4.83
M02479,MEM00664,1,5.0
M02479,MEM00664,1,3.94
M02479,MEM00664,1,3.99
M02479,MEM00664,1,3.74
M02479,MEM00664,1,4.88
M02479,MEM00664,1,4.69
M02479,MEM00799,1,3.67
M02479,MEM00799,1,3.66
M02479,MEM00799,1,4.77
M02479,MEM00799,1,4.43
M02479,MEM00799,1,4.66
M02479,MEM00799,1,3.67
M02479,MEM00799,1,3.07
M02480,MEM00152,1,3.68
M02480,MEM00152,1,4.61
M02480,MEM00152,1,5.0
M02480,MEM00152,1,3.94
M02480,MEM00152,1,5.0
M02480,MEM00152,1,4.7
M02480,MEM00152,1,3.36
M02480,MEM00147,1,4.33
M02480,MEM00147,1,4.72
M02480,MEM00147,1,2.74
M02480,MEM00147,1,4.59
M02480,MEM00147,1,4.9
M02480,MEM00147,1,4.44
M02480,MEM00147,1,4.16
M02480,MEM00214,1,4.1
M02480,MEM00214,1,4.06
M02480,MEM00214,1,3.49
M02480,MEM00214,1,3.79
M02480,MEM00214,1,3.95
M02480,MEM00214,1,4.27
M02480,MEM00214,1,3.87
M02480,EXT00108,0,3.68
M02480,EXT00108,0,4.66
M02480,EXT00108,0,4.42
M02480,EXT00108,0,3.88
M02480,EXT00108,0,4.5
M02480,EXT00108,0,3.93
M02480,EXT00108,0,4.24
M02481,MEM00628,1,4.79
M02481,MEM00628,1,3.84
M02481,MEM00628,1,3.5
M02481,MEM00628,1,4.11
M02481,MEM00628,1,3.38
M02481,MEM00628,1,4.03
M02481,MEM00628,1,4.03
M02481,MEM00728,1,2.72
M02481,MEM00728,1,4.52
M02481,MEM00728,1,4.09
M02481,MEM00728,1,4.91
M02481,MEM00728,1,4.33
M02481,MEM00728,1,4.64
M02481,MEM00728,1,4.91
M02482,MEM00775,1,0.0
M02482,MEM00775,1,0.0
M02482,MEM00775,1,0.0
M02482,MEM00775,1,0.0
M02482,MEM00775,1,0.0
M02482,MEM00775,1,0.0
M02482,MEM00775,1,0.0
M02482,EXT00087,0,0.0
M02482,EXT00087,0,0.0
M02482,EXT00087,0,0.0
M02482,EXT00087,0,0.0
M02482,EXT00087,0,0.0
M02482,EXT00087,0,0.0
M02482,EXT00087,0,0.0
M02484,MEM00253,1,4.12
M02484,MEM00253,1,4.2
M02484,MEM00253,1,3.26
M02484,MEM00253,1,4.94
M02484,MEM00253,1,4.11
M02484,MEM00253,1,3.6
M02484,MEM00253,1,4.64
M02484,MEM00706,1,2.89
M02484,MEM00706,1,3.94
M02484,MEM00706,1,4.74
M02484,MEM00706,1,3.94
M02484,MEM00706,1,3.77
M02484,MEM00706,1,3.95
M02484,MEM00706,1,2.99
M02485,MEM00114,1,0.0
M02485,MEM00114,1,0.0
M02485,MEM00114,1,0.0
M02485,MEM00114,1,0.0
M02485,MEM00114,1,0.0
M02485,MEM00114,1,0.0
M02485,MEM00114,1,0.0
M02486,MEM00495,1,4.63
M02486,MEM00495,1,4.13
M02486,MEM00495,1,4.04
M02486,MEM00495,1,4.04
M02486,MEM00495,1,4.21
M02486,MEM00495,1,4.59
M02486,MEM00495,1,4.17
M02486,MEM00692,1,3.38
M02486,MEM00692,1,4.55
M02486,MEM00692,1,4.5
M02486,MEM00692,1,4.32
M02486,MEM00692,1,4.85
M02486,MEM00692,1,4.22
M02486,MEM00692,1,4.87
M02487,MEM00153,1,5.0
M02487,MEM00153,1,4.55
M02487,MEM00153,1,3.75
M02487,MEM00153,1,4.12
M02487,MEM00153,1,4.94
M02487,MEM00153,1,3.3
M02487,MEM00153,1,3.96
M02487,MEM00335,1,3.99
M02487,MEM00335,1,3.68
M02487,MEM00335,1,4.72
M02487,MEM00335,1,4.43
M02487,MEM00335,1,3.77
M02487,MEM00335,1,4.56
M02487,MEM00335,1,4.1
M02487,EXT00301,0,3.67
M02487,EXT00301,0,3.77
M02487,EXT00301,0,4.46
M02487,EXT00301,0,4.76
M02487,EXT00301,0,3.91
M02487,EXT00301,0,4.53
M02487,EXT00301,0,5.0
M02487,EXT00109,0,3.44
M02487,EXT00109,0,4.41
M02487,EXT00109,0,4.7
M02487,EXT00109,0,4.14
M02487,EXT00109,0,4.94
M02487,EXT00109,0,5.0
M02487,EXT00109,0,4.41
M02488,MEM00362,1,0.0
M02488,MEM00362,1,0.0
M02488,MEM00362,1,0.0
M02488,MEM00362,1,0.0
M02488,MEM00362,1,0.0
M02488,MEM00362,1,0.0
M02488,MEM00362,1,0.0
M02489,MEM00788,1,0.0
M02489,MEM00788,1,0.0
M02489,MEM00788,1,0.0
M02489,MEM00788,1,0.0
M02489,MEM00788,1,0.0
M02489,MEM00788,1,0.0
M02489,MEM00788,1,0.0
M02490,MEM00059,1,0.0
M02490,MEM00059,1,0.0
M02490,MEM00059,1,0.0
M02490,MEM00059,1,0.0
M02490,MEM00059,1,0.0
M02490,MEM00059,1,0.0
M02490,MEM00059,1,0.0
M02491,MEM00273,1,0.0
M02491,MEM00273,1,0.0
M02491,MEM00273,1,0.0
M02491,MEM00273,1,0.0
M02491,MEM00273,1,0.0
M02491,MEM00273,1,0.0
M02491,MEM00273,1,0.0
M02492,MEM00379,1,4.06
M02492,MEM00379,1,4.79
M02492,MEM00379,1,4.71
M02492,MEM00379,1,2.69
M02492,MEM00379,1,4.2
M02492,MEM00379,1,3.96
M02492,MEM00379,1,4.44
M02492,MEM00395,1,4.08
M02492,MEM00395,1,4.15
M02492,MEM00395,1,3.68
M02492,MEM00395,1,4.64
M02492,MEM00395,1,5.0
M02492,MEM00395,1,3.69
M02492,MEM00395,1,3.36
M02493,MEM00243,1,0.0
M02493,MEM00243,1,0.0
M02493,MEM00243,1,0.0
M02493,MEM00243,1,0.0
M02493,MEM00243,1,0.0
M02493,MEM00243,1,0.0
M02493,MEM00243,1,0.0
M02493,EXT00297,0,0.0
M02493,EXT00297,0,0.0
M02493,EXT00297,0,0.0
M02493,EXT00297,0,0.0
M02493,EXT00297,0,0.0
M02493,EXT00297,0,0.0
M02493,EXT00297,0,0.0
M02494,MEM00697,1,4.21
M02494,MEM00697,1,4.18
M02494,MEM00697,1,4.9
M02494,MEM00697,1,3.46
M02494,MEM00697,1,3.88
M02494,MEM00697,1,2.91
M02494,MEM00697,1,5.0
M02494,MEM00756,1,4.35
M02494,MEM00756,1,3.92
M02494,MEM00756,1,3.41
M02494,MEM00756,1,3.46
M02494,MEM00756,1,4.45
M02494,MEM00756,1,3.54
M02494,MEM00756,1,4.26
M02494,MEM00642,1,5.0
M02494,MEM00642,1,3.99
M02494,MEM00642,1,3.62
M02494,MEM00642,1,4.43
M02494,MEM00642,1,3.46
M02494,MEM00642,1,5.0
M02494,MEM00642,1,5.0
M02494,EXT00339,0,4.1
M02494,EXT00339,0,3.66
M02494,EXT00339,0,3.94
M02494,EXT00339,0,4.02
M02494,EXT00339,0,4.43
M02494,EXT00339,0,4.82
M02494,EXT00339,0,3.58
M02495,MEM00655,1,4.81
M02495,MEM00655,1,4.57
M02495,MEM00655,1,3.9
M02495,MEM00655,1,3.55
M02495,MEM00655,1,4.27
M02495,MEM00655,1,3.56
M02495,MEM00655,1,4.81
M02495,MEM00427,1,3.53
M02495,MEM00427,1,4.53
M02495,MEM00427,1,4.15
M02495,MEM00427,1,3.86
M02495,MEM00427,1,4.14
M02495,MEM00427,1,4.85
M02495,MEM00427,1,3.48
M02495,MEM00312,1,3.95
M02495,MEM00312,1,3.75
M02495,MEM00312,1,4.18
M02495,MEM00312,1,3.79
M02495,MEM00312,1,3.14
M02495,MEM00312,1,3.57
M02495,MEM00312,1,5.0
M02495,MEM00235,1,4.35
M02495,MEM00235,1,4.33
M02495,MEM00235,1,4.03
M02495,MEM00235,1,4.17
M02495,MEM00235,1,3.94
M02495,MEM00235,1,4.52
M02495,MEM00235,1,4.26
M02496,MEM00244,1,0.0
M02496,MEM00244,1,0.0
M02496,MEM00244,1,0.0
M02496,MEM00244,1,0.0
M02496,MEM00244,1,0.0
M02496,MEM00244,1,0.0
M02496,MEM00244,1,0.0
M02497,EXT00188,0,0.0
M02497,EXT00188,0,0.0
M02497,EXT00188,0,0.0
M02497,EXT00188,0,0.0
M02497,EXT00188,0,0.0
M02497,EXT00188,0,0.0
M02497,EXT00188,0,0.0
M02498,MEM00768,1,0.0
M02498,MEM00768,1,0.0
M02498,MEM00768,1,0.0
M02498,MEM00768,1,0.0
M02498,MEM00768,1,0.0
M02498,MEM00768,1,0.0
M02498,MEM00768,1,0.0
M02498,MEM00221,1,0.0
M02498,MEM00221,1,0.0
M02498,MEM00221,1,0.0
M02498,MEM00221,1,0.0
M02498,MEM00221,1,0.0
M02498,MEM00221,1,0.0
M02498,MEM00221,1,0.0
M02499,MEM00240,1,3.5
M02499,MEM00240,1,4.35
M02499,MEM00240,1,2.72
M02499,MEM00240,1,4.45
M02499,MEM00240,1,3.35
M02499,MEM00240,1,4.14
M02499,MEM00240,1,3.48
M02499,MEM00098,1,4.2
M02499,MEM00098,1,4.55
M02499,MEM00098,1,5.0
M02499,MEM00098,1,3.28
M02499,MEM00098,1,4.79
M02499,MEM00098,1,4.28
M02499,MEM00098,1,3.93
M02500,MEM00417,1,0.0
M02500,MEM00417,1,0.0
M02500,MEM00417,1,0.0
M02500,MEM00417,1,0.0
M02500,MEM00417,1,0.0
M02500,MEM00417,1,0.0
M02500,MEM00417,1,0.0
M02501,EXT00023,0,0.0
M02501,EXT00023,0,0.0
M02501,EXT00023,0,0.0
M02501,EXT00023,0,0.0
M02501,EXT00023,0,0.0
M02501,EXT00023,0,0.0
M02501,EXT00023,0,0.0
M02502,MEM00110,1,0.0
M02502,MEM00110,1,0.0
M02502,MEM00110,1,0.0
M02502,MEM00110,1,0.0
M02502,MEM00110,1,0.0
M02502,MEM00110,1,0.0
M02502,MEM00110,1,0.0
M02503,MEM00191,1,4.66
M02503,MEM00191,1,4.06
M02503,MEM00191,1,4.63
M02503,MEM00191,1,3.6
M02503,MEM00191,1,3.82
M02503,MEM00191,1,4.77
M02503,MEM00191,1,5.0
M02503,MEM00373,1,4.18
M02503,MEM00373,1,2.53
M02503,MEM00373,1,4.08
M02503,MEM00373,1,4.22
M02503,MEM00373,1,4.06
M02503,MEM00373,1,4.4
M02503,MEM00373,1,3.91
M02503,EXT00168,0,4.7
M02503,EXT00168,0,3.5
M02503,EXT00168,0,4.94
M02503,EXT00168,0,5.0
M02503,EXT00168,0,3.65
M02503,EXT00168,0,3.65
M02503,EXT00168,0,4.45
M02503,EXT00320,0,3.49
M02503,EXT00320,0,3.9
M02503,EXT00320,0,4.86
M02503,EXT00320,0,4.64
M02503,EXT00320,0,5.0
M02503,EXT00320,0,4.3
M02503,EXT00320,0,3.83
M02505,MEM00330,1,0.0
M02505,MEM00330,1,0.0
M02505,MEM00330,1,0.0
M02505,MEM00330,1,0.0
M02505,MEM00330,1,0.0
M02505,MEM00330,1,0.0
M02505,MEM00330,1,0.0
M02505,MEM00595,1,0.0
M02505,MEM00595,1,0.0
M02505,MEM00595,1,0.0
M02505,MEM00595,1,0.0
M02505,MEM00595,1,0.0
M02505,MEM00595,1,0.0
M02505,MEM00595,1,0.0
M02506,MEM00254,1,0.0
M02506,MEM00254,1,0.0
M02506,MEM00254,1,0.0
M02506,MEM00254,1,0.0
M02506,MEM00254,1,0.0
M02506,MEM00254,1,0.0
M02506,MEM00254,1,0.0
M02507,MEM00244,1,4.23
M02507,MEM00244,1,4.11
M02507,MEM00244,1,4.12
M02507,MEM00244,1,4.19
M02507,MEM00244,1,3.64
M02507,MEM00244,1,4.37
M02507,MEM00244,1,3.35
M02507,MEM00617,1,3.77
M02507,MEM00617,1,4.13
M02507,MEM00617,1,2.84
M02507,MEM00617,1,4.66
M02507,MEM00617,1,2.97
M02507,MEM00617,1,4.6
M02507,MEM00617,1,3.42
M02507,EXT00023,0,3.96
M02507,EXT00023,0,4.51
M02507,EXT00023,0,5.0
M02507,EXT00023,0,4.27
M02507,EXT00023,0,3.01
M02507,EXT00023,0,4.77
M02507,EXT00023,0,4.06
M02507,EXT00009,0,4.24
M02507,EXT00009,0,4.53
M02507,EXT00009,0,2.86
M02507,EXT00009,0,4.2
M02507,EXT00009,0,3.95
M02507,EXT00009,0,4.93
M02507,EXT00009,0,4.64
M02508,MEM00630,1,0.0
M02508,MEM00630,1,0.0
M02508,MEM00630,1,0.0
M02508,MEM00630,1,0.0
M02508,MEM00630,1,0.0
M02508,MEM00630,1,0.0
M02508,MEM00630,1,0.0
M02509,MEM00377,1,0.0
M02509,MEM00377,1,0.0
M02509,MEM00377,1,0.0
M02509,MEM00377,1,0.0
M02509,MEM00377,1,0.0
M02509,MEM00377,1,0.0
M02509,MEM00377,1,0.0
M02509,MEM00208,1,0.0
M02509,MEM00208,1,0.0
M02509,MEM00208,1,0.0
M02509,MEM00208,1,0.0
M02509,MEM00208,1,0.0
M02509,MEM00208,1,0.0
M02509,MEM00208,1,0.0
M02509,MEM00123,1,0.0
M02509,MEM00123,1,0.0
M02509,MEM00123,1,0.0
M02509,MEM00123,1,0.0
M02509,MEM00123,1,0.0
M02509,MEM00123,1,0.0
M02509,MEM00123,1,0.0
M02510,MEM00756,1,3.22
M02510,MEM00756,1,4.96
M02510,MEM00756,1,4.47
M02510,MEM00756,1,3.27
M02510,MEM00756,1,4.23
M02510,MEM00756,1,4.82
M02510,MEM00756,1,3.47
M02510,MEM00681,1,5.0
M02510,MEM00681,1,3.29
M02510,MEM00681,1,3.73
M02510,MEM00681,1,3.63
M02510,MEM00681,1,5.0
M02510,MEM00681,1,3.91
M02510,MEM00681,1,3.5
M02510,EXT00197,0,4.47
M02510,EXT00197,0,4.6
M02510,EXT00197,0,4.6
M02510,EXT00197,0,4.04
M02510,EXT00197,0,4.35
M02510,EXT00197,0,3.81
M02510,EXT00197,0,5.0
M02510,EXT00287,0,4.89
M02510,EXT00287,0,4.85
M02510,EXT00287,0,4.68
M02510,EXT00287,0,4.51
M02510,EXT00287,0,3.45
M02510,EXT00287,0,4.58
M02510,EXT00287,0,4.27
M02512,MEM00411,1,0.0
M02512,MEM00411,1,0.0
M02512,MEM00411,1,0.0
M02512,MEM00411,1,0.0
M02512,MEM00411,1,0.0
M02512,MEM00411,1,0.0
M02512,MEM00411,1,0.0
M02513,MEM00775,1,0.0
M02513,MEM00775,1,0.0
M02513,MEM00775,1,0.0
M02513,MEM00775,1,0.0
M02513,MEM00775,1,0.0
M02513,MEM00775,1,0.0
M02513,MEM00775,1,0.0
M02514,MEM00185,1,0.0
M02514,MEM00185,1,0.0
M02514,MEM00185,1,0.0
M02514,MEM00185,1,0.0
M02514,MEM00185,1,0.0
M02514,MEM00185,1,0.0
M02514,MEM00185,1,0.0
M02514,MEM00770,1,0.0
M02514,MEM00770,1,0.0
M02514,MEM00770,1,0.0
M02514,MEM00770,1,0.0
M02514,MEM00770,1,0.0
M02514,MEM00770,1,0.0
M02514,MEM00770,1,0.0
M02514,EXT00323,0,0.0
M02514,EXT00323,0,0.0
M02514,EXT00323,0,0.0
M02514,EXT00323,0,0.0
M02514,EXT00323,0,0.0
M02514,EXT00323,0,0.0
M02514,EXT00323,0,0.0
M02514,EXT00080,0,0.0
M02514,EXT00080,0,0.0
M02514,EXT00080,0,0.0
M02514,EXT00080,0,0.0
M02514,EXT00080,0,0.0
M02514,EXT00080,0,0.0
M02514,EXT00080,0,0.0
M02515,MEM00183,1,0.0
M02515,MEM00183,1,0.0
M02515,MEM00183,1,0.0
M02515,MEM00183,1,0.0
M02515,MEM00183,1,0.0
M02515,MEM00183,1,0.0
M02515,MEM00183,1,0.0
M02515,MEM00756,1,0.0
M02515,MEM00756,1,0.0
M02515,MEM00756,1,0.0
M02515,MEM00756,1,0.0
M02515,MEM00756,1,0.0
M02515,MEM00756,1,0.0
M02515,MEM00756,1,0.0
M02515,MEM00542,1,0.0
M02515,MEM00542,1,0.0
M02515,MEM00542,1,0.0
M02515,MEM00542,1,0.0
M02515,MEM00542,1,0.0
M02515,MEM00542,1,0.0
M02515,MEM00542,1,0.0
M02515,MEM00315,1,0.0
M02515,MEM00315,1,0.0
M02515,MEM00315,1,0.0
M02515,MEM00315,1,0.0
M02515,MEM00315,1,0.0
M02515,MEM00315,1,0.0
M02515,MEM00315,1,0.0
M02516,MEM00087,1,4.96
M02516,MEM00087,1,4.68
M02516,MEM00087,1,4.53
M02516,MEM00087,1,3.19
M02516,MEM00087,1,4.15
M02516,MEM00087,1,3.87
M02516,MEM00087,1,4.35
M02516,MEM00400,1,3.95
M02516,MEM00400,1,4.03
M02516,MEM00400,1,4.48
M02516,MEM00400,1,3.94
M02516,MEM00400,1,4.27
M02516,MEM00400,1,3.29
M02516,MEM00400,1,3.7
M02516,EXT00365,0,4.59
M02516,EXT00365,0,3.46
M02516,EXT00365,0,4.95
M02516,EXT00365,0,4.78
M02516,EXT00365,0,4.04
M02516,EXT00365,0,5.0
M02516,EXT00365,0,4.95
M02516,EXT00360,0,3.63
M02516,EXT00360,0,4.65
M02516,EXT00360,0,4.24
M02516,EXT00360,0,3.73
M02516,EXT00360,0,3.56
M02516,EXT00360,0,4.8
M02516,EXT00360,0,3.84
M02517,MEM00144,1,0.0
M02517,MEM00144,1,0.0
M02517,MEM00144,1,0.0
M02517,MEM00144,1,0.0
M02517,MEM00144,1,0.0
M02517,MEM00144,1,0.0
M02517,MEM00144,1,0.0
M02518,MEM00480,1,4.14
M02518,MEM00480,1,3.65
M02518,MEM00480,1,3.75
M02518,MEM00480,1,4.12
M02518,MEM00480,1,4.43
M02518,MEM00480,1,2.65
M02518,MEM00480,1,4.21
M02518,MEM00285,1,3.75
M02518,MEM00285,1,5.0
M02518,MEM00285,1,5.0
M02518,MEM00285,1,3.98
M02518,MEM00285,1,3.17
M02518,MEM00285,1,4.27
M02518,MEM00285,1,4.08
M02518,MEM00146,1,5.0
M02518,MEM00146,1,5.0
M02518,MEM00146,1,4.72
M02518,MEM00146,1,3.85
M02518,MEM00146,1,4.61
M02518,MEM00146,1,4.36
M02518,MEM00146,1,4.34
M02518,MEM00770,1,3.27
M02518,MEM00770,1,4.84
M02518,MEM00770,1,4.26
M02518,MEM00770,1,4.14
M02518,MEM00770,1,3.84
M02518,MEM00770,1,3.72
M02518,MEM00770,1,4.39
M02519,MEM00156,1,0.0
M02519,MEM00156,1,0.0
M02519,MEM00156,1,0.0
M02519,MEM00156,1,0.0
M02519,MEM00156,1,0.0
M02519,MEM00156,1,0.0
M02519,MEM00156,1,0.0
M02519,MEM00738,1,0.0
M02519,MEM00738,1,0.0
M02519,MEM00738,1,0.0
M02519,MEM00738,1,0.0
M02519,MEM00738,1,0.0
M02519,MEM00738,1,0.0
M02519,MEM00738,1,0.0
M02520,EXT00048,0,0.0
M02520,EXT00048,0,0.0
M02520,EXT00048,0,0.0
M02520,EXT00048,0,0.0
M02520,EXT00048,0,0.0
M02520,EXT00048,0,0.0
M02520,EXT00048,0,0.0
M02521,MEM00083,1,0.0
M02521,MEM00083,1,0.0
M02521,MEM00083,1,0.0
M02521,MEM00083,1,0.0
M02521,MEM00083,1,0.0
M02521,MEM00083,1,0.0
M02521,MEM00083,1,0.0
M02522,EXT00362,0,0.0
M02522,EXT00362,0,0.0
M02522,EXT00362,0,0.0
M02522,EXT00362,0,0.0
M02522,EXT00362,0,0.0
M02522,EXT00362,0,0.0
M02522,EXT00362,0,0.0
M02523,MEM00175,1,3.15
M02523,MEM00175,1,4.67
M02523,MEM00175,1,3.57
M02523,MEM00175,1,2.96
M02523,MEM00175,1,5.0
M02523,MEM00175,1,3.69
M02523,MEM00175,1,3.77
M02523,EXT00162,0,4.88
M02523,EXT00162,0,5.0
M02523,EXT00162,0,3.28
M02523,EXT00162,0,3.63
M02523,EXT00162,0,3.67
M02523,EXT00162,0,4.76
M02523,EXT00162,0,5.0
M02524,MEM00358,1,3.55
M02524,MEM00358,1,5.0
M02524,MEM00358,1,3.77
M02524,MEM00358,1,4.4
M02524,MEM00358,1,3.44
M02524,MEM00358,1,4.13
M02524,MEM00358,1,4.13
M02524,MEM00475,1,4.01
M02524,MEM00475,1,4.43
M02524,MEM00475,1,3.6
M02524,MEM00475,1,3.67
M02524,MEM00475,1,4.46
M02524,MEM00475,1,5.0
M02524,MEM00475,1,4.19
M02525,MEM00200,1,0.0
M02525,MEM00200,1,0.0
M02525,MEM00200,1,0.0
M02525,MEM00200,1,0.0
M02525,MEM00200,1,0.0
M02525,MEM00200,1,0.0
M02525,MEM00200,1,0.0
M02525,MEM00072,1,0.0
M02525,MEM00072,1,0.0
M02525,MEM00072,1,0.0
M02525,MEM00072,1,0.0
M02525,MEM00072,1,0.0
M02525,MEM00072,1,0.0
M02525,MEM00072,1,0.0
M02525,EXT00362,0,0.0
M02525,EXT00362,0,0.0
M02525,EXT00362,0,0.0
M02525,EXT00362,0,0.0
M02525,EXT00362,0,0.0
M02525,EXT00362,0,0.0
M02525,EXT00362,0,0.0
M02525,EXT00366,0,0.0
M02525,EXT00366,0,0.0
M02525,EXT00366,0,0.0
M02525,EXT00366,0,0.0
M02525,EXT00366,0,0.0
M02525,EXT00366,0,0.0
M02525,EXT00366,0,0.0
M02526,MEM00623,1,0.0
M02526,MEM00623,1,0.0
M02526,MEM00623,1,0.0
M02526,MEM00623,1,0.0
M02526,MEM00623,1,0.0
M02526,MEM00623,1,0.0
M02526,MEM00623,1,0.0
M02526,EXT00012,0,0.0
M02526,EXT00012,0,0.0
M02526,EXT00012,0,0.0
M02526,EXT00012,0,0.0
M02526,EXT00012,0,0.0
M02526,EXT00012,0,0.0
M02526,EXT00012,0,0.0
M02526,EXT00123,0,0.0
M02526,EXT00123,0,0.0
M02526,EXT00123,0,0.0
M02526,EXT00123,0,0.0
M02526,EXT00123,0,0.0
M02526,EXT00123,0,0.0
M02526,EXT00123,0,0.0
M02527,MEM00489,1,0.0
M02527,MEM00489,1,0.0
M02527,MEM00489,1,0.0
M02527,MEM00489,1,0.0
M02527,MEM00489,1,0.0
M02527,MEM00489,1,0.0
M02527,MEM00489,1,0.0
M02527,MEM00212,1,0.0
M02527,MEM00212,1,0.0
M02527,MEM00212,1,0.0
M02527,MEM00212,1,0.0
M02527,MEM00212,1,0.0
M02527,MEM00212,1,0.0
M02527,MEM00212,1,0.0
M02528,MEM00733,1,0.0
M02528,MEM00733,1,0.0
M02528,MEM00733,1,0.0
M02528,MEM00733,1,0.0
M02528,MEM00733,1,0.0
M02528,MEM00733,1,0.0
M02528,MEM00733,1,0.0
M02529,MEM00492,1,0.0
M02529,MEM00492,1,0.0
M02529,MEM00492,1,0.0
M02529,MEM00492,1,0.0
M02529,MEM00492,1,0.0
M02529,MEM00492,1,0.0
M02529,MEM00492,1,0.0
M02530,MEM00765,1,4.5
M02530,MEM00765,1,4.65
M02530,MEM00765,1,4.7
M02530,MEM00765,1,3.63
M02530,MEM00765,1,3.73
M02530,MEM00765,1,3.79
M02530,MEM00765,1,5.0
M02530,MEM00076,1,4.5
M02530,MEM00076,1,4.48
M02530,MEM00076,1,4.42
M02530,MEM00076,1,3.41
M02530,MEM00076,1,5.0
M02530,MEM00076,1,4.49
M02530,MEM00076,1,4.63
M02530,MEM00072,1,3.14
M02530,MEM00072,1,4.67
M02530,MEM00072,1,3.99
M02530,MEM00072,1,3.41
M02530,MEM00072,1,3.63
M02530,MEM00072,1,3.44
M02530,MEM00072,1,3.43
M02530,MEM00733,1,4.24
M02530,MEM00733,1,3.97
M02530,MEM00733,1,4.4
M02530,MEM00733,1,5.0
M02530,MEM00733,1,4.12
M02530,MEM00733,1,2.85
M02530,MEM00733,1,4.05
M02531,MEM00420,1,4.92
M02531,MEM00420,1,4.15
M02531,MEM00420,1,5.0
M02531,MEM00420,1,4.47
M02531,MEM00420,1,3.1
M02531,MEM00420,1,4.27
M02531,MEM00420,1,4.38
M02531,MEM00307,1,4.85
M02531,MEM00307,1,5.0
M02531,MEM00307,1,4.74
M02531,MEM00307,1,4.46
M02531,MEM00307,1,4.61
M02531,MEM00307,1,4.1
M02531,MEM00307,1,3.32
M02531,MEM00165,1,4.22
M02531,MEM00165,1,4.42
M02531,MEM00165,1,3.48
M02531,MEM00165,1,5.0
M02531,MEM00165,1,4.8
M02531,MEM00165,1,3.38
M02531,MEM00165,1,5.0
M02531,MEM00235,1,4.02
M02531,MEM00235,1,3.73
M02531,MEM00235,1,4.85
M02531,MEM00235,1,4.17
M02531,MEM00235,1,5.0
M02531,MEM00235,1,3.69
M02531,MEM00235,1,3.16
M02532,MEM00457,1,0.0
M02532,MEM00457,1,0.0
M02532,MEM00457,1,0.0
M02532,MEM00457,1,0.0
M02532,MEM00457,1,0.0
M02532,MEM00457,1,0.0
M02532,MEM00457,1,0.0
M02533,MEM00765,1,0.0
M02533,MEM00765,1,0.0
M02533,MEM00765,1,0.0
M02533,MEM00765,1,0.0
M02533,MEM00765,1,0.0
M02533,MEM00765,1,0.0
M02533,MEM00765,1,0.0
M02534,MEM00480,1,4.03
M02534,MEM00480,1,4.67
M02534,MEM00480,1,3.64
M02534,MEM00480,1,3.4
M02534,MEM00480,1,4.34
M02534,MEM00480,1,3.32
M02534,MEM00480,1,4.38
M02534,MEM00083,1,4.0
M02534,MEM00083,1,4.5
M02534,MEM00083,1,3.37
M02534,MEM00083,1,4.98
M02534,MEM00083,1,4.09
M02534,MEM00083,1,4.66
M02534,MEM00083,1,4.78
M02534,MEM00259,1,3.51
M02534,MEM00259,1,4.73
M02534,MEM00259,1,3.34
M02534,MEM00259,1,3.38
M02534,MEM00259,1,5.0
M02534,MEM00259,1,4.87
M02534,MEM00259,1,5.0
M02534,MEM00395,1,3.98
M02534,MEM00395,1,4.26
M02534,MEM00395,1,4.52
M02534,MEM00395,1,4.19
M02534,MEM00395,1,3.75
M02534,MEM00395,1,3.66
M02534,MEM00395,1,4.33
M02535,MEM00680,1,0.0
M02535,MEM00680,1,0.0
M02535,MEM00680,1,0.0
M02535,MEM00680,1,0.0
M02535,MEM00680,1,0.0
M02535,MEM00680,1,0.0
M02535,MEM00680,1,0.0
M02538,MEM00341,1,3.56
M02538,MEM00341,1,3.54
M02538,MEM00341,1,4.44
M02538,MEM00341,1,4.14
M02538,MEM00341,1,4.76
M02538,MEM00341,1,3.95
M02538,MEM00341,1,3.85
M02538,EXT00078,0,4.45
M02538,EXT00078,0,3.71
M02538,EXT00078,0,3.81
M02538,EXT00078,0,3.83
M02538,EXT00078,0,4.07
M02538,EXT00078,0,5.0
M02538,EXT00078,0,3.37
M02539,MEM00210,1,4.98
M02539,MEM00210,1,4.64
M02539,MEM00210,1,5.0
M02539,MEM00210,1,5.0
M02539,MEM00210,1,5.0
M02539,MEM00210,1,4.76
M02539,MEM00210,1,3.41
M02539,MEM00173,1,3.49
M02539,MEM00173,1,4.42
M02539,MEM00173,1,3.18
M02539,MEM00173,1,4.57
M02539,MEM00173,1,2.92
M02539,MEM00173,1,4.89
M02539,MEM00173,1,4.01
M02539,MEM00615,1,4.28
M02539,MEM00615,1,3.75
M02539,MEM00615,1,3.06
M02539,MEM00615,1,4.94
M02539,MEM00615,1,5.0
M02539,MEM00615,1,3.99
M02539,MEM00615,1,4.6
M02539,EXT00310,0,3.97
M02539,EXT00310,0,4.37
M02539,EXT00310,0,4.66
M02539,EXT00310,0,4.53
M02539,EXT00310,0,5.0
M02539,EXT00310,0,4.51
M02539,EXT00310,0,4.22
M02540,MEM00180,1,3.74
M02540,MEM00180,1,3.91
M02540,MEM00180,1,4.69
M02540,MEM00180,1,3.3
M02540,MEM00180,1,4.86
M02540,MEM00180,1,4.03
M02540,MEM00180,1,3.71
M02540,MEM00249,1,3.54
M02540,MEM00249,1,4.6
M02540,MEM00249,1,4.19
M02540,MEM00249,1,5.0
M02540,MEM00249,1,3.44
M02540,MEM00249,1,3.85
M02540,MEM00249,1,4.14
M02540,MEM00373,1,3.75
M02540,MEM00373,1,4.2
M02540,MEM00373,1,4.39
M02540,MEM00373,1,4.49
M02540,MEM00373,1,5.0
M02540,MEM00373,1,3.42
M02540,MEM00373,1,4.4
M02540,EXT00369,0,3.81
M02540,EXT00369,0,4.46
M02540,EXT00369,0,4.46
M02540,EXT00369,0,3.61
M02540,EXT00369,0,3.66
M02540,EXT00369,0,4.51
M02540,EXT00369,0,4.21
M02541,MEM00180,1,0.0
M02541,MEM00180,1,0.0
M02541,MEM00180,1,0.0
M02541,MEM00180,1,0.0
M02541,MEM00180,1,0.0
M02541,MEM00180,1,0.0
M02541,MEM00180,1,0.0
M02541,MEM00756,1,0.0
M02541,MEM00756,1,0.0
M02541,MEM00756,1,0.0
M02541,MEM00756,1,0.0
M02541,MEM00756,1,0.0
M02541,MEM00756,1,0.0
M02541,MEM00756,1,0.0
M02541,MEM00277,1,0.0
M02541,MEM00277,1,0.0
M02541,MEM00277,1,0.0
M02541,MEM00277,1,0.0
M02541,MEM00277,1,0.0
M02541,MEM00277,1,0.0
M02541,MEM00277,1,0.0
M02541,EXT00063,0,0.0
M02541,EXT00063,0,0.0
M02541,EXT00063,0,0.0
M02541,EXT00063,0,0.0
M02541,EXT00063,0,0.0
M02541,EXT00063,0,0.0
M02541,EXT00063,0,0.0
M02542,MEM00400,1,0.0
M02542,MEM00400,1,0.0
M02542,MEM00400,1,0.0
M02542,MEM00400,1,0.0
M02542,MEM00400,1,0.0
M02542,MEM00400,1,0.0
M02542,MEM00400,1,0.0
M02543,MEM00368,1,4.07
M02543,MEM00368,1,4.59
M02543,MEM00368,1,4.64
M02543,MEM00368,1,3.88
M02543,MEM00368,1,3.69
M02543,MEM00368,1,3.44
M02543,MEM00368,1,4.22
M02543,EXT00359,0,3.35
M02543,EXT00359,0,4.26
M02543,EXT00359,0,4.93
M02543,EXT00359,0,3.99
M02543,EXT00359,0,3.88
M02543,EXT00359,0,5.0
M02543,EXT00359,0,5.0
M02544,MEM00754,1,0.0
M02544,MEM00754,1,0.0
M02544,MEM00754,1,0.0
M02544,MEM00754,1,0.0
M02544,MEM00754,1,0.0
M02544,MEM00754,1,0.0
M02544,MEM00754,1,0.0
M02544,MEM00298,1,0.0
M02544,MEM00298,1,0.0
M02544,MEM00298,1,0.0
M02544,MEM00298,1,0.0
M02544,MEM00298,1,0.0
M02544,MEM00298,1,0.0
M02544,MEM00298,1,0.0
M02544,MEM00388,1,0.0
M02544,MEM00388,1,0.0
M02544,MEM00388,1,0.0
M02544,MEM00388,1,0.0
M02544,MEM00388,1,0.0
M02544,MEM00388,1,0.0
M02544,MEM00388,1,0.0
M02544,EXT00358,0,0.0
M02544,EXT00358,0,0.0
M02544,EXT00358,0,0.0
M02544,EXT00358,0,0.0
M02544,EXT00358,0,0.0
M02544,EXT00358,0,0.0
M02544,EXT00358,0,0.0
M02545,MEM00642,1,0.0
M02545,MEM00642,1,0.0
M02545,MEM00642,1,0.0
M02545,MEM00642,1,0.0
M02545,MEM00642,1,0.0
M02545,MEM00642,1,0.0
M02545,MEM00642,1,0.0
M02546,EXT00119,0,0.0
M02546,EXT00119,0,0.0
M02546,EXT00119,0,0.0
M02546,EXT00119,0,0.0
M02546,EXT00119,0,0.0
M02546,EXT00119,0,0.0
M02546,EXT00119,0,0.0
M02546,EXT00002,0,0.0
M02546,EXT00002,0,0.0
M02546,EXT00002,0,0.0
M02546,EXT00002,0,0.0
M02546,EXT00002,0,0.0
M02546,EXT00002,0,0.0
M02546,EXT00002,0,0.0
M02547,MEM00327,1,3.74
M02547,MEM00327,1,4.28
M02547,MEM00327,1,4.4
M02547,MEM00327,1,4.32
M02547,MEM00327,1,5.0
M02547,MEM00327,1,4.25
M02547,MEM00327,1,4.34
M02547,MEM00040,1,4.61
M02547,MEM00040,1,4.91
M02547,MEM00040,1,4.76
M02547,MEM00040,1,4.52
M02547,MEM00040,1,3.26
M02547,MEM00040,1,3.91
M02547,MEM00040,1,4.69
M02547,MEM00203,1,4.35
M02547,MEM00203,1,4.7
M02547,MEM00203,1,5.0
M02547,MEM00203,1,3.49
M02547,MEM00203,1,4.88
M02547,MEM00203,1,4.0
M02547,MEM00203,1,4.76
M02547,MEM00179,1,4.18
M02547,MEM00179,1,5.0
M02547,MEM00179,1,4.28
M02547,MEM00179,1,3.82
M02547,MEM00179,1,4.45
M02547,MEM00179,1,4.39
M02547,MEM00179,1,4.88
M02548,EXT00256,0,0.0
M02548,EXT00256,0,0.0
M02548,EXT00256,0,0.0
M02548,EXT00256,0,0.0
M02548,EXT00256,0,0.0
M02548,EXT00256,0,0.0
M02548,EXT00256,0,0.0
M02549,MEM00637,1,4.47
M02549,MEM00637,1,5.0
M02549,MEM00637,1,4.13
M02549,MEM00637,1,4.14
M02549,MEM00637,1,3.84
M02549,MEM00637,1,4.25
M02549,MEM00637,1,4.34
M02549,MEM00210,1,4.37
M02549,MEM00210,1,4.24
M02549,MEM00210,1,3.83
M02549,MEM00210,1,3.67
M02549,MEM00210,1,3.97
M02549,MEM00210,1,4.88
M02549,MEM00210,1,5.0
M02549,MEM00203,1,4.15
M02549,MEM00203,1,3.64
M02549,MEM00203,1,4.15
M02549,MEM00203,1,5.0
M02549,MEM00203,1,4.8
M02549,MEM00203,1,4.53
M02549,MEM00203,1,4.78
M02549,MEM00056,1,5.0
M02549,MEM00056,1,3.51
M02549,MEM00056,1,3.96
M02549,MEM00056,1,3.88
M02549,MEM00056,1,4.55
M02549,MEM00056,1,4.3
M02549,MEM00056,1,4.65
M02551,MEM00379,1,0.0
M02551,MEM00379,1,0.0
M02551,MEM00379,1,0.0
M02551,MEM00379,1,0.0
M02551,MEM00379,1,0.0
M02551,MEM00379,1,0.0
M02551,MEM00379,1,0.0
M02551,MEM00678,1,0.0
M02551,MEM00678,1,0.0
M02551,MEM00678,1,0.0
M02551,MEM00678,1,0.0
M02551,MEM00678,1,0.0
M02551,MEM00678,1,0.0
M02551,MEM00678,1,0.0
M02551,MEM00324,1,0.0
M02551,MEM00324,1,0.0
M02551,MEM00324,1,0.0
M02551,MEM00324,1,0.0
M02551,MEM00324,1,0.0
M02551,MEM00324,1,0.0
M02551,MEM00324,1,0.0
M02551,EXT00388,0,0.0
M02551,EXT00388,0,0.0
M02551,EXT00388,0,0.0
M02551,EXT00388,0,0.0
M02551,EXT00388,0,0.0
M02551,EXT00388,0,0.0
M02551,EXT00388,0,0.0
M02552,MEM00185,1,0.0
M02552,MEM00185,1,0.0
M02552,MEM00185,1,0.0
M02552,MEM00185,1,0.0
M02552,MEM00185,1,0.0
M02552,MEM00185,1,0.0
M02552,MEM00185,1,0.0
M02552,MEM00180,1,0.0
M02552,MEM00180,1,0.0
M02552,MEM00180,1,0.0
M02552,MEM00180,1,0.0
M02552,MEM00180,1,0.0
M02552,MEM00180,1,0.0
M02552,MEM00180,1,0.0
M02553,MEM00221,1,0.0
M02553,MEM00221,1,0.0
M02553,MEM00221,1,0.0
M02553,MEM00221,1,0.0
M02553,MEM00221,1,0.0
M02553,MEM00221,1,0.0
M02553,MEM00221,1,0.0
M02556,MEM00735,1,3.9
M02556,MEM00735,1,5.0
M02556,MEM00735,1,4.16
M02556,MEM00735,1,4.62
M02556,MEM00735,1,4.92
M02556,MEM00735,1,4.87
M02556,MEM00735,1,4.42
M02556,MEM00479,1,4.69
M02556,MEM00479,1,5.0
M02556,MEM00479,1,4.51
M02556,MEM00479,1,3.76
M02556,MEM00479,1,4.55
M02556,MEM00479,1,4.18
M02556,MEM00479,1,2.79
M02556,MEM00158,1,4.48
M02556,MEM00158,1,4.27
M02556,MEM00158,1,4.89
M02556,MEM00158,1,3.75
M02556,MEM00158,1,3.3
M02556,MEM00158,1,4.3
M02556,MEM00158,1,4.43
M02556,MEM00294,1,4.26
M02556,MEM00294,1,4.21
M02556,MEM00294,1,3.56
M02556,MEM00294,1,4.12
M02556,MEM00294,1,3.99
M02556,MEM00294,1,4.84
M02556,MEM00294,1,4.43
M02557,MEM00322,1,0.0
M02557,MEM00322,1,0.0
M02557,MEM00322,1,0.0
M02557,MEM00322,1,0.0
M02557,MEM00322,1,0.0
M02557,MEM00322,1,0.0
M02557,MEM00322,1,0.0
M02557,EXT00366,0,0.0
M02557,EXT00366,0,0.0
M02557,EXT00366,0,0.0
M02557,EXT00366,0,0.0
M02557,EXT00366,0,0.0
M02557,EXT00366,0,0.0
M02557,EXT00366,0,0.0
M02558,MEM00180,1,4.03
M02558,MEM00180,1,5.0
M02558,MEM00180,1,4.04
M02558,MEM00180,1,4.53
M02558,MEM00180,1,4.1
M02558,MEM00180,1,5.0
M02558,MEM00180,1,4.25
M02558,MEM00054,1,4.27
M02558,MEM00054,1,4.12
M02558,MEM00054,1,4.32
M02558,MEM00054,1,4.92
M02558,MEM00054,1,4.71
M02558,MEM00054,1,4.22
M02558,MEM00054,1,5.0
M02559,MEM00440,1,4.72
M02559,MEM00440,1,3.94
M02559,MEM00440,1,3.37
M02559,MEM00440,1,3.95
M02559,MEM00440,1,4.45
M02559,MEM00440,1,4.56
M02559,MEM00440,1,5.0
M02559,EXT00244,0,3.54
M02559,EXT00244,0,3.94
M02559,EXT00244,0,3.49
M02559,EXT00244,0,3.4
M02559,EXT00244,0,3.82
M02559,EXT00244,0,4.42
M02559,EXT00244,0,4.66
M02560,MEM00041,1,0.0
M02560,MEM00041,1,0.0
M02560,MEM00041,1,0.0
M02560,MEM00041,1,0.0
M02560,MEM00041,1,0.0
M02560,MEM00041,1,0.0
M02560,MEM00041,1,0.0
M02561,MEM00504,1,3.63
M02561,MEM00504,1,3.71
M02561,MEM00504,1,3.13
M02561,MEM00504,1,4.33
M02561,MEM00504,1,3.76
M02561,MEM00504,1,5.0
M02561,MEM00504,1,4.45
M02561,MEM00562,1,4.1
M02561,MEM00562,1,3.82
M02561,MEM00562,1,3.3
M02561,MEM00562,1,3.38
M02561,MEM00562,1,3.83
M02561,MEM00562,1,3.78
M02561,MEM00562,1,3.6
M02561,MEM00314,1,4.43
M02561,MEM00314,1,4.51
M02561,MEM00314,1,3.92
M02561,MEM00314,1,5.0
M02561,MEM00314,1,3.15
M02561,MEM00314,1,4.23
M02561,MEM00314,1,4.07
M02561,EXT00253,0,3.87
M02561,EXT00253,0,3.78
M02561,EXT00253,0,4.2
M02561,EXT00253,0,4.06
M02561,EXT00253,0,3.96
M02561,EXT00253,0,3.42
M02561,EXT00253,0,3.23
M02562,MEM00092,1,4.03
M02562,MEM00092,1,3.96
M02562,MEM00092,1,4.08
M02562,MEM00092,1,4.13
M02562,MEM00092,1,3.89
M02562,MEM00092,1,4.07
M02562,MEM00092,1,3.69
M02562,MEM00331,1,5.0
M02562,MEM00331,1,3.72
M02562,MEM00331,1,3.98
M02562,MEM00331,1,3.77
M02562,MEM00331,1,3.76
M02562,MEM00331,1,4.21
M02562,MEM00331,1,4.14
M02562,MEM00249,1,3.92
M02562,MEM00249,1,4.03
M02562,MEM00249,1,3.77
M02562,MEM00249,1,4.44
M02562,MEM00249,1,5.0
M02562,MEM00249,1,3.68
M02562,MEM00249,1,4.44
M02562,EXT00054,0,4.23
M02562,EXT00054,0,4.6
M02562,EXT00054,0,4.62
M02562,EXT00054,0,4.32
M02562,EXT00054,0,4.18
M02562,EXT00054,0,3.94
M02562,EXT00054,0,3.74
M02563,MEM00375,1,0.0
M02563,MEM00375,1,0.0
M02563,MEM00375,1,0.0
M02563,MEM00375,1,0.0
M02563,MEM00375,1,0.0
M02563,MEM00375,1,0.0
M02563,MEM00375,1,0.0
M02563,MEM00763,1,0.0
M02563,MEM00763,1,0.0
M02563,MEM00763,1,0.0
M02563,MEM00763,1,0.0
M02563,MEM00763,1,0.0
M02563,MEM00763,1,0.0
M02563,MEM00763,1,0.0
M02563,EXT00117,0,0.0
M02563,EXT00117,0,0.0
M02563,EXT00117,0,0.0
M02563,EXT00117,0,0.0
M02563,EXT00117,0,0.0
M02563,EXT00117,0,0.0
M02563,EXT00117,0,0.0
M02564,EXT00310,0,0.0
M02564,EXT00310,0,0.0
M02564,EXT00310,0,0.0
M02564,EXT00310,0,0.0
M02564,EXT00310,0,0.0
M02564,EXT00310,0,0.0
M02564,EXT00310,0,0.0
M02565,MEM00236,1,4.14
M02565,MEM00236,1,3.43
M02565,MEM00236,1,3.84
M02565,MEM00236,1,4.86
M02565,MEM00236,1,4.26
M02565,MEM00236,1,4.74
M02565,MEM00236,1,5.0
M02565,MEM00650,1,4.09
M02565,MEM00650,1,4.32
M02565,MEM00650,1,4.02
M02565,MEM00650,1,3.71
M02565,MEM00650,1,3.63
M02565,MEM00650,1,4.71
M02565,MEM00650,1,4.33
M02565,MEM00392,1,5.0
M02565,MEM00392,1,4.78
M02565,MEM00392,1,3.76
M02565,MEM00392,1,4.7
M02565,MEM00392,1,4.02
M02565,MEM00392,1,4.93
M02565,MEM00392,1,3.91
M02565,EXT00347,0,3.57
M02565,EXT00347,0,3.72
M02565,EXT00347,0,3.75
M02565,EXT00347,0,3.7
M02565,EXT00347,0,3.86
M02565,EXT00347,0,4.71
M02565,EXT00347,0,5.0
M02566,MEM00051,1,0.0
M02566,MEM00051,1,0.0
M02566,MEM00051,1,0.0
M02566,MEM00051,1,0.0
M02566,MEM00051,1,0.0
M02566,MEM00051,1,0.0
M02566,MEM00051,1,0.0
M02566,MEM00539,1,0.0
M02566,MEM00539,1,0.0
M02566,MEM00539,1,0.0
M02566,MEM00539,1,0.0
M02566,MEM00539,1,0.0
M02566,MEM00539,1,0.0
M02566,MEM00539,1,0.0
M02567,MEM00441,1,0.0
M02567,MEM00441,1,0.0
M02567,MEM00441,1,0.0
M02567,MEM00441,1,0.0
M02567,MEM00441,1,0.0
M02567,MEM00441,1,0.0
M02567,MEM00441,1,0.0
M02568,MEM00126,1,3.4
M02568,MEM00126,1,4.96
M02568,MEM00126,1,3.91
M02568,MEM00126,1,4.41
M02568,MEM00126,1,3.21
M02568,MEM00126,1,4.51
M02568,MEM00126,1,3.0
M02568,MEM00202,1,4.39
M02568,MEM00202,1,4.35
M02568,MEM00202,1,4.31
M02568,MEM00202,1,3.76
M02568,MEM00202,1,4.53
M02568,MEM00202,1,4.43
M02568,MEM00202,1,4.07
M02568,EXT00355,0,4.6
M02568,EXT00355,0,4.14
M02568,EXT00355,0,4.52
M02568,EXT00355,0,4.12
M02568,EXT00355,0,4.33
M02568,EXT00355,0,4.54
M02568,EXT00355,0,3.96
M02568,EXT00013,0,3.46
M02568,EXT00013,0,4.37
M02568,EXT00013,0,4.91
M02568,EXT00013,0,4.38
M02568,EXT00013,0,4.39
M02568,EXT00013,0,4.17
M02568,EXT00013,0,4.64
M02569,MEM00375,1,4.09
M02569,MEM00375,1,3.93
M02569,MEM00375,1,4.86
M02569,MEM00375,1,3.88
M02569,MEM00375,1,4.73
M02569,MEM00375,1,4.86
M02569,MEM00375,1,4.54
M02569,MEM00606,1,3.45
M02569,MEM00606,1,4.22
M02569,MEM00606,1,4.08
M02569,MEM00606,1,3.9
M02569,MEM00606,1,4.29
M02569,MEM00606,1,4.66
M02569,MEM00606,1,3.92
M02569,EXT00004,0,4.1
M02569,EXT00004,0,4.06
M02569,EXT00004,0,4.9
M02569,EXT00004,0,4.05
M02569,EXT00004,0,3.46
M02569,EXT00004,0,3.26
M02569,EXT00004,0,4.42
M02569,EXT00177,0,3.74
M02569,EXT00177,0,4.6
M02569,EXT00177,0,3.4
M02569,EXT00177,0,3.88
M02569,EXT00177,0,3.4
M02569,EXT00177,0,4.46
M02569,EXT00177,0,4.59
M02570,MEM00280,1,0.0
M02570,MEM00280,1,0.0
M02570,MEM00280,1,0.0
M02570,MEM00280,1,0.0
M02570,MEM00280,1,0.0
M02570,MEM00280,1,0.0
M02570,MEM00280,1,0.0
M02570,MEM00652,1,0.0
M02570,MEM00652,1,0.0
M02570,MEM00652,1,0.0
M02570,MEM00652,1,0.0
M02570,MEM00652,1,0.0
M02570,MEM00652,1,0.0
M02570,MEM00652,1,0.0
M02571,MEM00764,1,4.4
M02571,MEM00764,1,3.55
M02571,MEM00764,1,3.75
M02571,MEM00764,1,4.34
M02571,MEM00764,1,3.19
M02571,MEM00764,1,4.06
M02571,MEM00764,1,5.0
M02571,MEM00543,1,4.09
M02571,MEM00543,1,3.31
M02571,MEM00543,1,3.84
M02571,MEM00543,1,3.82
M02571,MEM00543,1,5.0
M02571,MEM00543,1,5.0
M02571,MEM00543,1,4.64
M02571,MEM00422,1,3.99
M02571,MEM00422,1,4.92
M02571,MEM00422,1,3.52
M02571,MEM00422,1,4.85
M02571,MEM00422,1,4.76
M02571,MEM00422,1,4.11
M02571,MEM00422,1,4.88
M02571,MEM00564,1,3.93
M02571,MEM00564,1,3.44
M02571,MEM00564,1,4.79
M02571,MEM00564,1,4.15
M02571,MEM00564,1,4.56
M02571,MEM00564,1,5.0
M02571,MEM00564,1,3.77
M02572,MEM00419,1,4.11
M02572,MEM00419,1,5.0
M02572,MEM00419,1,4.6
M02572,MEM00419,1,3.78
M02572,MEM00419,1,3.63
M02572,MEM00419,1,3.88
M02572,MEM00419,1,3.76
M02572,MEM00763,1,4.34
M02572,MEM00763,1,4.25
M02572,MEM00763,1,4.37
M02572,MEM00763,1,3.7
M02572,MEM00763,1,4.16
M02572,MEM00763,1,2.97
M02572,MEM00763,1,4.29
M02572,MEM00312,1,4.91
M02572,MEM00312,1,3.35
M02572,MEM00312,1,4.49
M02572,MEM00312,1,3.83
M02572,MEM00312,1,4.68
M02572,MEM00312,1,4.3
M02572,MEM00312,1,4.44
M02572,EXT00255,0,4.24
M02572,EXT00255,0,5.0
M02572,EXT00255,0,4.41
M02572,EXT00255,0,3.78
M02572,EXT00255,0,4.26
M02572,EXT00255,0,3.98
M02572,EXT00255,0,4.3
M02573,MEM00228,1,0.0
M02573,MEM00228,1,0.0
M02573,MEM00228,1,0.0
M02573,MEM00228,1,0.0
M02573,MEM00228,1,0.0
M02573,MEM00228,1,0.0
M02573,MEM00228,1,0.0
M02574,MEM00120,1,3.95
M02574,MEM00120,1,3.79
M02574,MEM00120,1,4.32
M02574,MEM00120,1,4.23
M02574,MEM00120,1,4.84
M02574,MEM00120,1,3.95
M02574,MEM00120,1,3.01
M02574,MEM00670,1,3.98
M02574,MEM00670,1,3.22
M02574,MEM00670,1,4.45
M02574,MEM00670,1,3.2
M02574,MEM00670,1,3.61
M02574,MEM00670,1,3.98
M02574,MEM00670,1,5.0
M02575,MEM00282,1,0.0
M02575,MEM00282,1,0.0
M02575,MEM00282,1,0.0
M02575,MEM00282,1,0.0
M02575,MEM00282,1,0.0
M02575,MEM00282,1,0.0
M02575,MEM00282,1,0.0
M02576,MEM00520,1,0.0
M02576,MEM00520,1,0.0
M02576,MEM00520,1,0.0
M02576,MEM00520,1,0.0
M02576,MEM00520,1,0.0
M02576,MEM00520,1,0.0
M02576,MEM00520,1,0.0
M02577,MEM00178,1,0.0
M02577,MEM00178,1,0.0
M02577,MEM00178,1,0.0
M02577,MEM00178,1,0.0
M02577,MEM00178,1,0.0
M02577,MEM00178,1,0.0
M02577,MEM00178,1,0.0
M02577,MEM00375,1,0.0
M02577,MEM00375,1,0.0
M02577,MEM00375,1,0.0
M02577,MEM00375,1,0.0
M02577,MEM00375,1,0.0
M02577,MEM00375,1,0.0
M02577,MEM00375,1,0.0
M02577,EXT00240,0,0.0
M02577,EXT00240,0,0.0
M02577,EXT00240,0,0.0
M02577,EXT00240,0,0.0
M02577,EXT00240,0,0.0
M02577,EXT00240,0,0.0
M02577,EXT00240,0,0.0
M02578,MEM00323,1,0.0
M02578,MEM00323,1,0.0
M02578,MEM00323,1,0.0
M02578,MEM00323,1,0.0
M02578,MEM00323,1,0.0
M02578,MEM00323,1,0.0
M02578,MEM00323,1,0.0
M02578,MEM00065,1,0.0
M02578,MEM00065,1,0.0
M02578,MEM00065,1,0.0
M02578,MEM00065,1,0.0
M02578,MEM00065,1,0.0
M02578,MEM00065,1,0.0
M02578,MEM00065,1,0.0
M02578,EXT00218,0,0.0
M02578,EXT00218,0,0.0
M02578,EXT00218,0,0.0
M02578,EXT00218,0,0.0
M02578,EXT00218,0,0.0
M02578,EXT00218,0,0.0
M02578,EXT00218,0,0.0
M02579,EXT00168,0,3.56
M02579,EXT00168,0,4.21
M02579,EXT00168,0,4.55
M02579,EXT00168,0,5.0
M02579,EXT00168,0,4.67
M02579,EXT00168,0,4.86
M02579,EXT00168,0,4.72
M02579,EXT00303,0,3.47
M02579,EXT00303,0,4.42
M02579,EXT00303,0,4.71
M02579,EXT00303,0,3.63
M02579,EXT00303,0,3.85
M02579,EXT00303,0,3.72
M02579,EXT00303,0,4.66
M02580,MEM00655,1,4.16
M02580,MEM00655,1,4.01
M02580,MEM00655,1,3.43
M02580,MEM00655,1,4.16
M02580,MEM00655,1,3.86
M02580,MEM00655,1,4.35
M02580,MEM00655,1,3.51
M02580,MEM00615,1,4.31
M02580,MEM00615,1,3.94
M02580,MEM00615,1,3.45
M02580,MEM00615,1,3.4
M02580,MEM00615,1,3.49
M02580,MEM00615,1,4.08
M02580,MEM00615,1,4.27
M02581,MEM00041,1,0.0
M02581,MEM00041,1,0.0
M02581,MEM00041,1,0.0
M02581,MEM00041,1,0.0
M02581,MEM00041,1,0.0
M02581,MEM00041,1,0.0
M02581,MEM00041,1,0.0
M02581,EXT00079,0,0.0
M02581,EXT00079,0,0.0
M02581,EXT00079,0,0.0
M02581,EXT00079,0,0.0
M02581,EXT00079,0,0.0
M02581,EXT00079,0,0.0
M02581,EXT00079,0,0.0
M02582,MEM00756,1,4.36
M02582,MEM00756,1,4.38
M02582,MEM00756,1,3.74
M02582,MEM00756,1,4.84
M02582,MEM00756,1,3.93
M02582,MEM00756,1,4.47
M02582,MEM00756,1,4.1
M02582,MEM00660,1,4.43
M02582,MEM00660,1,4.07
M02582,MEM00660,1,4.44
M02582,MEM00660,1,4.2
M02582,MEM00660,1,4.69
M02582,MEM00660,1,3.71
M02582,MEM00660,1,3.14
M02582,MEM00421,1,3.62
M02582,MEM00421,1,4.84
M02582,MEM00421,1,4.11
M02582,MEM00421,1,4.26
M02582,MEM00421,1,3.57
M02582,MEM00421,1,4.24
M02582,MEM00421,1,3.59
M02582,MEM00670,1,3.67
M02582,MEM00670,1,3.96
M02582,MEM00670,1,4.47
M02582,MEM00670,1,4.53
M02582,MEM00670,1,4.55
M02582,MEM00670,1,3.25
M02582,MEM00670,1,4.2
M02583,MEM00235,1,0.0
M02583,MEM00235,1,0.0
M02583,MEM00235,1,0.0
M02583,MEM00235,1,0.0
M02583,MEM00235,1,0.0
M02583,MEM00235,1,0.0
M02583,MEM00235,1,0.0
M02583,EXT00168,0,0.0
M02583,EXT00168,0,0.0
M02583,EXT00168,0,0.0
M02583,EXT00168,0,0.0
M02583,EXT00168,0,0.0
M02583,EXT00168,0,0.0
M02583,EXT00168,0,0.0
M02584,MEM00032,1,0.0
M02584,MEM00032,1,0.0
M02584,MEM00032,1,0.0
M02584,MEM00032,1,0.0
M02584,MEM00032,1,0.0
M02584,MEM00032,1,0.0
M02584,MEM00032,1,0.0
M02584,MEM00763,1,0.0
M02584,MEM00763,1,0.0
M02584,MEM00763,1,0.0
M02584,MEM00763,1,0.0
M02584,MEM00763,1,0.0
M02584,MEM00763,1,0.0
M02584,MEM00763,1,0.0
M02584,MEM00145,1,0.0
M02584,MEM00145,1,0.0
M02584,MEM00145,1,0.0
M02584,MEM00145,1,0.0
M02584,MEM00145,1,0.0
M02584,MEM00145,1,0.0
M02584,MEM00145,1,0.0
M02584,MEM00210,1,0.0
M02584,MEM00210,1,0.0
M02584,MEM00210,1,0.0
M02584,MEM00210,1,0.0
M02584,MEM00210,1,0.0
M02584,MEM00210,1,0.0
M02584,MEM00210,1,0.0
M02586,MEM00083,1,4.08
M02586,MEM00083,1,3.28
M02586,MEM00083,1,4.21
M02586,MEM00083,1,4.05
M02586,MEM00083,1,4.51
M02586,MEM00083,1,4.25
M02586,MEM00083,1,3.87
M02586,MEM00210,1,4.76
M02586,MEM00210,1,2.87
M02586,MEM00210,1,4.16
M02586,MEM00210,1,3.14
M02586,MEM00210,1,3.65
M02586,MEM00210,1,4.51
M02586,MEM00210,1,3.44
M02586,MEM00461,1,3.35
M02586,MEM00461,1,5.0
M02586,MEM00461,1,3.38
M02586,MEM00461,1,5.0
M02586,MEM00461,1,4.1
M02586,MEM00461,1,3.89
M02586,MEM00461,1,4.54
M02586,MEM00754,1,5.0
M02586,MEM00754,1,3.51
M02586,MEM00754,1,3.89
M02586,MEM00754,1,4.71
M02586,MEM00754,1,4.37
M02586,MEM00754,1,4.86
M02586,MEM00754,1,4.51
M02587,MEM00530,1,0.0
M02587,MEM00530,1,0.0
M02587,MEM00530,1,0.0
M02587,MEM00530,1,0.0
M02587,MEM00530,1,0.0
M02587,MEM00530,1,0.0
M02587,MEM00530,1,0.0
M02587,MEM00735,1,0.0
M02587,MEM00735,1,0.0
M02587,MEM00735,1,0.0
M02587,MEM00735,1,0.0
M02587,MEM00735,1,0.0
M02587,MEM00735,1,0.0
M02587,MEM00735,1,0.0
M02587,MEM00267,1,0.0
M02587,MEM00267,1,0.0
M02587,MEM00267,1,0.0
M02587,MEM00267,1,0.0
M02587,MEM00267,1,0.0
M02587,MEM00267,1,0.0
M02587,MEM00267,1,0.0
M02587,EXT00247,0,0.0
M02587,EXT00247,0,0.0
M02587,EXT00247,0,0.0
M02587,EXT00247,0,0.0
M02587,EXT00247,0,0.0
M02587,EXT00247,0,0.0
M02587,EXT00247,0,0.0
M02588,MEM00041,1,0.0
M02588,MEM00041,1,0.0
M02588,MEM00041,1,0.0
M02588,MEM00041,1,0.0
M02588,MEM00041,1,0.0
M02588,MEM00041,1,0.0
M02588,MEM00041,1,0.0
M02589,MEM00168,1,0.0
M02589,MEM00168,1,0.0
M02589,MEM00168,1,0.0
M02589,MEM00168,1,0.0
M02589,MEM00168,1,0.0
M02589,MEM00168,1,0.0
M02589,MEM00168,1,0.0
M02590,MEM00656,1,5.0
M02590,MEM00656,1,4.31
M02590,MEM00656,1,4.33
M02590,MEM00656,1,4.39
M02590,MEM00656,1,4.11
M02590,MEM00656,1,4.71
M02590,MEM00656,1,4.34
M02590,MEM00615,1,4.67
M02590,MEM00615,1,4.77
M02590,MEM00615,1,4.46
M02590,MEM00615,1,4.5
M02590,MEM00615,1,3.59
M02590,MEM00615,1,3.87
M02590,MEM00615,1,4.71
M02591,MEM00271,1,0.0
M02591,MEM00271,1,0.0
M02591,MEM00271,1,0.0
M02591,MEM00271,1,0.0
M02591,MEM00271,1,0.0
M02591,MEM00271,1,0.0
M02591,MEM00271,1,0.0
M02592,MEM00291,1,0.0
M02592,MEM00291,1,0.0
M02592,MEM00291,1,0.0
M02592,MEM00291,1,0.0
M02592,MEM00291,1,0.0
M02592,MEM00291,1,0.0
M02592,MEM00291,1,0.0
M02592,MEM00001,1,0.0
M02592,MEM00001,1,0.0
M02592,MEM00001,1,0.0
M02592,MEM00001,1,0.0
M02592,MEM00001,1,0.0
M02592,MEM00001,1,0.0
M02592,MEM00001,1,0.0
M02592,MEM00421,1,0.0
M02592,MEM00421,1,0.0
M02592,MEM00421,1,0.0
M02592,MEM00421,1,0.0
M02592,MEM00421,1,0.0
M02592,MEM00421,1,0.0
M02592,MEM00421,1,0.0
M02594,MEM00210,1,5.0
M02594,MEM00210,1,3.04
M02594,MEM00210,1,3.86
M02594,MEM00210,1,4.21
M02594,MEM00210,1,3.67
M02594,MEM00210,1,3.71
M02594,MEM00210,1,4.48
M02594,MEM00180,1,5.0
M02594,MEM00180,1,2.98
M02594,MEM00180,1,4.1
M02594,MEM00180,1,4.48
M02594,MEM00180,1,4.67
M02594,MEM00180,1,4.39
M02594,MEM00180,1,5.0
M02594,MEM00642,1,4.22
M02594,MEM00642,1,4.99
M02594,MEM00642,1,3.81
M02594,MEM00642,1,4.23
M02594,MEM00642,1,3.47
M02594,MEM00642,1,4.74
M02594,MEM00642,1,4.13
M02594,MEM00214,1,4.41
M02594,MEM00214,1,4.01
M02594,MEM00214,1,4.55
M02594,MEM00214,1,4.44
M02594,MEM00214,1,3.6
M02594,MEM00214,1,3.64
M02594,MEM00214,1,4.18
M02595,MEM00173,1,0.0
M02595,MEM00173,1,0.0
M02595,MEM00173,1,0.0
M02595,MEM00173,1,0.0
M02595,MEM00173,1,0.0
M02595,MEM00173,1,0.0
M02595,MEM00173,1,0.0
M02596,MEM00395,1,0.0
M02596,MEM00395,1,0.0
M02596,MEM00395,1,0.0
M02596,MEM00395,1,0.0
M02596,MEM00395,1,0.0
M02596,MEM00395,1,0.0
M02596,MEM00395,1,0.0
M02597,MEM00689,1,0.0
M02597,MEM00689,1,0.0
M02597,MEM00689,1,0.0
M02597,MEM00689,1,0.0
M02597,MEM00689,1,0.0
M02597,MEM00689,1,0.0
M02597,MEM00689,1,0.0
M02598,MEM00210,1,0.0
M02598,MEM00210,1,0.0
M02598,MEM00210,1,0.0
M02598,MEM00210,1,0.0
M02598,MEM00210,1,0.0
M02598,MEM00210,1,0.0
M02598,MEM00210,1,0.0
M02599,MEM00076,1,0.0
M02599,MEM00076,1,0.0
M02599,MEM00076,1,0.0
M02599,MEM00076,1,0.0
M02599,MEM00076,1,0.0
M02599,MEM00076,1,0.0
M02599,MEM00076,1,0.0
M02601,MEM00276,1,4.6
M02601,MEM00276,1,5.0
M02601,MEM00276,1,4.38
M02601,MEM00276,1,4.8
M02601,MEM00276,1,3.23
M02601,MEM00276,1,5.0
M02601,MEM00276,1,4.56
M02601,EXT00303,0,4.17
M02601,EXT00303,0,4.1
M02601,EXT00303,0,3.54
M02601,EXT00303,0,3.71
M02601,EXT00303,0,5.0
M02601,EXT00303,0,3.61
M02601,EXT00303,0,3.6
M02602,MEM00428,1,0.0
M02602,MEM00428,1,0.0
M02602,MEM00428,1,0.0
M02602,MEM00428,1,0.0
M02602,MEM00428,1,0.0
M02602,MEM00428,1,0.0
M02602,MEM00428,1,0.0
M02603,MEM00651,1,3.78
M02603,MEM00651,1,3.48
M02603,MEM00651,1,4.21
M02603,MEM00651,1,4.85
M02603,MEM00651,1,3.83
M02603,MEM00651,1,3.38
M02603,MEM00651,1,4.38
M02603,MEM00767,1,4.17
M02603,MEM00767,1,4.8
M02603,MEM00767,1,3.93
M02603,MEM00767,1,4.04
M02603,MEM00767,1,4.11
M02603,MEM00767,1,4.25
M02603,MEM00767,1,3.96
M02603,EXT00241,0,3.87
M02603,EXT00241,0,3.09
M02603,EXT00241,0,3.86
M02603,EXT00241,0,4.63
M02603,EXT00241,0,4.71
M02603,EXT00241,0,3.92
M02603,EXT00241,0,4.98
M02603,EXT00317,0,4.18
M02603,EXT00317,0,3.4
M02603,EXT00317,0,3.21
M02603,EXT00317,0,4.93
M02603,EXT00317,0,3.98
M02603,EXT00317,0,3.47
M02603,EXT00317,0,2.84
M02604,MEM00388,1,0.0
M02604,MEM00388,1,0.0
M02604,MEM00388,1,0.0
M02604,MEM00388,1,0.0
M02604,MEM00388,1,0.0
M02604,MEM00388,1,0.0
M02604,MEM00388,1,0.0
M02604,MEM00042,1,0.0
M02604,MEM00042,1,0.0
M02604,MEM00042,1,0.0
M02604,MEM00042,1,0.0
M02604,MEM00042,1,0.0
M02604,MEM00042,1,0.0
M02604,MEM00042,1,0.0
M02605,MEM00785,1,3.96
M02605,MEM00785,1,4.44
M02605,MEM00785,1,3.78
M02605,MEM00785,1,3.57
M02605,MEM00785,1,3.87
M02605,MEM00785,1,4.95
M02605,MEM00785,1,3.36
M02605,EXT00150,0,3.81
M02605,EXT00150,0,4.93
M02605,EXT00150,0,4.5
M02605,EXT00150,0,4.31
M02605,EXT00150,0,3.81
M02605,EXT00150,0,4.22
M02605,EXT00150,0,3.88
M02606,MEM00141,1,0.0
M02606,MEM00141,1,0.0
M02606,MEM00141,1,0.0
M02606,MEM00141,1,0.0
M02606,MEM00141,1,0.0
M02606,MEM00141,1,0.0
M02606,MEM00141,1,0.0
M02608,EXT00268,0,0.0
M02608,EXT00268,0,0.0
M02608,EXT00268,0,0.0
M02608,EXT00268,0,0.0
M02608,EXT00268,0,0.0
M02608,EXT00268,0,0.0
M02608,EXT00268,0,0.0
M02609,MEM00464,1,3.68
M02609,MEM00464,1,3.55
M02609,MEM00464,1,4.67
M02609,MEM00464,1,4.16
M02609,MEM00464,1,4.39
M02609,MEM00464,1,4.29
M02609,MEM00464,1,4.46
M02609,MEM00219,1,4.05
M02609,MEM00219,1,3.91
M02609,MEM00219,1,3.71
M02609,MEM00219,1,3.35
M02609,MEM00219,1,3.53
M02609,MEM00219,1,3.98
M02609,MEM00219,1,3.24
M02609,MEM00465,1,3.37
M02609,MEM00465,1,4.83
M02609,MEM00465,1,4.33
M02609,MEM00465,1,3.93
M02609,MEM00465,1,5.0
M02609,MEM00465,1,3.21
M02609,MEM00465,1,4.79
M02609,EXT00175,0,4.13
M02609,EXT00175,0,4.67
M02609,EXT00175,0,4.27
M02609,EXT00175,0,3.08
M02609,EXT00175,0,4.26
M02609,EXT00175,0,4.4
M02609,EXT00175,0,2.88
M02610,MEM00210,1,5.0
M02610,MEM00210,1,4.39
M02610,MEM00210,1,4.6
M02610,MEM00210,1,3.5
M02610,MEM00210,1,4.61
M02610,MEM00210,1,4.85
M02610,MEM00210,1,4.35
M02610,MEM00663,1,4.19
M02610,MEM00663,1,3.66
M02610,MEM00663,1,4.07
M02610,MEM00663,1,3.89
M02610,MEM00663,1,4.54
M02610,MEM00663,1,3.69
M02610,MEM00663,1,4.54
M02611,MEM00358,1,3.7
M02611,MEM00358,1,4.04
M02611,MEM00358,1,4.57
M02611,MEM00358,1,3.78
M02611,MEM00358,1,4.59
M02611,MEM00358,1,4.53
M02611,MEM00358,1,4.04
M02611,MEM00623,1,4.9
M02611,MEM00623,1,4.25
M02611,MEM00623,1,4.86
M02611,MEM00623,1,5.0
M02611,MEM00623,1,4.06
M02611,MEM00623,1,4.59
M02611,MEM00623,1,3.82
M02611,MEM00524,1,3.58
M02611,MEM00524,1,4.08
M02611,MEM00524,1,3.38
M02611,MEM00524,1,3.64
M02611,MEM00524,1,4.55
M02611,MEM00524,1,3.89
M02611,MEM00524,1,4.63
M02611,MEM00421,1,4.38
M02611,MEM00421,1,5.0
M02611,MEM00421,1,4.51
M02611,MEM00421,1,4.87
M02611,MEM00421,1,4.44
M02611,MEM00421,1,4.39
M02611,MEM00421,1,4.9
M02612,MEM00307,1,4.6
M02612,MEM00307,1,4.33
M02612,MEM00307,1,4.32
M02612,MEM00307,1,4.52
M02612,MEM00307,1,3.8
M02612,MEM00307,1,3.77
M02612,MEM00307,1,5.0
M02612,MEM00756,1,5.0
M02612,MEM00756,1,3.64
M02612,MEM00756,1,3.8
M02612,MEM00756,1,4.89
M02612,MEM00756,1,4.52
M02612,MEM00756,1,4.61
M02612,MEM00756,1,4.74
M02612,MEM00502,1,4.06
M02612,MEM00502,1,4.4
M02612,MEM00502,1,4.35
M02612,MEM00502,1,3.68
M02612,MEM00502,1,4.39
M02612,MEM00502,1,4.94
M02612,MEM00502,1,4.0
M02612,MEM00139,1,4.29
M02612,MEM00139,1,4.32
M02612,MEM00139,1,4.03
M02612,MEM00139,1,4.61
M02612,MEM00139,1,3.79
M02612,MEM00139,1,5.0
M02612,MEM00139,1,4.58
M02613,MEM00298,1,3.64
M02613,MEM00298,1,5.0
M02613,MEM00298,1,4.3
M02613,MEM00298,1,3.77
M02613,MEM00298,1,4.86
M02613,MEM00298,1,4.5
M02613,MEM00298,1,3.14
M02613,MEM00584,1,3.88
M02613,MEM00584,1,4.37
M02613,MEM00584,1,2.9
M02613,MEM00584,1,4.25
M02613,MEM00584,1,4.29
M02613,MEM00584,1,3.49
M02613,MEM00584,1,4.36
M02614,MEM00180,1,4.2
M02614,MEM00180,1,3.49
M02614,MEM00180,1,4.75
M02614,MEM00180,1,4.7
M02614,MEM00180,1,4.03
M02614,MEM00180,1,4.08
M02614,MEM00180,1,4.64
M02614,MEM00021,1,4.08
M02614,MEM00021,1,3.04
M02614,MEM00021,1,4.49
M02614,MEM00021,1,3.71
M02614,MEM00021,1,3.97
M02614,MEM00021,1,5.0
M02614,MEM00021,1,4.12
M02614,MEM00702,1,4.2
M02614,MEM00702,1,4.51
M02614,MEM00702,1,4.5
M02614,MEM00702,1,3.65
M02614,MEM00702,1,4.16
M02614,MEM00702,1,4.22
M02614,MEM00702,1,4.36
M02614,MEM00385,1,4.37
M02614,MEM00385,1,5.0
M02614,MEM00385,1,3.49
M02614,MEM00385,1,4.79
M02614,MEM00385,1,4.91
M02614,MEM00385,1,4.5
M02614,MEM00385,1,3.81
M02615,MEM00754,1,5.0
M02615,MEM00754,1,2.88
M02615,MEM00754,1,3.79
M02615,MEM00754,1,4.9
M02615,MEM00754,1,3.98
M02615,MEM00754,1,5.0
M02615,MEM00754,1,3.29
M02615,MEM00379,1,3.53
M02615,MEM00379,1,3.88
M02615,MEM00379,1,4.45
M02615,MEM00379,1,4.07
M02615,MEM00379,1,3.91
M02615,MEM00379,1,5.0
M02615,MEM00379,1,5.0
M02615,MEM00388,1,3.95
M02615,MEM00388,1,3.17
M02615,MEM00388,1,2.91
M02615,MEM00388,1,4.34
M02615,MEM00388,1,4.59
M02615,MEM00388,1,4.24
M02615,MEM00388,1,4.16
M02615,MEM00417,1,3.72
M02615,MEM00417,1,4.59
M02615,MEM00417,1,5.0
M02615,MEM00417,1,2.87
M02615,MEM00417,1,4.15
M02615,MEM00417,1,3.62
M02615,MEM00417,1,3.31
M02616,MEM00637,1,3.52
M02616,MEM00637,1,4.43
M02616,MEM00637,1,4.44
M02616,MEM00637,1,5.0
M02616,MEM00637,1,4.21
M02616,MEM00637,1,3.15
M02616,MEM00637,1,4.06
M02616,MEM00720,1,3.37
M02616,MEM00720,1,3.48
M02616,MEM00720,1,4.55
M02616,MEM00720,1,4.32
M02616,MEM00720,1,4.55
M02616,MEM00720,1,3.99
M02616,MEM00720,1,4.67
M02616,MEM00114,1,3.95
M02616,MEM00114,1,4.87
M02616,MEM00114,1,4.41
M02616,MEM00114,1,4.08
M02616,MEM00114,1,4.33
M02616,MEM00114,1,4.19
M02616,MEM00114,1,5.0
M02616,MEM00210,1,4.35
M02616,MEM00210,1,4.2
M02616,MEM00210,1,4.06
M02616,MEM00210,1,4.71
M02616,MEM00210,1,4.62
M02616,MEM00210,1,4.04
M02616,MEM00210,1,3.51
M02617,MEM00735,1,0.0
M02617,MEM00735,1,0.0
M02617,MEM00735,1,0.0
M02617,MEM00735,1,0.0
M02617,MEM00735,1,0.0
M02617,MEM00735,1,0.0
M02617,MEM00735,1,0.0
M02619,MEM00411,1,3.66
M02619,MEM00411,1,4.09
M02619,MEM00411,1,5.0
M02619,MEM00411,1,4.05
M02619,MEM00411,1,3.84
M02619,MEM00411,1,3.14
M02619,MEM00411,1,5.0
M02619,MEM00759,1,4.54
M02619,MEM00759,1,4.68
M02619,MEM00759,1,4.78
M02619,MEM00759,1,4.1
M02619,MEM00759,1,4.25
M02619,MEM00759,1,5.0
M02619,MEM00759,1,4.31
M02620,MEM00543,1,0.0
M02620,MEM00543,1,0.0
M02620,MEM00543,1,0.0
M02620,MEM00543,1,0.0
M02620,MEM00543,1,0.0
M02620,MEM00543,1,0.0
M02620,MEM00543,1,0.0
M02620,MEM00621,1,0.0
M02620,MEM00621,1,0.0
M02620,MEM00621,1,0.0
M02620,MEM00621,1,0.0
M02620,MEM00621,1,0.0
M02620,MEM00621,1,0.0
M02620,MEM00621,1,0.0
M02620,EXT00055,0,0.0
M02620,EXT00055,0,0.0
M02620,EXT00055,0,0.0
M02620,EXT00055,0,0.0
M02620,EXT00055,0,0.0
M02620,EXT00055,0,0.0
M02620,EXT00055,0,0.0
M02621,MEM00477,1,4.55
M02621,MEM00477,1,4.72
M02621,MEM00477,1,4.59
M02621,MEM00477,1,4.12
M02621,MEM00477,1,4.18
M02621,MEM00477,1,4.67
M02621,MEM00477,1,4.67
M02621,MEM00035,1,4.9
M02621,MEM00035,1,4.53
M02621,MEM00035,1,4.56
M02621,MEM00035,1,3.93
M02621,MEM00035,1,3.85
M02621,MEM00035,1,4.67
M02621,MEM00035,1,3.86
M02621,MEM00142,1,4.19
M02621,MEM00142,1,5.0
M02621,MEM00142,1,4.93
M02621,MEM00142,1,4.38
M02621,MEM00142,1,4.02
M02621,MEM00142,1,4.13
M02621,MEM00142,1,4.72
M02621,MEM00392,1,4.18
M02621,MEM00392,1,3.87
M02621,MEM00392,1,4.93
M02621,MEM00392,1,4.31
M02621,MEM00392,1,3.85
M02621,MEM00392,1,4.49
M02621,MEM00392,1,4.78
M02622,MEM00283,1,0.0
M02622,MEM00283,1,0.0
M02622,MEM00283,1,0.0
M02622,MEM00283,1,0.0
M02622,MEM00283,1,0.0
M02622,MEM00283,1,0.0
M02622,MEM00283,1,0.0
M02622,MEM00167,1,0.0
M02622,MEM00167,1,0.0
M02622,MEM00167,1,0.0
M02622,MEM00167,1,0.0
M02622,MEM00167,1,0.0
M02622,MEM00167,1,0.0
M02622,MEM00167,1,0.0
M02622,MEM00338,1,0.0
M02622,MEM00338,1,0.0
M02622,MEM00338,1,0.0
M02622,MEM00338,1,0.0
M02622,MEM00338,1,0.0
M02622,MEM00338,1,0.0
M02622,MEM00338,1,0.0
M02624,MEM00074,1,3.6
M02624,MEM00074,1,4.08
M02624,MEM00074,1,4.05
M02624,MEM00074,1,4.47
M02624,MEM00074,1,4.58
M02624,MEM00074,1,3.87
M02624,MEM00074,1,3.3
M02624,MEM00485,1,4.82
M02624,MEM00485,1,3.53
M02624,MEM00485,1,4.36
M02624,MEM00485,1,4.12
M02624,MEM00485,1,4.3
M02624,MEM00485,1,5.0
M02624,MEM00485,1,5.0
M02624,EXT00076,0,3.22
M02624,EXT00076,0,4.79
M02624,EXT00076,0,4.11
M02624,EXT00076,0,4.83
M02624,EXT00076,0,4.77
M02624,EXT00076,0,5.0
M02624,EXT00076,0,4.37
M02624,EXT00205,0,3.67
M02624,EXT00205,0,4.76
M02624,EXT00205,0,4.27
M02624,EXT00205,0,4.06
M02624,EXT00205,0,3.91
M02624,EXT00205,0,4.8
M02624,EXT00205,0,5.0
M02625,MEM00452,1,0.0
M02625,MEM00452,1,0.0
M02625,MEM00452,1,0.0
M02625,MEM00452,1,0.0
M02625,MEM00452,1,0.0
M02625,MEM00452,1,0.0
M02625,MEM00452,1,0.0
M02625,MEM00495,1,0.0
M02625,MEM00495,1,0.0
M02625,MEM00495,1,0.0
M02625,MEM00495,1,0.0
M02625,MEM00495,1,0.0
M02625,MEM00495,1,0.0
M02625,MEM00495,1,0.0
M02625,EXT00224,0,0.0
M02625,EXT00224,0,0.0
M02625,EXT00224,0,0.0
M02625,EXT00224,0,0.0
M02625,EXT00224,0,0.0
M02625,EXT00224,0,0.0
M02625,EXT00224,0,0.0
M02625,EXT00301,0,0.0
M02625,EXT00301,0,0.0
M02625,EXT00301,0,0.0
M02625,EXT00301,0,0.0
M02625,EXT00301,0,0.0
M02625,EXT00301,0,0.0
M02625,EXT00301,0,0.0
M02626,MEM00379,1,3.48
M02626,MEM00379,1,4.57
M02626,MEM00379,1,3.98
M02626,MEM00379,1,3.32
M02626,MEM00379,1,4.29
M02626,MEM00379,1,3.7
M02626,MEM00379,1,3.25
M02626,MEM00255,1,3.73
M02626,MEM00255,1,3.58
M02626,MEM00255,1,3.81
M02626,MEM00255,1,3.4
M02626,MEM00255,1,3.96
M02626,MEM00255,1,3.77
M02626,MEM00255,1,4.43
M02626,MEM00615,1,4.56
M02626,MEM00615,1,4.36
M02626,MEM00615,1,4.06
M02626,MEM00615,1,4.04
M02626,MEM00615,1,3.7
M02626,MEM00615,1,3.71
M02626,MEM00615,1,4.62
M02626,MEM00338,1,3.14
M02626,MEM00338,1,4.15
M02626,MEM00338,1,4.01
M02626,MEM00338,1,4.56
M02626,MEM00338,1,3.34
M02626,MEM00338,1,4.21
M02626,MEM00338,1,4.41
M02627,MEM00018,1,0.0
M02627,MEM00018,1,0.0
M02627,MEM00018,1,0.0
M02627,MEM00018,1,0.0
M02627,MEM00018,1,0.0
M02627,MEM00018,1,0.0
M02627,MEM00018,1,0.0
M02627,MEM00512,1,0.0
M02627,MEM00512,1,0.0
M02627,MEM00512,1,0.0
M02627,MEM00512,1,0.0
M02627,MEM00512,1,0.0
M02627,MEM00512,1,0.0
M02627,MEM00512,1,0.0
M02627,MEM00502,1,0.0
M02627,MEM00502,1,0.0
M02627,MEM00502,1,0.0
M02627,MEM00502,1,0.0
M02627,MEM00502,1,0.0
M02627,MEM00502,1,0.0
M02627,MEM00502,1,0.0
M02628,MEM00236,1,3.06
M02628,MEM00236,1,3.56
M02628,MEM00236,1,4.14
M02628,MEM00236,1,4.51
M02628,MEM00236,1,4.31
M02628,MEM00236,1,4.54
M02628,MEM00236,1,3.55
M02628,MEM00479,1,3.25
M02628,MEM00479,1,4.25
M02628,MEM00479,1,3.46
M02628,MEM00479,1,3.68
M02628,MEM00479,1,4.76
M02628,MEM00479,1,4.31
M02628,MEM00479,1,3.86
M02628,EXT00039,0,3.78
M02628,EXT00039,0,4.57
M02628,EXT00039,0,4.33
M02628,EXT00039,0,3.47
M02628,EXT00039,0,3.03
M02628,EXT00039,0,5.0
M02628,EXT00039,0,3.47
M02628,EXT00037,0,4.52
M02628,EXT00037,0,5.0
M02628,EXT00037,0,4.29
M02628,EXT00037,0,3.84
M02628,EXT00037,0,3.34
M02628,EXT00037,0,3.34
M02628,EXT00037,0,4.43
M02629,MEM00744,1,0.0
M02629,MEM00744,1,0.0
M02629,MEM00744,1,0.0
M02629,MEM00744,1,0.0
M02629,MEM00744,1,0.0
M02629,MEM00744,1,0.0
M02629,MEM00744,1,0.0
M02630,EXT00280,0,0.0
M02630,EXT00280,0,0.0
M02630,EXT00280,0,0.0
M02630,EXT00280,0,0.0
M02630,EXT00280,0,0.0
M02630,EXT00280,0,0.0
M02630,EXT00280,0,0.0
M02631,MEM00120,1,0.0
M02631,MEM00120,1,0.0
M02631,MEM00120,1,0.0
M02631,MEM00120,1,0.0
M02631,MEM00120,1,0.0
M02631,MEM00120,1,0.0
M02631,MEM00120,1,0.0
M02632,EXT00136,0,0.0
M02632,EXT00136,0,0.0
M02632,EXT00136,0,0.0
M02632,EXT00136,0,0.0
M02632,EXT00136,0,0.0
M02632,EXT00136,0,0.0
M02632,EXT00136,0,0.0
M02633,EXT00333,0,5.0
M02633,EXT00333,0,3.96
M02633,EXT00333,0,3.87
M02633,EXT00333,0,4.62
M02633,EXT00333,0,3.79
M02633,EXT00333,0,4.36
M02633,EXT00333,0,4.23
M02633,EXT00236,0,3.95
M02633,EXT00236,0,4.19
M02633,EXT00236,0,5.0
M02633,EXT00236,0,4.56
M02633,EXT00236,0,4.86
M02633,EXT00236,0,3.65
M02633,EXT00236,0,4.86
M02635,MEM00048,1,0.0
M02635,MEM00048,1,0.0
M02635,MEM00048,1,0.0
M02635,MEM00048,1,0.0
M02635,MEM00048,1,0.0
M02635,MEM00048,1,0.0
M02635,MEM00048,1,0.0
M02635,EXT00090,0,0.0
M02635,EXT00090,0,0.0
M02635,EXT00090,0,0.0
M02635,EXT00090,0,0.0
M02635,EXT00090,0,0.0
M02635,EXT00090,0,0.0
M02635,EXT00090,0,0.0
M02636,MEM00180,1,4.58
M02636,MEM00180,1,3.3
M02636,MEM00180,1,4.52
M02636,MEM00180,1,3.89
M02636,MEM00180,1,3.27
M02636,MEM00180,1,4.28
M02636,MEM00180,1,4.52
M02636,MEM00007,1,4.29
M02636,MEM00007,1,4.13
M02636,MEM00007,1,4.0
M02636,MEM00007,1,5.0
M02636,MEM00007,1,3.49
M02636,MEM00007,1,4.72
M02636,MEM00007,1,4.21
M02636,MEM00710,1,3.69
M02636,MEM00710,1,4.17
M02636,MEM00710,1,3.36
M02636,MEM00710,1,3.84
M02636,MEM00710,1,4.17
M02636,MEM00710,1,3.27
M02636,MEM00710,1,4.5
M02636,EXT00378,0,3.62
M02636,EXT00378,0,3.33
M02636,EXT00378,0,3.55
M02636,EXT00378,0,5.0
M02636,EXT00378,0,3.01
M02636,EXT00378,0,4.46
M02636,EXT00378,0,3.75
M02637,MEM00210,1,3.99
M02637,MEM00210,1,4.56
M02637,MEM00210,1,4.53
M02637,MEM00210,1,3.79
M02637,MEM00210,1,3.39
M02637,MEM00210,1,4.57
M02637,MEM00210,1,4.53
M02637,MEM00479,1,4.03
M02637,MEM00479,1,4.47
M02637,MEM00479,1,3.93
M02637,MEM00479,1,3.7
M02637,MEM00479,1,4.2
M02637,MEM00479,1,4.51
M02637,MEM00479,1,4.39
M02638,MEM00210,1,4.51
M02638,MEM00210,1,3.74
M02638,MEM00210,1,5.0
M02638,MEM00210,1,3.99
M02638,MEM00210,1,4.13
M02638,MEM00210,1,3.41
M02638,MEM00210,1,4.08
M02638,MEM00706,1,4.52
M02638,MEM00706,1,4.66
M02638,MEM00706,1,5.0
M02638,MEM00706,1,4.51
M02638,MEM00706,1,4.37
M02638,MEM00706,1,3.93
M02638,MEM00706,1,3.8
M02638,MEM00069,1,4.78
M02638,MEM00069,1,4.77
M02638,MEM00069,1,3.55
M02638,MEM00069,1,4.63
M02638,MEM00069,1,4.59
M02638,MEM00069,1,3.53
M02638,MEM00069,1,4.52
M02638,MEM00031,1,3.57
M02638,MEM00031,1,2.74
M02638,MEM00031,1,4.1
M02638,MEM00031,1,4.35
M02638,MEM00031,1,4.13
M02638,MEM00031,1,5.0
M02638,MEM00031,1,4.43
M02639,MEM00324,1,4.29
M02639,MEM00324,1,4.46
M02639,MEM00324,1,3.94
M02639,MEM00324,1,4.76
M02639,MEM00324,1,4.42
M02639,MEM00324,1,4.39
M02639,MEM00324,1,3.83
M02639,EXT00293,0,3.26
M02639,EXT00293,0,3.9
M02639,EXT00293,0,4.37
M02639,EXT00293,0,3.93
M02639,EXT00293,0,4.38
M02639,EXT00293,0,4.06
M02639,EXT00293,0,4.46
M02642,EXT00365,0,0.0
M02642,EXT00365,0,0.0
M02642,EXT00365,0,0.0
M02642,EXT00365,0,0.0
M02642,EXT00365,0,0.0
M02642,EXT00365,0,0.0
M02642,EXT00365,0,0.0
M02643,MEM00317,1,3.61
M02643,MEM00317,1,4.32
M02643,MEM00317,1,3.82
M02643,MEM00317,1,3.28
M02643,MEM00317,1,4.1
M02643,MEM00317,1,5.0
M02643,MEM00317,1,3.32
M02643,MEM00173,1,4.27
M02643,MEM00173,1,4.68
M02643,MEM00173,1,5.0
M02643,MEM00173,1,3.9
M02643,MEM00173,1,3.82
M02643,MEM00173,1,3.5
M02643,MEM00173,1,4.88
M02643,MEM00408,1,3.68
M02643,MEM00408,1,3.98
M02643,MEM00408,1,3.09
M02643,MEM00408,1,4.73
M02643,MEM00408,1,4.89
M02643,MEM00408,1,4.71
M02643,MEM00408,1,3.24
M02643,EXT00362,0,4.56
M02643,EXT00362,0,3.2
M02643,EXT00362,0,4.23
M02643,EXT00362,0,4.32
M02643,EXT00362,0,4.39
M02643,EXT00362,0,4.52
M02643,EXT00362,0,4.2
M02644,MEM00641,1,0.0
M02644,MEM00641,1,0.0
M02644,MEM00641,1,0.0
M02644,MEM00641,1,0.0
M02644,MEM00641,1,0.0
M02644,MEM00641,1,0.0
M02644,MEM00641,1,0.0
M02645,MEM00068,1,0.0
M02645,MEM00068,1,0.0
M02645,MEM00068,1,0.0
M02645,MEM00068,1,0.0
M02645,MEM00068,1,0.0
M02645,MEM00068,1,0.0
M02645,MEM00068,1,0.0
M02645,MEM00449,1,0.0
M02645,MEM00449,1,0.0
M02645,MEM00449,1,0.0
M02645,MEM00449,1,0.0
M02645,MEM00449,1,0.0
M02645,MEM00449,1,0.0
M02645,MEM00449,1,0.0
M02645,MEM00559,1,0.0
M02645,MEM00559,1,0.0
M02645,MEM00559,1,0.0
M02645,MEM00559,1,0.0
M02645,MEM00559,1,0.0
M02645,MEM00559,1,0.0
M02645,MEM00559,1,0.0
M02646,MEM00731,1,0.0
M02646,MEM00731,1,0.0
M02646,MEM00731,1,0.0
M02646,MEM00731,1,0.0
M02646,MEM00731,1,0.0
M02646,MEM00731,1,0.0
M02646,MEM00731,1,0.0
M02646,MEM00116,1,0.0
M02646,MEM00116,1,0.0
M02646,MEM00116,1,0.0
M02646,MEM00116,1,0.0
M02646,MEM00116,1,0.0
M02646,MEM00116,1,0.0
M02646,MEM00116,1,0.0
M02647,MEM00421,1,0.0
M02647,MEM00421,1,0.0
M02647,MEM00421,1,0.0
M02647,MEM00421,1,0.0
M02647,MEM00421,1,0.0
M02647,MEM00421,1,0.0
M02647,MEM00421,1,0.0
M02648,MEM00702,1,0.0
M02648,MEM00702,1,0.0
M02648,MEM00702,1,0.0
M02648,MEM00702,1,0.0
M02648,MEM00702,1,0.0
M02648,MEM00702,1,0.0
M02648,MEM00702,1,0.0
M02649,MEM00319,1,0.0
M02649,MEM00319,1,0.0
M02649,MEM00319,1,0.0
M02649,MEM00319,1,0.0
M02649,MEM00319,1,0.0
M02649,MEM00319,1,0.0
M02649,MEM00319,1,0.0
M02650,MEM00379,1,3.02
M02650,MEM00379,1,4.52
M02650,MEM00379,1,4.26
M02650,MEM00379,1,3.66
M02650,MEM00379,1,3.26
M02650,MEM00379,1,5.0
M02650,MEM00379,1,4.94
M02650,MEM00072,1,4.62
M02650,MEM00072,1,3.79
M02650,MEM00072,1,2.69
M02650,MEM00072,1,4.66
M02650,MEM00072,1,4.42
M02650,MEM00072,1,3.98
M02650,MEM00072,1,4.87
M02650,EXT00104,0,4.71
M02650,EXT00104,0,4.31
M02650,EXT00104,0,4.22
M02650,EXT00104,0,4.23
M02650,EXT00104,0,4.61
M02650,EXT00104,0,3.69
M02650,EXT00104,0,4.46
M02650,EXT00121,0,3.65
M02650,EXT00121,0,5.0
M02650,EXT00121,0,4.52
M02650,EXT00121,0,3.79
M02650,EXT00121,0,4.25
M02650,EXT00121,0,3.69
M02650,EXT00121,0,5.0
M02651,EXT00369,0,0.0
M02651,EXT00369,0,0.0
M02651,EXT00369,0,0.0
M02651,EXT00369,0,0.0
M02651,EXT00369,0,0.0
M02651,EXT00369,0,0.0
M02651,EXT00369,0,0.0
M02652,MEM00216,1,5.0
M02652,MEM00216,1,4.62
M02652,MEM00216,1,5.0
M02652,MEM00216,1,4.29
M02652,MEM00216,1,4.66
M02652,MEM00216,1,4.93
M02652,MEM00216,1,4.2
M02652,EXT00187,0,4.24
M02652,EXT00187,0,4.76
M02652,EXT00187,0,4.59
M02652,EXT00187,0,3.75
M02652,EXT00187,0,2.89
M02652,EXT00187,0,4.09
M02652,EXT00187,0,2.94
M02654,MEM00538,1,0.0
M02654,MEM00538,1,0.0
M02654,MEM00538,1,0.0
M02654,MEM00538,1,0.0
M02654,MEM00538,1,0.0
M02654,MEM00538,1,0.0
M02654,MEM00538,1,0.0
M02656,MEM00690,1,3.61
M02656,MEM00690,1,3.68
M02656,MEM00690,1,3.86
M02656,MEM00690,1,4.69
M02656,MEM00690,1,4.82
M02656,MEM00690,1,4.51
M02656,MEM00690,1,4.58
M02656,MEM00383,1,4.59
M02656,MEM00383,1,2.7
M02656,MEM00383,1,4.21
M02656,MEM00383,1,3.12
M02656,MEM00383,1,4.51
M02656,MEM00383,1,2.94
M02656,MEM00383,1,4.09
M02656,MEM00150,1,4.53
M02656,MEM00150,1,3.53
M02656,MEM00150,1,4.78
M02656,MEM00150,1,4.5
M02656,MEM00150,1,4.43
M02656,MEM00150,1,4.62
M02656,MEM00150,1,3.98
M02656,MEM00594,1,4.29
M02656,MEM00594,1,4.21
M02656,MEM00594,1,4.19
M02656,MEM00594,1,3.8
M02656,MEM00594,1,3.45
M02656,MEM00594,1,4.0
M02656,MEM00594,1,3.96
M02657,MEM00489,1,0.0
M02657,MEM00489,1,0.0
M02657,MEM00489,1,0.0
M02657,MEM00489,1,0.0
M02657,MEM00489,1,0.0
M02657,MEM00489,1,0.0
M02657,MEM00489,1,0.0
M02657,MEM00533,1,0.0
M02657,MEM00533,1,0.0
M02657,MEM00533,1,0.0
M02657,MEM00533,1,0.0
M02657,MEM00533,1,0.0
M02657,MEM00533,1,0.0
M02657,MEM00533,1,0.0
M02658,MEM00120,1,0.0
M02658,MEM00120,1,0.0
M02658,MEM00120,1,0.0
M02658,MEM00120,1,0.0
M02658,MEM00120,1,0.0
M02658,MEM00120,1,0.0
M02658,MEM00120,1,0.0
M02658,MEM00762,1,0.0
M02658,MEM00762,1,0.0
M02658,MEM00762,1,0.0
M02658,MEM00762,1,0.0
M02658,MEM00762,1,0.0
M02658,MEM00762,1,0.0
M02658,MEM00762,1,0.0
M02659,MEM00210,1,0.0
M02659,MEM00210,1,0.0
M02659,MEM00210,1,0.0
M02659,MEM00210,1,0.0
M02659,MEM00210,1,0.0
M02659,MEM00210,1,0.0
M02659,MEM00210,1,0.0
M02659,MEM00618,1,0.0
M02659,MEM00618,1,0.0
M02659,MEM00618,1,0.0
M02659,MEM00618,1,0.0
M02659,MEM00618,1,0.0
M02659,MEM00618,1,0.0
M02659,MEM00618,1,0.0
M02659,MEM00123,1,0.0
M02659,MEM00123,1,0.0
M02659,MEM00123,1,0.0
M02659,MEM00123,1,0.0
M02659,MEM00123,1,0.0
M02659,MEM00123,1,0.0
M02659,MEM00123,1,0.0
M02660,MEM00756,1,0.0
M02660,MEM00756,1,0.0
M02660,MEM00756,1,0.0
M02660,MEM00756,1,0.0
M02660,MEM00756,1,0.0
M02660,MEM00756,1,0.0
M02660,MEM00756,1,0.0
M02661,MEM00352,1,3.76
M02661,MEM00352,1,4.71
M02661,MEM00352,1,3.5
M02661,MEM00352,1,4.1
M02661,MEM00352,1,4.9
M02661,MEM00352,1,4.75
M02661,MEM00352,1,4.93
M02661,MEM00606,1,3.85
M02661,MEM00606,1,4.67
M02661,MEM00606,1,3.56
M02661,MEM00606,1,4.03
M02661,MEM00606,1,4.09
M02661,MEM00606,1,3.85
M02661,MEM00606,1,3.98
M02661,MEM00580,1,3.9
M02661,MEM00580,1,3.61
M02661,MEM00580,1,4.71
M02661,MEM00580,1,4.09
M02661,MEM00580,1,4.32
M02661,MEM00580,1,4.3
M02661,MEM00580,1,4.23
M02661,MEM00189,1,4.26
M02661,MEM00189,1,4.02
M02661,MEM00189,1,5.0
M02661,MEM00189,1,4.66
M02661,MEM00189,1,4.21
M02661,MEM00189,1,3.93
M02661,MEM00189,1,4.13
M02662,MEM00479,1,0.0
M02662,MEM00479,1,0.0
M02662,MEM00479,1,0.0
M02662,MEM00479,1,0.0
M02662,MEM00479,1,0.0
M02662,MEM00479,1,0.0
M02662,MEM00479,1,0.0
M02662,MEM00615,1,0.0
M02662,MEM00615,1,0.0
M02662,MEM00615,1,0.0
M02662,MEM00615,1,0.0
M02662,MEM00615,1,0.0
M02662,MEM00615,1,0.0
M02662,MEM00615,1,0.0
M02663,MEM00768,1,4.45
M02663,MEM00768,1,5.0
M02663,MEM00768,1,3.38
M02663,MEM00768,1,4.6
M02663,MEM00768,1,4.88
M02663,MEM00768,1,3.31
M02663,MEM00768,1,4.09
M02663,MEM00107,1,3.56
M02663,MEM00107,1,4.46
M02663,MEM00107,1,3.98
M02663,MEM00107,1,4.12
M02663,MEM00107,1,3.95
M02663,MEM00107,1,4.63
M02663,MEM00107,1,4.34
M02663,MEM00710,1,4.34
M02663,MEM00710,1,4.3
M02663,MEM00710,1,4.54
M02663,MEM00710,1,4.04
M02663,MEM00710,1,5.0
M02663,MEM00710,1,3.46
M02663,MEM00710,1,3.16
M02663,EXT00100,0,3.11
M02663,EXT00100,0,2.95
M02663,EXT00100,0,4.6
M02663,EXT00100,0,4.53
M02663,EXT00100,0,4.92
M02663,EXT00100,0,3.57
M02663,EXT00100,0,4.65
M02664,MEM00655,1,0.0
M02664,MEM00655,1,0.0
M02664,MEM00655,1,0.0
M02664,MEM00655,1,0.0
M02664,MEM00655,1,0.0
M02664,MEM00655,1,0.0
M02664,MEM00655,1,0.0
M02664,EXT00210,0,0.0
M02664,EXT00210,0,0.0
M02664,EXT00210,0,0.0
M02664,EXT00210,0,0.0
M02664,EXT00210,0,0.0
M02664,EXT00210,0,0.0
M02664,EXT00210,0,0.0
M02665,MEM00370,1,0.0
M02665,MEM00370,1,0.0
M02665,MEM00370,1,0.0
M02665,MEM00370,1,0.0
M02665,MEM00370,1,0.0
M02665,MEM00370,1,0.0
M02665,MEM00370,1,0.0
M02666,MEM00584,1,4.23
M02666,MEM00584,1,4.3
M02666,MEM00584,1,4.58
M02666,MEM00584,1,3.75
M02666,MEM00584,1,5.0
M02666,MEM00584,1,5.0
M02666,MEM00584,1,3.88
M02666,MEM00320,1,3.55
M02666,MEM00320,1,4.15
M02666,MEM00320,1,4.31
M02666,MEM00320,1,4.84
M02666,MEM00320,1,3.5
M02666,MEM00320,1,4.37
M02666,MEM00320,1,3.28
M02666,MEM00461,1,4.46
M02666,MEM00461,1,4.14
M02666,MEM00461,1,5.0
M02666,MEM00461,1,3.27
M02666,MEM00461,1,5.0
M02666,MEM00461,1,3.18
M02666,MEM00461,1,3.4
M02666,MEM00242,1,3.19
M02666,MEM00242,1,4.35
M02666,MEM00242,1,3.5
M02666,MEM00242,1,3.39
M02666,MEM00242,1,4.32
M02666,MEM00242,1,4.47
M02666,MEM00242,1,4.22
M02668,MEM00490,1,4.1
M02668,MEM00490,1,5.0
M02668,MEM00490,1,4.29
M02668,MEM00490,1,4.68
M02668,MEM00490,1,4.29
M02668,MEM00490,1,3.54
M02668,MEM00490,1,4.53
M02668,MEM00562,1,3.81
M02668,MEM00562,1,4.15
M02668,MEM00562,1,4.38
M02668,MEM00562,1,3.04
M02668,MEM00562,1,3.23
M02668,MEM00562,1,4.75
M02668,MEM00562,1,3.8
M02669,MEM00682,1,3.83
M02669,MEM00682,1,4.3
M02669,MEM00682,1,3.97
M02669,MEM00682,1,4.45
M02669,MEM00682,1,4.17
M02669,MEM00682,1,4.32
M02669,MEM00682,1,3.78
M02669,MEM00572,1,4.32
M02669,MEM00572,1,4.86
M02669,MEM00572,1,3.86
M02669,MEM00572,1,4.75
M02669,MEM00572,1,4.17
M02669,MEM00572,1,4.64
M02669,MEM00572,1,4.28
M02669,MEM00056,1,4.18
M02669,MEM00056,1,4.41
M02669,MEM00056,1,4.93
M02669,MEM00056,1,4.34
M02669,MEM00056,1,4.49
M02669,MEM00056,1,3.98
M02669,MEM00056,1,5.0
M02669,EXT00184,0,4.58
M02669,EXT00184,0,4.25
M02669,EXT00184,0,4.13
M02669,EXT00184,0,4.79
M02669,EXT00184,0,3.84
M02669,EXT00184,0,3.13
M02669,EXT00184,0,4.24
M02670,MEM00379,1,0.0
M02670,MEM00379,1,0.0
M02670,MEM00379,1,0.0
M02670,MEM00379,1,0.0
M02670,MEM00379,1,0.0
M02670,MEM00379,1,0.0
M02670,MEM00379,1,0.0
M02670,MEM00210,1,0.0
M02670,MEM00210,1,0.0
M02670,MEM00210,1,0.0
M02670,MEM00210,1,0.0
M02670,MEM00210,1,0.0
M02670,MEM00210,1,0.0
M02670,MEM00210,1,0.0
M02671,MEM00294,1,4.91
M02671,MEM00294,1,5.0
M02671,MEM00294,1,4.14
M02671,MEM00294,1,4.23
M02671,MEM00294,1,4.51
M02671,MEM00294,1,4.04
M02671,MEM00294,1,4.51
M02671,MEM00708,1,4.15
M02671,MEM00708,1,4.81
M02671,MEM00708,1,4.63
M02671,MEM00708,1,4.69
M02671,MEM00708,1,4.08
M02671,MEM00708,1,5.0
M02671,MEM00708,1,4.49
M02672,MEM00097,1,0.0
M02672,MEM00097,1,0.0
M02672,MEM00097,1,0.0
M02672,MEM00097,1,0.0
M02672,MEM00097,1,0.0
M02672,MEM00097,1,0.0
M02672,MEM00097,1,0.0
M02672,MEM00604,1,0.0
M02672,MEM00604,1,0.0
M02672,MEM00604,1,0.0
M02672,MEM00604,1,0.0
M02672,MEM00604,1,0.0
M02672,MEM00604,1,0.0
M02672,MEM00604,1,0.0
M02673,MEM00377,1,0.0
M02673,MEM00377,1,0.0
M02673,MEM00377,1,0.0
M02673,MEM00377,1,0.0
M02673,MEM00377,1,0.0
M02673,MEM00377,1,0.0
M02673,MEM00377,1,0.0
M02674,MEM00792,1,4.35
M02674,MEM00792,1,3.74
M02674,MEM00792,1,4.14
M02674,MEM00792,1,4.27
M02674,MEM00792,1,3.73
M02674,MEM00792,1,4.02
M02674,MEM00792,1,4.1
M02674,MEM00180,1,4.23
M02674,MEM00180,1,3.14
M02674,MEM00180,1,4.12
M02674,MEM00180,1,3.97
M02674,MEM00180,1,4.19
M02674,MEM00180,1,4.82
M02674,MEM00180,1,5.0
M02674,MEM00615,1,4.61
M02674,MEM00615,1,3.46
M02674,MEM00615,1,3.99
M02674,MEM00615,1,4.56
M02674,MEM00615,1,4.49
M02674,MEM00615,1,4.79
M02674,MEM00615,1,4.14
M02674,MEM00394,1,3.98
M02674,MEM00394,1,5.0
M02674,MEM00394,1,4.24
M02674,MEM00394,1,3.59
M02674,MEM00394,1,5.0
M02674,MEM00394,1,3.3
M02674,MEM00394,1,2.1
M02675,MEM00204,1,4.66
M02675,MEM00204,1,4.75
M02675,MEM00204,1,4.45
M02675,MEM00204,1,3.42
M02675,MEM00204,1,4.16
M02675,MEM00204,1,4.03
M02675,MEM00204,1,3.88
M02675,MEM00319,1,5.0
M02675,MEM00319,1,3.57
M02675,MEM00319,1,4.39
M02675,MEM00319,1,4.92
M02675,MEM00319,1,4.43
M02675,MEM00319,1,4.94
M02675,MEM00319,1,4.54
M02675,EXT00312,0,4.46
M02675,EXT00312,0,4.42
M02675,EXT00312,0,4.57
M02675,EXT00312,0,3.97
M02675,EXT00312,0,3.42
M02675,EXT00312,0,4.77
M02675,EXT00312,0,4.9
M02675,EXT00316,0,4.35
M02675,EXT00316,0,3.87
M02675,EXT00316,0,3.27
M02675,EXT00316,0,4.25
M02675,EXT00316,0,3.39
M02675,EXT00316,0,3.31
M02675,EXT00316,0,4.19
M02676,MEM00202,1,0.0
M02676,MEM00202,1,0.0
M02676,MEM00202,1,0.0
M02676,MEM00202,1,0.0
M02676,MEM00202,1,0.0
M02676,MEM00202,1,0.0
M02676,MEM00202,1,0.0
M02677,EXT00366,0,0.0
M02677,EXT00366,0,0.0
M02677,EXT00366,0,0.0
M02677,EXT00366,0,0.0
M02677,EXT00366,0,0.0
M02677,EXT00366,0,0.0
M02677,EXT00366,0,0.0
M02678,MEM00474,1,3.74
M02678,MEM00474,1,4.41
M02678,MEM00474,1,4.1
M02678,MEM00474,1,3.84
M02678,MEM00474,1,3.18
M02678,MEM00474,1,3.69
M02678,MEM00474,1,3.71
M02678,MEM00479,1,3.46
M02678,MEM00479,1,4.0
M02678,MEM00479,1,3.51
M02678,MEM00479,1,4.1
M02678,MEM00479,1,4.34
M02678,MEM00479,1,3.7
M02678,MEM00479,1,4.46
M02678,MEM00295,1,3.38
M02678,MEM00295,1,3.53
M02678,MEM00295,1,4.13
M02678,MEM00295,1,4.61
M02678,MEM00295,1,4.72
M02678,MEM00295,1,5.0
M02678,MEM00295,1,3.97
M02678,MEM00394,1,4.12
M02678,MEM00394,1,3.58
M02678,MEM00394,1,3.45
M02678,MEM00394,1,4.34
M02678,MEM00394,1,3.73
M02678,MEM00394,1,4.94
M02678,MEM00394,1,3.32
M02679,MEM00382,1,4.49
M02679,MEM00382,1,3.6
M02679,MEM00382,1,3.71
M02679,MEM00382,1,4.52
M02679,MEM00382,1,3.79
M02679,MEM00382,1,3.89
M02679,MEM00382,1,3.71
M02679,MEM00435,1,5.0
M02679,MEM00435,1,3.83
M02679,MEM00435,1,4.23
M02679,MEM00435,1,4.08
M02679,MEM00435,1,4.33
M02679,MEM00435,1,3.83
M02679,MEM00435,1,4.08
M02680,EXT00205,0,0.0
M02680,EXT00205,0,0.0
M02680,EXT00205,0,0.0
M02680,EXT00205,0,0.0
M02680,EXT00205,0,0.0
M02680,EXT00205,0,0.0
M02680,EXT00205,0,0.0
M02682,MEM00162,1,4.44
M02682,MEM00162,1,3.68
M02682,MEM00162,1,4.85
M02682,MEM00162,1,4.91
M02682,MEM00162,1,4.56
M02682,MEM00162,1,4.24
M02682,MEM00162,1,2.41
M02682,MEM00650,1,4.45
M02682,MEM00650,1,3.97
M02682,MEM00650,1,4.05
M02682,MEM00650,1,3.06
M02682,MEM00650,1,4.5
M02682,MEM00650,1,3.33
M02682,MEM00650,1,4.27
M02682,EXT00215,0,4.74
M02682,EXT00215,0,3.92
M02682,EXT00215,0,4.93
M02682,EXT00215,0,3.75
M02682,EXT00215,0,4.56
M02682,EXT00215,0,3.42
M02682,EXT00215,0,4.82
M02682,EXT00055,0,4.73
M02682,EXT00055,0,4.48
M02682,EXT00055,0,3.96
M02682,EXT00055,0,3.36
M02682,EXT00055,0,3.97
M02682,EXT00055,0,4.87
M02682,EXT00055,0,4.28
M02683,MEM00615,1,0.0
M02683,MEM00615,1,0.0
M02683,MEM00615,1,0.0
M02683,MEM00615,1,0.0
M02683,MEM00615,1,0.0
M02683,MEM00615,1,0.0
M02683,MEM00615,1,0.0
M02684,MEM00285,1,3.27
M02684,MEM00285,1,3.53
M02684,MEM00285,1,4.95
M02684,MEM00285,1,4.49
M02684,MEM00285,1,3.46
M02684,MEM00285,1,3.14
M02684,MEM00285,1,3.82
M02684,MEM00756,1,3.09
M02684,MEM00756,1,4.11
M02684,MEM00756,1,5.0
M02684,MEM00756,1,3.24
M02684,MEM00756,1,4.09
M02684,MEM00756,1,4.99
M02684,MEM00756,1,4.65
M02684,MEM00763,1,4.11
M02684,MEM00763,1,4.11
M02684,MEM00763,1,3.51
M02684,MEM00763,1,4.04
M02684,MEM00763,1,4.35
M02684,MEM00763,1,4.86
M02684,MEM00763,1,3.83
M02684,MEM00126,1,4.09
M02684,MEM00126,1,3.63
M02684,MEM00126,1,4.34
M02684,MEM00126,1,4.67
M02684,MEM00126,1,4.58
M02684,MEM00126,1,3.5
M02684,MEM00126,1,4.29
M02685,EXT00210,0,0.0
M02685,EXT00210,0,0.0
M02685,EXT00210,0,0.0
M02685,EXT00210,0,0.0
M02685,EXT00210,0,0.0
M02685,EXT00210,0,0.0
M02685,EXT00210,0,0.0
M02686,MEM00114,1,0.0
M02686,MEM00114,1,0.0
M02686,MEM00114,1,0.0
M02686,MEM00114,1,0.0
M02686,MEM00114,1,0.0
M02686,MEM00114,1,0.0
M02686,MEM00114,1,0.0
M02687,MEM00210,1,0.0
M02687,MEM00210,1,0.0
M02687,MEM00210,1,0.0
M02687,MEM00210,1,0.0
M02687,MEM00210,1,0.0
M02687,MEM00210,1,0.0
M02687,MEM00210,1,0.0
M02687,MEM00756,1,0.0
M02687,MEM00756,1,0.0
M02687,MEM00756,1,0.0
M02687,MEM00756,1,0.0
M02687,MEM00756,1,0.0
M02687,MEM00756,1,0.0
M02687,MEM00756,1,0.0
M02687,MEM00167,1,0.0
M02687,MEM00167,1,0.0
M02687,MEM00167,1,0.0
M02687,MEM00167,1,0.0
M02687,MEM00167,1,0.0
M02687,MEM00167,1,0.0
M02687,MEM00167,1,0.0
M02688,EXT00160,0,0.0
M02688,EXT00160,0,0.0
M02688,EXT00160,0,0.0
M02688,EXT00160,0,0.0
M02688,EXT00160,0,0.0
M02688,EXT00160,0,0.0
M02688,EXT00160,0,0.0
M02689,MEM00298,1,3.79
M02689,MEM00298,1,4.81
M02689,MEM00298,1,4.1
M02689,MEM00298,1,3.29
M02689,MEM00298,1,4.07
M02689,MEM00298,1,4.48
M02689,MEM00298,1,4.35
M02689,MEM00630,1,3.89
M02689,MEM00630,1,3.85
M02689,MEM00630,1,3.61
M02689,MEM00630,1,3.96
M02689,MEM00630,1,3.69
M02689,MEM00630,1,4.78
M02689,MEM00630,1,3.66
M02690,MEM00364,1,0.0
M02690,MEM00364,1,0.0
M02690,MEM00364,1,0.0
M02690,MEM00364,1,0.0
M02690,MEM00364,1,0.0
M02690,MEM00364,1,0.0
M02690,MEM00364,1,0.0
M02690,MEM00157,1,0.0
M02690,MEM00157,1,0.0
M02690,MEM00157,1,0.0
M02690,MEM00157,1,0.0
M02690,MEM00157,1,0.0
M02690,MEM00157,1,0.0
M02690,MEM00157,1,0.0
M02690,EXT00207,0,0.0
M02690,EXT00207,0,0.0
M02690,EXT00207,0,0.0
M02690,EXT00207,0,0.0
M02690,EXT00207,0,0.0
M02690,EXT00207,0,0.0
M02690,EXT00207,0,0.0
M02690,EXT00099,0,0.0
M02690,EXT00099,0,0.0
M02690,EXT00099,0,0.0
M02690,EXT00099,0,0.0
M02690,EXT00099,0,0.0
M02690,EXT00099,0,0.0
M02690,EXT00099,0,0.0
M02691,MEM00479,1,4.27
M02691,MEM00479,1,4.23
M02691,MEM00479,1,4.77
M02691,MEM00479,1,4.85
M02691,MEM00479,1,4.62
M02691,MEM00479,1,4.41
M02691,MEM00479,1,3.57
M02691,MEM00440,1,3.56
M02691,MEM00440,1,3.69
M02691,MEM00440,1,4.65
M02691,MEM00440,1,4.24
M02691,MEM00440,1,4.72
M02691,MEM00440,1,4.8
M02691,MEM00440,1,3.76
M02691,MEM00136,1,4.22
M02691,MEM00136,1,4.19
M02691,MEM00136,1,4.0
M02691,MEM00136,1,3.88
M02691,MEM00136,1,4.91
M02691,MEM00136,1,4.23
M02691,MEM00136,1,4.21
M02691,MEM00575,1,3.72
M02691,MEM00575,1,4.61
M02691,MEM00575,1,3.6
M02691,MEM00575,1,4.47
M02691,MEM00575,1,4.49
M02691,MEM00575,1,3.95
M02691,MEM00575,1,4.39
M02692,MEM00756,1,4.31
M02692,MEM00756,1,4.18
M02692,MEM00756,1,4.21
M02692,MEM00756,1,4.24
M02692,MEM00756,1,4.28
M02692,MEM00756,1,4.24
M02692,MEM00756,1,3.54
M02692,MEM00736,1,4.11
M02692,MEM00736,1,4.36
M02692,MEM00736,1,4.26
M02692,MEM00736,1,4.77
M02692,MEM00736,1,4.57
M02692,MEM00736,1,3.68
M02692,MEM00736,1,4.1
M02692,MEM00762,1,4.01
M02692,MEM00762,1,4.2
M02692,MEM00762,1,4.2
M02692,MEM00762,1,4.57
M02692,MEM00762,1,4.31
M02692,MEM00762,1,4.94
M02692,MEM00762,1,4.34
M02692,EXT00092,0,3.7
M02692,EXT00092,0,3.92
M02692,EXT00092,0,4.56
M02692,EXT00092,0,3.23
M02692,EXT00092,0,3.39
M02692,EXT00092,0,4.21
M02692,EXT00092,0,4.77
M02693,MEM00123,1,0.0
M02693,MEM00123,1,0.0
M02693,MEM00123,1,0.0
M02693,MEM00123,1,0.0
M02693,MEM00123,1,0.0
M02693,MEM00123,1,0.0
M02693,MEM00123,1,0.0
M02694,MEM00234,1,4.98
M02694,MEM00234,1,4.07
M02694,MEM00234,1,4.84
M02694,MEM00234,1,4.24
M02694,MEM00234,1,3.28
M02694,MEM00234,1,4.2
M02694,MEM00234,1,3.83
M02694,MEM00716,1,4.75
M02694,MEM00716,1,4.18
M02694,MEM00716,1,3.43
M02694,MEM00716,1,3.3
M02694,MEM00716,1,4.19
M02694,MEM00716,1,2.75
M02694,MEM00716,1,3.89
M02695,EXT00384,0,0.0
M02695,EXT00384,0,0.0
M02695,EXT00384,0,0.0
M02695,EXT00384,0,0.0
M02695,EXT00384,0,0.0
M02695,EXT00384,0,0.0
M02695,EXT00384,0,0.0
M02696,MEM00681,1,0.0
M02696,MEM00681,1,0.0
M02696,MEM00681,1,0.0
M02696,MEM00681,1,0.0
M02696,MEM00681,1,0.0
M02696,MEM00681,1,0.0
M02696,MEM00681,1,0.0
M02696,MEM00110,1,0.0
M02696,MEM00110,1,0.0
M02696,MEM00110,1,0.0
M02696,MEM00110,1,0.0
M02696,MEM00110,1,0.0
M02696,MEM00110,1,0.0
M02696,MEM00110,1,0.0
M02697,EXT00166,0,4.34
M02697,EXT00166,0,3.57
M02697,EXT00166,0,4.8
M02697,EXT00166,0,4.91
M02697,EXT00166,0,3.59
M02697,EXT00166,0,4.02
M02697,EXT00166,0,4.8
M02697,EXT00370,0,4.2
M02697,EXT00370,0,3.36
M02697,EXT00370,0,4.11
M02697,EXT00370,0,3.69
M02697,EXT00370,0,4.86
M02697,EXT00370,0,4.56
M02697,EXT00370,0,4.01
M02698,MEM00352,1,4.29
M02698,MEM00352,1,3.42
M02698,MEM00352,1,3.75
M02698,MEM00352,1,5.0
M02698,MEM00352,1,4.23
M02698,MEM00352,1,4.76
M02698,MEM00352,1,4.34
M02698,MEM00007,1,4.99
M02698,MEM00007,1,3.0
M02698,MEM00007,1,4.09
M02698,MEM00007,1,5.0
M02698,MEM00007,1,4.77
M02698,MEM00007,1,5.0
M02698,MEM00007,1,4.2
M02698,MEM00049,1,3.88
M02698,MEM00049,1,3.58
M02698,MEM00049,1,3.54
M02698,MEM00049,1,4.68
M02698,MEM00049,1,4.51
M02698,MEM00049,1,4.16
M02698,MEM00049,1,4.5
M02698,EXT00216,0,4.29
M02698,EXT00216,0,4.78
M02698,EXT00216,0,4.77
M02698,EXT00216,0,3.56
M02698,EXT00216,0,4.36
M02698,EXT00216,0,3.2
M02698,EXT00216,0,4.28
M02699,MEM00257,1,4.56
M02699,MEM00257,1,3.41
M02699,MEM00257,1,3.95
M02699,MEM00257,1,4.21
M02699,MEM00257,1,4.34
M02699,MEM00257,1,4.03
M02699,MEM00257,1,3.5
M02699,MEM00375,1,4.17
M02699,MEM00375,1,3.21
M02699,MEM00375,1,4.06
M02699,MEM00375,1,3.94
M02699,MEM00375,1,4.12
M02699,MEM00375,1,3.86
M02699,MEM00375,1,3.3
M02699,MEM00479,1,3.98
M02699,MEM00479,1,4.76
M02699,MEM00479,1,4.96
M02699,MEM00479,1,5.0
M02699,MEM00479,1,5.0
M02699,MEM00479,1,3.48
M02699,MEM00479,1,3.95
M02699,EXT00349,0,4.19
M02699,EXT00349,0,4.15
M02699,EXT00349,0,4.24
M02699,EXT00349,0,5.0
M02699,EXT00349,0,3.55
M02699,EXT00349,0,3.77
M02699,EXT00349,0,5.0
M02700,MEM00522,1,3.83
M02700,MEM00522,1,4.44
M02700,MEM00522,1,4.82
M02700,MEM00522,1,4.49
M02700,MEM00522,1,4.32
M02700,MEM00522,1,4.76
M02700,MEM00522,1,3.66
M02700,MEM00340,1,3.9
M02700,MEM00340,1,4.52
M02700,MEM00340,1,2.96
M02700,MEM00340,1,5.0
M02700,MEM00340,1,4.38
M02700,MEM00340,1,4.29
M02700,MEM00340,1,3.22
M02701,MEM00114,1,0.0
M02701,MEM00114,1,0.0
M02701,MEM00114,1,0.0
M02701,MEM00114,1,0.0
M02701,MEM00114,1,0.0
M02701,MEM00114,1,0.0
M02701,MEM00114,1,0.0
M02701,MEM00652,1,0.0
M02701,MEM00652,1,0.0
M02701,MEM00652,1,0.0
M02701,MEM00652,1,0.0
M02701,MEM00652,1,0.0
M02701,MEM00652,1,0.0
M02701,MEM00652,1,0.0
M02701,MEM00728,1,0.0
M02701,MEM00728,1,0.0
M02701,MEM00728,1,0.0
M02701,MEM00728,1,0.0
M02701,MEM00728,1,0.0
M02701,MEM00728,1,0.0
M02701,MEM00728,1,0.0
M02702,EXT00213,0,0.0
M02702,EXT00213,0,0.0
M02702,EXT00213,0,0.0
M02702,EXT00213,0,0.0
M02702,EXT00213,0,0.0
M02702,EXT00213,0,0.0
M02702,EXT00213,0,0.0
M02703,MEM00220,1,0.0
M02703,MEM00220,1,0.0
M02703,MEM00220,1,0.0
M02703,MEM00220,1,0.0
M02703,MEM00220,1,0.0
M02703,MEM00220,1,0.0
M02703,MEM00220,1,0.0
M02703,MEM00051,1,0.0
M02703,MEM00051,1,0.0
M02703,MEM00051,1,0.0
M02703,MEM00051,1,0.0
M02703,MEM00051,1,0.0
M02703,MEM00051,1,0.0
M02703,MEM00051,1,0.0
M02704,MEM00531,1,0.0
M02704,MEM00531,1,0.0
M02704,MEM00531,1,0.0
M02704,MEM00531,1,0.0
M02704,MEM00531,1,0.0
M02704,MEM00531,1,0.0
M02704,MEM00531,1,0.0
M02705,MEM00686,1,0.0
M02705,MEM00686,1,0.0
M02705,MEM00686,1,0.0
M02705,MEM00686,1,0.0
M02705,MEM00686,1,0.0
M02705,MEM00686,1,0.0
M02705,MEM00686,1,0.0
M02706,MEM00151,1,0.0
M02706,MEM00151,1,0.0
M02706,MEM00151,1,0.0
M02706,MEM00151,1,0.0
M02706,MEM00151,1,0.0
M02706,MEM00151,1,0.0
M02706,MEM00151,1,0.0
M02707,MEM00650,1,0.0
M02707,MEM00650,1,0.0
M02707,MEM00650,1,0.0
M02707,MEM00650,1,0.0
M02707,MEM00650,1,0.0
M02707,MEM00650,1,0.0
M02707,MEM00650,1,0.0
M02708,MEM00678,1,3.43
M02708,MEM00678,1,3.96
M02708,MEM00678,1,4.68
M02708,MEM00678,1,2.95
M02708,MEM00678,1,4.67
M02708,MEM00678,1,3.98
M02708,MEM00678,1,4.07
M02708,MEM00738,1,4.35
M02708,MEM00738,1,4.36
M02708,MEM00738,1,3.77
M02708,MEM00738,1,4.57
M02708,MEM00738,1,2.81
M02708,MEM00738,1,3.93
M02708,MEM00738,1,4.29
M02709,MEM00210,1,3.99
M02709,MEM00210,1,3.1
M02709,MEM00210,1,4.65
M02709,MEM00210,1,3.45
M02709,MEM00210,1,4.16
M02709,MEM00210,1,4.29
M02709,MEM00210,1,4.21
M02709,MEM00725,1,4.9
M02709,MEM00725,1,4.17
M02709,MEM00725,1,4.46
M02709,MEM00725,1,4.17
M02709,MEM00725,1,4.57
M02709,MEM00725,1,5.0
M02709,MEM00725,1,4.28
M02709,MEM00429,1,4.67
M02709,MEM00429,1,5.0
M02709,MEM00429,1,5.0
M02709,MEM00429,1,3.97
M02709,MEM00429,1,4.82
M02709,MEM00429,1,4.35
M02709,MEM00429,1,4.87
M02709,MEM00249,1,4.54
M02709,MEM00249,1,4.37
M02709,MEM00249,1,4.46
M02709,MEM00249,1,4.35
M02709,MEM00249,1,4.38
M02709,MEM00249,1,4.1
M02709,MEM00249,1,4.05
M02711,MEM00048,1,5.0
M02711,MEM00048,1,4.49
M02711,MEM00048,1,3.86
M02711,MEM00048,1,4.03
M02711,MEM00048,1,4.83
M02711,MEM00048,1,3.76
M02711,MEM00048,1,3.31
M02711,EXT00174,0,3.35
M02711,EXT00174,0,3.16
M02711,EXT00174,0,3.42
M02711,EXT00174,0,3.49
M02711,EXT00174,0,5.0
M02711,EXT00174,0,4.17
M02711,EXT00174,0,3.98
M02711,EXT00293,0,3.33
M02711,EXT00293,0,4.11
M02711,EXT00293,0,3.16
M02711,EXT00293,0,3.98
M02711,EXT00293,0,5.0
M02711,EXT00293,0,4.6
M02711,EXT00293,0,4.07
M02711,EXT00095,0,4.62
M02711,EXT00095,0,3.89
M02711,EXT00095,0,3.72
M02711,EXT00095,0,5.0
M02711,EXT00095,0,3.51
M02711,EXT00095,0,3.99
M02711,EXT00095,0,4.38
M02712,MEM00535,1,3.64
M02712,MEM00535,1,4.59
M02712,MEM00535,1,4.02
M02712,MEM00535,1,4.6
M02712,MEM00535,1,4.55
M02712,MEM00535,1,4.05
M02712,MEM00535,1,5.0
M02712,MEM00171,1,3.8
M02712,MEM00171,1,5.0
M02712,MEM00171,1,4.9
M02712,MEM00171,1,5.0
M02712,MEM00171,1,4.3
M02712,MEM00171,1,3.73
M02712,MEM00171,1,5.0
M02712,EXT00001,0,4.0
M02712,EXT00001,0,3.71
M02712,EXT00001,0,4.09
M02712,EXT00001,0,3.61
M02712,EXT00001,0,4.52
M02712,EXT00001,0,3.84
M02712,EXT00001,0,4.03
M02712,EXT00322,0,4.78
M02712,EXT00322,0,4.57
M02712,EXT00322,0,4.21
M02712,EXT00322,0,4.3
M02712,EXT00322,0,4.21
M02712,EXT00322,0,3.94
M02712,EXT00322,0,4.2
M02713,MEM00077,1,0.0
M02713,MEM00077,1,0.0
M02713,MEM00077,1,0.0
M02713,MEM00077,1,0.0
M02713,MEM00077,1,0.0
M02713,MEM00077,1,0.0
M02713,MEM00077,1,0.0
M02713,EXT00078,0,0.0
M02713,EXT00078,0,0.0
M02713,EXT00078,0,0.0
M02713,EXT00078,0,0.0
M02713,EXT00078,0,0.0
M02713,EXT00078,0,0.0
M02713,EXT00078,0,0.0
M02714,MEM00379,1,4.49
M02714,MEM00379,1,4.12
M02714,MEM00379,1,4.45
M02714,MEM00379,1,3.7
M02714,MEM00379,1,3.84
M02714,MEM00379,1,3.76
M02714,MEM00379,1,3.86
M02714,MEM00300,1,4.97
M02714,MEM00300,1,4.64
M02714,MEM00300,1,3.55
M02714,MEM00300,1,4.46
M02714,MEM00300,1,3.97
M02714,MEM00300,1,3.79
M02714,MEM00300,1,3.31
M02714,MEM00273,1,4.78
M02714,MEM00273,1,3.38
M02714,MEM00273,1,4.17
M02714,MEM00273,1,3.63
M02714,MEM00273,1,4.67
M02714,MEM00273,1,4.0
M02714,MEM00273,1,4.12
M02714,MEM00249,1,4.14
M02714,MEM00249,1,4.38
M02714,MEM00249,1,4.21
M02714,MEM00249,1,4.17
M02714,MEM00249,1,3.89
M02714,MEM00249,1,3.26
M02714,MEM00249,1,3.53
M02715,MEM00768,1,0.0
M02715,MEM00768,1,0.0
M02715,MEM00768,1,0.0
M02715,MEM00768,1,0.0
M02715,MEM00768,1,0.0
M02715,MEM00768,1,0.0
M02715,MEM00768,1,0.0
M02715,MEM00501,1,0.0
M02715,MEM00501,1,0.0
M02715,MEM00501,1,0.0
M02715,MEM00501,1,0.0
M02715,MEM00501,1,0.0
M02715,MEM00501,1,0.0
M02715,MEM00501,1,0.0
M02716,MEM00335,1,4.63
M02716,MEM00335,1,4.02
M02716,MEM00335,1,3.8
M02716,MEM00335,1,3.36
M02716,MEM00335,1,3.17
M02716,MEM00335,1,3.78
M02716,MEM00335,1,4.73
M02716,MEM00023,1,3.87
M02716,MEM00023,1,4.44
M02716,MEM00023,1,3.84
M02716,MEM00023,1,4.58
M02716,MEM00023,1,3.99
M02716,MEM00023,1,3.46
M02716,MEM00023,1,4.04
M02717,MEM00698,1,0.0
M02717,MEM00698,1,0.0
M02717,MEM00698,1,0.0
M02717,MEM00698,1,0.0
M02717,MEM00698,1,0.0
M02717,MEM00698,1,0.0
M02717,MEM00698,1,0.0
M02718,MEM00092,1,5.0
M02718,MEM00092,1,5.0
M02718,MEM00092,1,4.49
M02718,MEM00092,1,4.12
M02718,MEM00092,1,4.38
M02718,MEM00092,1,4.39
M02718,MEM00092,1,4.18
M02718,MEM00232,1,4.46
M02718,MEM00232,1,4.32
M02718,MEM00232,1,4.01
M02718,MEM00232,1,3.48
M02718,MEM00232,1,3.92
M02718,MEM00232,1,4.68
M02718,MEM00232,1,4.18
M02719,MEM00610,1,0.0
M02719,MEM00610,1,0.0
M02719,MEM00610,1,0.0
M02719,MEM00610,1,0.0
M02719,MEM00610,1,0.0
M02719,MEM00610,1,0.0
M02719,MEM00610,1,0.0
M02720,MEM00479,1,4.38
M02720,MEM00479,1,4.03
M02720,MEM00479,1,3.56
M02720,MEM00479,1,4.06
M02720,MEM00479,1,3.59
M02720,MEM00479,1,3.55
M02720,MEM00479,1,4.92
M02720,MEM00446,1,3.95
M02720,MEM00446,1,3.76
M02720,MEM00446,1,5.0
M02720,MEM00446,1,4.69
M02720,MEM00446,1,3.98
M02720,MEM00446,1,4.46
M02720,MEM00446,1,4.06
M02721,MEM00056,1,0.0
M02721,MEM00056,1,0.0
M02721,MEM00056,1,0.0
M02721,MEM00056,1,0.0
M02721,MEM00056,1,0.0
M02721,MEM00056,1,0.0
M02721,MEM00056,1,0.0
M02722,MEM00126,1,0.0
M02722,MEM00126,1,0.0
M02722,MEM00126,1,0.0
M02722,MEM00126,1,0.0
M02722,MEM00126,1,0.0
M02722,MEM00126,1,0.0
M02722,MEM00126,1,0.0
M02723,MEM00180,1,0.0
M02723,MEM00180,1,0.0
M02723,MEM00180,1,0.0
M02723,MEM00180,1,0.0
M02723,MEM00180,1,0.0
M02723,MEM00180,1,0.0
M02723,MEM00180,1,0.0
M02723,MEM00484,1,0.0
M02723,MEM00484,1,0.0
M02723,MEM00484,1,0.0
M02723,MEM00484,1,0.0
M02723,MEM00484,1,0.0
M02723,MEM00484,1,0.0
M02723,MEM00484,1,0.0
M02723,EXT00205,0,0.0
M02723,EXT00205,0,0.0
M02723,EXT00205,0,0.0
M02723,EXT00205,0,0.0
M02723,EXT00205,0,0.0
M02723,EXT00205,0,0.0
M02723,EXT00205,0,0.0
M02725,MEM00424,1,0.0
M02725,MEM00424,1,0.0
M02725,MEM00424,1,0.0
M02725,MEM00424,1,0.0
M02725,MEM00424,1,0.0
M02725,MEM00424,1,0.0
M02725,MEM00424,1,0.0
M02727,MEM00763,1,0.0
M02727,MEM00763,1,0.0
M02727,MEM00763,1,0.0
M02727,MEM00763,1,0.0
M02727,MEM00763,1,0.0
M02727,MEM00763,1,0.0
M02727,MEM00763,1,0.0
M02727,MEM00218,1,0.0
M02727,MEM00218,1,0.0
M02727,MEM00218,1,0.0
M02727,MEM00218,1,0.0
M02727,MEM00218,1,0.0
M02727,MEM00218,1,0.0
M02727,MEM00218,1,0.0
M02727,EXT00336,0,0.0
M02727,EXT00336,0,0.0
M02727,EXT00336,0,0.0
M02727,EXT00336,0,0.0
M02727,EXT00336,0,0.0
M02727,EXT00336,0,0.0
M02727,EXT00336,0,0.0
M02728,MEM00583,1,0.0
M02728,MEM00583,1,0.0
M02728,MEM00583,1,0.0
M02728,MEM00583,1,0.0
M02728,MEM00583,1,0.0
M02728,MEM00583,1,0.0
M02728,MEM00583,1,0.0
M02729,MEM00149,1,3.78
M02729,MEM00149,1,4.48
M02729,MEM00149,1,4.01
M02729,MEM00149,1,4.25
M02729,MEM00149,1,4.81
M02729,MEM00149,1,4.75
M02729,MEM00149,1,3.87
M02729,MEM00076,1,4.49
M02729,MEM00076,1,3.52
M02729,MEM00076,1,4.47
M02729,MEM00076,1,4.29
M02729,MEM00076,1,4.43
M02729,MEM00076,1,4.02
M02729,MEM00076,1,5.0
M02729,MEM00107,1,3.66
M02729,MEM00107,1,4.78
M02729,MEM00107,1,3.58
M02729,MEM00107,1,4.5
M02729,MEM00107,1,4.55
M02729,MEM00107,1,4.23
M02729,MEM00107,1,3.9
M02729,MEM00388,1,4.28
M02729,MEM00388,1,4.36
M02729,MEM00388,1,5.0
M02729,MEM00388,1,3.68
M02729,MEM00388,1,3.87
M02729,MEM00388,1,4.37
M02729,MEM00388,1,4.05
M02730,MEM00780,1,4.14
M02730,MEM00780,1,4.84
M02730,MEM00780,1,2.51
M02730,MEM00780,1,3.84
M02730,MEM00780,1,3.15
M02730,MEM00780,1,3.48
M02730,MEM00780,1,5.0
M02730,MEM00283,1,4.56
M02730,MEM00283,1,4.77
M02730,MEM00283,1,4.15
M02730,MEM00283,1,4.66
M02730,MEM00283,1,3.14
M02730,MEM00283,1,4.82
M02730,MEM00283,1,3.71
M02730,MEM00146,1,3.88
M02730,MEM00146,1,4.5
M02730,MEM00146,1,4.39
M02730,MEM00146,1,4.25
M02730,MEM00146,1,3.38
M02730,MEM00146,1,4.26
M02730,MEM00146,1,4.78
M02730,MEM00386,1,3.88
M02730,MEM00386,1,4.99
M02730,MEM00386,1,3.68
M02730,MEM00386,1,4.2
M02730,MEM00386,1,5.0
M02730,MEM00386,1,3.79
M02730,MEM00386,1,4.83
M02731,EXT00253,0,0.0
M02731,EXT00253,0,0.0
M02731,EXT00253,0,0.0
M02731,EXT00253,0,0.0
M02731,EXT00253,0,0.0
M02731,EXT00253,0,0.0
M02731,EXT00253,0,0.0
M02732,MEM00121,1,0.0
M02732,MEM00121,1,0.0
M02732,MEM00121,1,0.0
M02732,MEM00121,1,0.0
M02732,MEM00121,1,0.0
M02732,MEM00121,1,0.0
M02732,MEM00121,1,0.0
M02733,MEM00211,1,5.0
M02733,MEM00211,1,4.3
M02733,MEM00211,1,3.88
M02733,MEM00211,1,3.74
M02733,MEM00211,1,4.98
M02733,MEM00211,1,4.97
M02733,MEM00211,1,5.0
M02733,MEM00335,1,4.18
M02733,MEM00335,1,4.82
M02733,MEM00335,1,4.17
M02733,MEM00335,1,3.67
M02733,MEM00335,1,4.87
M02733,MEM00335,1,5.0
M02733,MEM00335,1,3.59
M02733,MEM00710,1,3.58
M02733,MEM00710,1,4.22
M02733,MEM00710,1,4.77
M02733,MEM00710,1,3.52
M02733,MEM00710,1,4.34
M02733,MEM00710,1,3.85
M02733,MEM00710,1,4.62
M02733,MEM00042,1,3.72
M02733,MEM00042,1,4.66
M02733,MEM00042,1,4.11
M02733,MEM00042,1,3.64
M02733,MEM00042,1,4.24
M02733,MEM00042,1,3.04
M02733,MEM00042,1,3.86
M02735,MEM00737,1,0.0
M02735,MEM00737,1,0.0
M02735,MEM00737,1,0.0
M02735,MEM00737,1,0.0
M02735,MEM00737,1,0.0
M02735,MEM00737,1,0.0
M02735,MEM00737,1,0.0
M02735,EXT00333,0,0.0
M02735,EXT00333,0,0.0
M02735,EXT00333,0,0.0
M02735,EXT00333,0,0.0
M02735,EXT00333,0,0.0
M02735,EXT00333,0,0.0
M02735,EXT00333,0,0.0
M02736,MEM00032,1,4.4
M02736,MEM00032,1,3.14
M02736,MEM00032,1,2.66
M02736,MEM00032,1,2.8
M02736,MEM00032,1,5.0
M02736,MEM00032,1,4.15
M02736,MEM00032,1,3.88
M02736,MEM00227,1,4.77
M02736,MEM00227,1,3.96
M02736,MEM00227,1,4.36
M02736,MEM00227,1,4.22
M02736,MEM00227,1,3.92
M02736,MEM00227,1,4.38
M02736,MEM00227,1,4.66
M02736,MEM00625,1,4.09
M02736,MEM00625,1,3.92
M02736,MEM00625,1,3.99
M02736,MEM00625,1,2.82
M02736,MEM00625,1,4.37
M02736,MEM00625,1,3.47
M02736,MEM00625,1,4.58
M02736,EXT00382,0,4.15
M02736,EXT00382,0,4.26
M02736,EXT00382,0,4.62
M02736,EXT00382,0,3.64
M02736,EXT00382,0,4.42
M02736,EXT00382,0,4.36
M02736,EXT00382,0,4.09
M02737,EXT00213,0,0.0
M02737,EXT00213,0,0.0
M02737,EXT00213,0,0.0
M02737,EXT00213,0,0.0
M02737,EXT00213,0,0.0
M02737,EXT00213,0,0.0
M02737,EXT00213,0,0.0
M02739,MEM00788,1,3.64
M02739,MEM00788,1,4.56
M02739,MEM00788,1,4.62
M02739,MEM00788,1,4.27
M02739,MEM00788,1,3.56
M02739,MEM00788,1,3.88
M02739,MEM00788,1,4.16
M02739,MEM00283,1,4.61
M02739,MEM00283,1,3.25
M02739,MEM00283,1,3.86
M02739,MEM00283,1,3.96
M02739,MEM00283,1,4.15
M02739,MEM00283,1,3.42
M02739,MEM00283,1,4.07
M02739,MEM00068,1,4.01
M02739,MEM00068,1,3.58
M02739,MEM00068,1,4.13
M02739,MEM00068,1,3.88
M02739,MEM00068,1,4.5
M02739,MEM00068,1,3.67
M02739,MEM00068,1,4.25
M02739,MEM00235,1,3.71
M02739,MEM00235,1,3.84
M02739,MEM00235,1,4.38
M02739,MEM00235,1,4.34
M02739,MEM00235,1,3.95
M02739,MEM00235,1,4.04
M02739,MEM00235,1,3.33
M02740,MEM00041,1,5.0
M02740,MEM00041,1,4.61
M02740,MEM00041,1,4.59
M02740,MEM00041,1,3.24
M02740,MEM00041,1,3.84
M02740,MEM00041,1,4.0
M02740,MEM00041,1,3.04
M02740,EXT00261,0,4.73
M02740,EXT00261,0,5.0
M02740,EXT00261,0,5.0
M02740,EXT00261,0,3.57
M02740,EXT00261,0,4.27
M02740,EXT00261,0,4.99
M02740,EXT00261,0,4.05
M02741,MEM00352,1,0.0
M02741,MEM00352,1,0.0
M02741,MEM00352,1,0.0
M02741,MEM00352,1,0.0
M02741,MEM00352,1,0.0
M02741,MEM00352,1,0.0
M02741,MEM00352,1,0.0
M02742,MEM00379,1,3.86
M02742,MEM00379,1,3.08
M02742,MEM00379,1,4.88
M02742,MEM00379,1,4.19
M02742,MEM00379,1,3.76
M02742,MEM00379,1,4.37
M02742,MEM00379,1,4.29
M02742,MEM00210,1,4.3
M02742,MEM00210,1,4.07
M02742,MEM00210,1,5.0
M02742,MEM00210,1,4.12
M02742,MEM00210,1,5.0
M02742,MEM00210,1,4.54
M02742,MEM00210,1,4.41
M02742,MEM00419,1,4.13
M02742,MEM00419,1,4.78
M02742,MEM00419,1,4.27
M02742,MEM00419,1,3.64
M02742,MEM00419,1,3.62
M02742,MEM00419,1,4.45
M02742,MEM00419,1,3.66
M02742,MEM00763,1,4.16
M02742,MEM00763,1,4.83
M02742,MEM00763,1,4.38
M02742,MEM00763,1,3.77
M02742,MEM00763,1,5.0
M02742,MEM00763,1,4.53
M02742,MEM00763,1,4.81
M02745,MEM00564,1,0.0
M02745,MEM00564,1,0.0
M02745,MEM00564,1,0.0
M02745,MEM00564,1,0.0
M02745,MEM00564,1,0.0
M02745,MEM00564,1,0.0
M02745,MEM00564,1,0.0
M02746,MEM00070,1,2.84
M02746,MEM00070,1,4.4
M02746,MEM00070,1,4.71
M02746,MEM00070,1,5.0
M02746,MEM00070,1,3.32
M02746,MEM00070,1,4.92
M02746,MEM00070,1,5.0
M02746,EXT00079,0,2.99
M02746,EXT00079,0,4.49
M02746,EXT00079,0,4.57
M02746,EXT00079,0,4.0
M02746,EXT00079,0,3.91
M02746,EXT00079,0,4.6
M02746,EXT00079,0,3.83
M02747,MEM00168,1,4.07
M02747,MEM00168,1,4.69
M02747,MEM00168,1,5.0
M02747,MEM00168,1,4.52
M02747,MEM00168,1,4.28
M02747,MEM00168,1,3.89
M02747,MEM00168,1,3.59
M02747,MEM00452,1,4.87
M02747,MEM00452,1,4.11
M02747,MEM00452,1,4.89
M02747,MEM00452,1,4.0
M02747,MEM00452,1,3.81
M02747,MEM00452,1,4.45
M02747,MEM00452,1,4.15
M02747,MEM00184,1,3.48
M02747,MEM00184,1,5.0
M02747,MEM00184,1,3.82
M02747,MEM00184,1,4.76
M02747,MEM00184,1,4.71
M02747,MEM00184,1,3.44
M02747,MEM00184,1,3.6
M02747,MEM00594,1,4.02
M02747,MEM00594,1,3.68
M02747,MEM00594,1,5.0
M02747,MEM00594,1,4.08
M02747,MEM00594,1,4.73
M02747,MEM00594,1,4.51
M02747,MEM00594,1,4.36
M02748,MEM00185,1,4.22
M02748,MEM00185,1,4.94
M02748,MEM00185,1,3.7
M02748,MEM00185,1,5.0
M02748,MEM00185,1,3.43
M02748,MEM00185,1,4.67
M02748,MEM00185,1,3.36
M02748,MEM00684,1,4.01
M02748,MEM00684,1,4.26
M02748,MEM00684,1,3.91
M02748,MEM00684,1,4.09
M02748,MEM00684,1,3.37
M02748,MEM00684,1,3.61
M02748,MEM00684,1,4.5
M02749,MEM00206,1,4.22
M02749,MEM00206,1,3.79
M02749,MEM00206,1,4.99
M02749,MEM00206,1,3.47
M02749,MEM00206,1,3.98
M02749,MEM00206,1,3.9
M02749,MEM00206,1,4.57
M02749,MEM00271,1,4.23
M02749,MEM00271,1,4.14
M02749,MEM00271,1,3.09
M02749,MEM00271,1,4.72
M02749,MEM00271,1,4.07
M02749,MEM00271,1,4.27
M02749,MEM00271,1,3.75
M02749,MEM00758,1,3.66
M02749,MEM00758,1,5.0
M02749,MEM00758,1,3.14
M02749,MEM00758,1,3.57
M02749,MEM00758,1,5.0
M02749,MEM00758,1,4.58
M02749,MEM00758,1,4.0
M02749,MEM00410,1,4.95
M02749,MEM00410,1,4.47
M02749,MEM00410,1,4.34
M02749,MEM00410,1,4.34
M02749,MEM00410,1,4.48
M02749,MEM00410,1,4.5
M02749,MEM00410,1,5.0
M02750,MEM00055,1,0.0
M02750,MEM00055,1,0.0
M02750,MEM00055,1,0.0
M02750,MEM00055,1,0.0
M02750,MEM00055,1,0.0
M02750,MEM00055,1,0.0
M02750,MEM00055,1,0.0
M02751,MEM00210,1,0.0
M02751,MEM00210,1,0.0
M02751,MEM00210,1,0.0
M02751,MEM00210,1,0.0
M02751,MEM00210,1,0.0
M02751,MEM00210,1,0.0
M02751,MEM00210,1,0.0
M02751,MEM00512,1,0.0
M02751,MEM00512,1,0.0
M02751,MEM00512,1,0.0
M02751,MEM00512,1,0.0
M02751,MEM00512,1,0.0
M02751,MEM00512,1,0.0
M02751,MEM00512,1,0.0
M02751,EXT00369,0,0.0
M02751,EXT00369,0,0.0
M02751,EXT00369,0,0.0
M02751,EXT00369,0,0.0
M02751,EXT00369,0,0.0
M02751,EXT00369,0,0.0
M02751,EXT00369,0,0.0
M02751,EXT00213,0,0.0
M02751,EXT00213,0,0.0
M02751,EXT00213,0,0.0
M02751,EXT00213,0,0.0
M02751,EXT00213,0,0.0
M02751,EXT00213,0,0.0
M02751,EXT00213,0,0.0
M02752,EXT00156,0,0.0
M02752,EXT00156,0,0.0
M02752,EXT00156,0,0.0
M02752,EXT00156,0,0.0
M02752,EXT00156,0,0.0
M02752,EXT00156,0,0.0
M02752,EXT00156,0,0.0
M02753,MEM00561,1,4.08
M02753,MEM00561,1,4.1
M02753,MEM00561,1,3.46
M02753,MEM00561,1,4.17
M02753,MEM00561,1,5.0
M02753,MEM00561,1,4.79
M02753,MEM00561,1,3.87
M02753,MEM00388,1,4.22
M02753,MEM00388,1,3.42
M02753,MEM00388,1,3.62
M02753,MEM00388,1,4.29
M02753,MEM00388,1,3.9
M02753,MEM00388,1,3.57
M02753,MEM00388,1,4.49
M02753,EXT00099,0,4.15
M02753,EXT00099,0,3.26
M02753,EXT00099,0,2.95
M02753,EXT00099,0,3.86
M02753,EXT00099,0,3.25
M02753,EXT00099,0,3.08
M02753,EXT00099,0,4.88
M02753,EXT00208,0,4.14
M02753,EXT00208,0,4.04
M02753,EXT00208,0,4.09
M02753,EXT00208,0,3.52
M02753,EXT00208,0,4.45
M02753,EXT00208,0,4.12
M02753,EXT00208,0,3.75
M02754,EXT00182,0,0.0
M02754,EXT00182,0,0.0
M02754,EXT00182,0,0.0
M02754,EXT00182,0,0.0
M02754,EXT00182,0,0.0
M02754,EXT00182,0,0.0
M02754,EXT00182,0,0.0
M02754,EXT00189,0,0.0
M02754,EXT00189,0,0.0
M02754,EXT00189,0,0.0
M02754,EXT00189,0,0.0
M02754,EXT00189,0,0.0
M02754,EXT00189,0,0.0
M02754,EXT00189,0,0.0
M02755,MEM00253,1,3.84
M02755,MEM00253,1,3.46
M02755,MEM00253,1,3.96
M02755,MEM00253,1,4.06
M02755,MEM00253,1,3.94
M02755,MEM00253,1,4.23
M02755,MEM00253,1,4.15
M02755,MEM00756,1,4.34
M02755,MEM00756,1,4.77
M02755,MEM00756,1,4.56
M02755,MEM00756,1,4.77
M02755,MEM00756,1,3.69
M02755,MEM00756,1,3.89
M02755,MEM00756,1,4.59
M02755,MEM00046,1,4.6
M02755,MEM00046,1,3.79
M02755,MEM00046,1,4.57
M02755,MEM00046,1,3.63
M02755,MEM00046,1,4.49
M02755,MEM00046,1,4.18
M02755,MEM00046,1,3.37
M02755,MEM00570,1,3.94
M02755,MEM00570,1,5.0
M02755,MEM00570,1,4.32
M02755,MEM00570,1,5.0
M02755,MEM00570,1,3.33
M02755,MEM00570,1,4.65
M02755,MEM00570,1,2.68
M02756,MEM00390,1,0.0
M02756,MEM00390,1,0.0
M02756,MEM00390,1,0.0
M02756,MEM00390,1,0.0
M02756,MEM00390,1,0.0
M02756,MEM00390,1,0.0
M02756,MEM00390,1,0.0
M02757,MEM00424,1,4.2
M02757,MEM00424,1,4.58
M02757,MEM00424,1,4.7
M02757,MEM00424,1,3.72
M02757,MEM00424,1,4.82
M02757,MEM00424,1,3.88
M02757,MEM00424,1,4.1
M02757,MEM00157,1,3.94
M02757,MEM00157,1,3.52
M02757,MEM00157,1,5.0
M02757,MEM00157,1,4.23
M02757,MEM00157,1,4.85
M02757,MEM00157,1,4.83
M02757,MEM00157,1,3.62
M02758,EXT00310,0,0.0
M02758,EXT00310,0,0.0
M02758,EXT00310,0,0.0
M02758,EXT00310,0,0.0
M02758,EXT00310,0,0.0
M02758,EXT00310,0,0.0
M02758,EXT00310,0,0.0
M02760,EXT00394,0,0.0
M02760,EXT00394,0,0.0
M02760,EXT00394,0,0.0
M02760,EXT00394,0,0.0
M02760,EXT00394,0,0.0
M02760,EXT00394,0,0.0
M02760,EXT00394,0,0.0
M02761,MEM00762,1,0.0
M02761,MEM00762,1,0.0
M02761,MEM00762,1,0.0
M02761,MEM00762,1,0.0
M02761,MEM00762,1,0.0
M02761,MEM00762,1,0.0
M02761,MEM00762,1,0.0
M02762,MEM00178,1,4.93
M02762,MEM00178,1,4.5
M02762,MEM00178,1,3.58
M02762,MEM00178,1,4.47
M02762,MEM00178,1,3.59
M02762,MEM00178,1,5.0
M02762,MEM00178,1,4.69
M02762,MEM00565,1,4.16
M02762,MEM00565,1,4.96
M02762,MEM00565,1,3.25
M02762,MEM00565,1,3.75
M02762,MEM00565,1,4.05
M02762,MEM00565,1,5.0
M02762,MEM00565,1,3.56
M02762,MEM00362,1,3.18
M02762,MEM00362,1,3.33
M02762,MEM00362,1,4.74
M02762,MEM00362,1,3.84
M02762,MEM00362,1,4.1
M02762,MEM00362,1,4.66
M02762,MEM00362,1,4.11
M02762,MEM00699,1,4.32
M02762,MEM00699,1,4.52
M02762,MEM00699,1,3.94
M02762,MEM00699,1,4.1
M02762,MEM00699,1,4.35
M02762,MEM00699,1,4.72
M02762,MEM00699,1,3.72
M02763,MEM00379,1,0.0
M02763,MEM00379,1,0.0
M02763,MEM00379,1,0.0
M02763,MEM00379,1,0.0
M02763,MEM00379,1,0.0
M02763,MEM00379,1,0.0
M02763,MEM00379,1,0.0
M02763,MEM00678,1,0.0
M02763,MEM00678,1,0.0
M02763,MEM00678,1,0.0
M02763,MEM00678,1,0.0
M02763,MEM00678,1,0.0
M02763,MEM00678,1,0.0
M02763,MEM00678,1,0.0
M02763,MEM00422,1,0.0
M02763,MEM00422,1,0.0
M02763,MEM00422,1,0.0
M02763,MEM00422,1,0.0
M02763,MEM00422,1,0.0
M02763,MEM00422,1,0.0
M02763,MEM00422,1,0.0
M02763,MEM00287,1,0.0
M02763,MEM00287,1,0.0
M02763,MEM00287,1,0.0
M02763,MEM00287,1,0.0
M02763,MEM00287,1,0.0
M02763,MEM00287,1,0.0
M02763,MEM00287,1,0.0
M02764,MEM00461,1,0.0
M02764,MEM00461,1,0.0
M02764,MEM00461,1,0.0
M02764,MEM00461,1,0.0
M02764,MEM00461,1,0.0
M02764,MEM00461,1,0.0
M02764,MEM00461,1,0.0
M02764,MEM00388,1,0.0
M02764,MEM00388,1,0.0
M02764,MEM00388,1,0.0
M02764,MEM00388,1,0.0
M02764,MEM00388,1,0.0
M02764,MEM00388,1,0.0
M02764,MEM00388,1,0.0
M02765,MEM00168,1,0.0
M02765,MEM00168,1,0.0
M02765,MEM00168,1,0.0
M02765,MEM00168,1,0.0
M02765,MEM00168,1,0.0
M02765,MEM00168,1,0.0
M02765,MEM00168,1,0.0
M02766,MEM00721,1,0.0
M02766,MEM00721,1,0.0
M02766,MEM00721,1,0.0
M02766,MEM00721,1,0.0
M02766,MEM00721,1,0.0
M02766,MEM00721,1,0.0
M02766,MEM00721,1,0.0
M02767,MEM00540,1,0.0
M02767,MEM00540,1,0.0
M02767,MEM00540,1,0.0
M02767,MEM00540,1,0.0
M02767,MEM00540,1,0.0
M02767,MEM00540,1,0.0
M02767,MEM00540,1,0.0
M02768,MEM00492,1,0.0
M02768,MEM00492,1,0.0
M02768,MEM00492,1,0.0
M02768,MEM00492,1,0.0
M02768,MEM00492,1,0.0
M02768,MEM00492,1,0.0
M02768,MEM00492,1,0.0
M02769,MEM00100,1,2.39
M02769,MEM00100,1,4.61
M02769,MEM00100,1,4.76
M02769,MEM00100,1,4.32
M02769,MEM00100,1,4.36
M02769,MEM00100,1,3.86
M02769,MEM00100,1,4.5
M02769,MEM00479,1,4.71
M02769,MEM00479,1,4.23
M02769,MEM00479,1,5.0
M02769,MEM00479,1,3.26
M02769,MEM00479,1,4.3
M02769,MEM00479,1,3.5
M02769,MEM00479,1,4.73
M02770,MEM00076,1,3.25
M02770,MEM00076,1,3.4
M02770,MEM00076,1,3.82
M02770,MEM00076,1,4.36
M02770,MEM00076,1,3.84
M02770,MEM00076,1,3.85
M02770,MEM00076,1,4.09
M02770,MEM00114,1,4.05
M02770,MEM00114,1,5.0
M02770,MEM00114,1,4.61
M02770,MEM00114,1,4.01
M02770,MEM00114,1,5.0
M02770,MEM00114,1,4.49
M02770,MEM00114,1,3.62
M02770,MEM00417,1,4.35
M02770,MEM00417,1,4.52
M02770,MEM00417,1,3.79
M02770,MEM00417,1,3.57
M02770,MEM00417,1,4.25
M02770,MEM00417,1,3.98
M02770,MEM00417,1,5.0
M02770,MEM00314,1,4.64
M02770,MEM00314,1,3.82
M02770,MEM00314,1,4.46
M02770,MEM00314,1,4.96
M02770,MEM00314,1,3.36
M02770,MEM00314,1,3.59
M02770,MEM00314,1,4.19
M02771,MEM00087,1,4.22
M02771,MEM00087,1,4.17
M02771,MEM00087,1,4.01
M02771,MEM00087,1,4.0
M02771,MEM00087,1,4.43
M02771,MEM00087,1,4.88
M02771,MEM00087,1,3.91
M02771,MEM00467,1,5.0
M02771,MEM00467,1,5.0
M02771,MEM00467,1,5.0
M02771,MEM00467,1,4.57
M02771,MEM00467,1,5.0
M02771,MEM00467,1,4.03
M02771,MEM00467,1,3.7
M02771,MEM00335,1,3.88
M02771,MEM00335,1,3.6
M02771,MEM00335,1,4.27
M02771,MEM00335,1,4.38
M02771,MEM00335,1,4.32
M02771,MEM00335,1,4.19
M02771,MEM00335,1,4.28
M02771,EXT00070,0,5.0
M02771,EXT00070,0,4.57
M02771,EXT00070,0,4.75
M02771,EXT00070,0,4.31
M02771,EXT00070,0,3.23
M02771,EXT00070,0,3.11
M02771,EXT00070,0,5.0
M02772,MEM00553,1,3.88
M02772,MEM00553,1,3.83
M02772,MEM00553,1,4.35
M02772,MEM00553,1,4.53
M02772,MEM00553,1,4.61
M02772,MEM00553,1,5.0
M02772,MEM00553,1,5.0
M02772,MEM00787,1,3.71
M02772,MEM00787,1,4.78
M02772,MEM00787,1,3.97
M02772,MEM00787,1,4.12
M02772,MEM00787,1,3.54
M02772,MEM00787,1,3.18
M02772,MEM00787,1,4.18
M02772,MEM00437,1,3.63
M02772,MEM00437,1,4.76
M02772,MEM00437,1,4.03
M02772,MEM00437,1,4.39
M02772,MEM00437,1,5.0
M02772,MEM00437,1,3.31
M02772,MEM00437,1,3.77
M02772,EXT00121,0,4.31
M02772,EXT00121,0,4.39
M02772,EXT00121,0,4.86
M02772,EXT00121,0,4.72
M02772,EXT00121,0,4.26
M02772,EXT00121,0,4.38
M02772,EXT00121,0,4.4
M02773,MEM00092,1,0.0
M02773,MEM00092,1,0.0
M02773,MEM00092,1,0.0
M02773,MEM00092,1,0.0
M02773,MEM00092,1,0.0
M02773,MEM00092,1,0.0
M02773,MEM00092,1,0.0
M02774,MEM00221,1,3.32
M02774,MEM00221,1,4.11
M02774,MEM00221,1,4.35
M02774,MEM00221,1,4.48
M02774,MEM00221,1,3.65
M02774,MEM00221,1,3.44
M02774,MEM00221,1,4.06
M02774,MEM00775,1,5.0
M02774,MEM00775,1,3.71
M02774,MEM00775,1,4.9
M02774,MEM00775,1,5.0
M02774,MEM00775,1,4.23
M02774,MEM00775,1,3.79
M02774,MEM00775,1,4.51
M02776,MEM00328,1,4.32
M02776,MEM00328,1,3.68
M02776,MEM00328,1,3.8
M02776,MEM00328,1,4.47
M02776,MEM00328,1,4.76
M02776,MEM00328,1,4.01
M02776,MEM00328,1,4.16
M02776,MEM00504,1,4.6
M02776,MEM00504,1,4.1
M02776,MEM00504,1,4.02
M02776,MEM00504,1,3.75
M02776,MEM00504,1,3.74
M02776,MEM00504,1,5.0
M02776,MEM00504,1,4.08
M02776,MEM00025,1,5.0
M02776,MEM00025,1,5.0
M02776,MEM00025,1,4.09
M02776,MEM00025,1,4.42
M02776,MEM00025,1,4.26
M02776,MEM00025,1,3.23
M02776,MEM00025,1,3.27
M02776,MEM00646,1,4.23
M02776,MEM00646,1,3.95
M02776,MEM00646,1,5.0
M02776,MEM00646,1,4.06
M02776,MEM00646,1,5.0
M02776,MEM00646,1,3.91
M02776,MEM00646,1,5.0
M02778,MEM00421,1,0.0
M02778,MEM00421,1,0.0
M02778,MEM00421,1,0.0
M02778,MEM00421,1,0.0
M02778,MEM00421,1,0.0
M02778,MEM00421,1,0.0
M02778,MEM00421,1,0.0
M02779,MEM00213,1,4.5
M02779,MEM00213,1,4.54
M02779,MEM00213,1,3.89
M02779,MEM00213,1,4.55
M02779,MEM00213,1,5.0
M02779,MEM00213,1,4.11
M02779,MEM00213,1,4.0
M02779,MEM00066,1,4.05
M02779,MEM00066,1,5.0
M02779,MEM00066,1,4.71
M02779,MEM00066,1,5.0
M02779,MEM00066,1,4.39
M02779,MEM00066,1,4.22
M02779,MEM00066,1,4.45
M02780,MEM00151,1,0.0
M02780,MEM00151,1,0.0
M02780,MEM00151,1,0.0
M02780,MEM00151,1,0.0
M02780,MEM00151,1,0.0
M02780,MEM00151,1,0.0
M02780,MEM00151,1,0.0
M02781,MEM00716,1,4.84
M02781,MEM00716,1,4.05
M02781,MEM00716,1,5.0
M02781,MEM00716,1,4.42
M02781,MEM00716,1,2.76
M02781,MEM00716,1,4.73
M02781,MEM00716,1,3.44
M02781,MEM00552,1,4.72
M02781,MEM00552,1,4.74
M02781,MEM00552,1,4.4
M02781,MEM00552,1,4.53
M02781,MEM00552,1,4.86
M02781,MEM00552,1,3.9
M02781,MEM00552,1,4.68
M02781,MEM00210,1,4.9
M02781,MEM00210,1,5.0
M02781,MEM00210,1,3.54
M02781,MEM00210,1,4.45
M02781,MEM00210,1,3.62
M02781,MEM00210,1,3.6
M02781,MEM00210,1,4.42
M02781,EXT00026,0,4.25
M02781,EXT00026,0,4.89
M02781,EXT00026,0,3.99
M02781,EXT00026,0,4.12
M02781,EXT00026,0,4.33
M02781,EXT00026,0,3.68
M02781,EXT00026,0,3.77
M02782,MEM00315,1,0.0
M02782,MEM00315,1,0.0
M02782,MEM00315,1,0.0
M02782,MEM00315,1,0.0
M02782,MEM00315,1,0.0
M02782,MEM00315,1,0.0
M02782,MEM00315,1,0.0
M02782,MEM00450,1,0.0
M02782,MEM00450,1,0.0
M02782,MEM00450,1,0.0
M02782,MEM00450,1,0.0
M02782,MEM00450,1,0.0
M02782,MEM00450,1,0.0
M02782,MEM00450,1,0.0
M02782,MEM00556,1,0.0
M02782,MEM00556,1,0.0
M02782,MEM00556,1,0.0
M02782,MEM00556,1,0.0
M02782,MEM00556,1,0.0
M02782,MEM00556,1,0.0
M02782,MEM00556,1,0.0
M02783,MEM00283,1,0.0
M02783,MEM00283,1,0.0
M02783,MEM00283,1,0.0
M02783,MEM00283,1,0.0
M02783,MEM00283,1,0.0
M02783,MEM00283,1,0.0
M02783,MEM00283,1,0.0
M02783,MEM00186,1,0.0
M02783,MEM00186,1,0.0
M02783,MEM00186,1,0.0
M02783,MEM00186,1,0.0
M02783,MEM00186,1,0.0
M02783,MEM00186,1,0.0
M02783,MEM00186,1,0.0
M02783,MEM00534,1,0.0
M02783,MEM00534,1,0.0
M02783,MEM00534,1,0.0
M02783,MEM00534,1,0.0
M02783,MEM00534,1,0.0
M02783,MEM00534,1,0.0
M02783,MEM00534,1,0.0
M02785,MEM00162,1,4.87
M02785,MEM00162,1,3.87
M02785,MEM00162,1,4.91
M02785,MEM00162,1,4.56
M02785,MEM00162,1,3.27
M02785,MEM00162,1,4.52
M02785,MEM00162,1,4.51
M02785,MEM00771,1,4.45
M02785,MEM00771,1,4.11
M02785,MEM00771,1,3.64
M02785,MEM00771,1,5.0
M02785,MEM00771,1,4.14
M02785,MEM00771,1,3.67
M02785,MEM00771,1,4.47
M02785,EXT00239,0,3.75
M02785,EXT00239,0,3.63
M02785,EXT00239,0,3.97
M02785,EXT00239,0,3.8
M02785,EXT00239,0,3.65
M02785,EXT00239,0,4.68
M02785,EXT00239,0,4.13
M02785,EXT00166,0,4.95
M02785,EXT00166,0,3.69
M02785,EXT00166,0,3.16
M02785,EXT00166,0,4.29
M02785,EXT00166,0,5.0
M02785,EXT00166,0,4.52
M02785,EXT00166,0,5.0
M02786,MEM00210,1,4.4
M02786,MEM00210,1,4.34
M02786,MEM00210,1,2.91
M02786,MEM00210,1,4.46
M02786,MEM00210,1,4.3
M02786,MEM00210,1,3.96
M02786,MEM00210,1,4.12
M02786,MEM00355,1,4.16
M02786,MEM00355,1,4.09
M02786,MEM00355,1,5.0
M02786,MEM00355,1,3.98
M02786,MEM00355,1,4.3
M02786,MEM00355,1,3.96
M02786,MEM00355,1,4.67
M02787,MEM00655,1,0.0
M02787,MEM00655,1,0.0
M02787,MEM00655,1,0.0
M02787,MEM00655,1,0.0
M02787,MEM00655,1,0.0
M02787,MEM00655,1,0.0
M02787,MEM00655,1,0.0
M02788,MEM00379,1,0.0
M02788,MEM00379,1,0.0
M02788,MEM00379,1,0.0
M02788,MEM00379,1,0.0
M02788,MEM00379,1,0.0
M02788,MEM00379,1,0.0
M02788,MEM00379,1,0.0
M02789,MEM00166,1,4.31
M02789,MEM00166,1,4.03
M02789,MEM00166,1,3.04
M02789,MEM00166,1,4.35
M02789,MEM00166,1,4.01
M02789,MEM00166,1,4.16
M02789,MEM00166,1,3.49
M02789,MEM00423,1,5.0
M02789,MEM00423,1,4.71
M02789,MEM00423,1,5.0
M02789,MEM00423,1,4.89
M02789,MEM00423,1,4.56
M02789,MEM00423,1,3.51
M02789,MEM00423,1,5.0
M02789,MEM00235,1,3.64
M02789,MEM00235,1,4.04
M02789,MEM00235,1,4.62
M02789,MEM00235,1,4.65
M02789,MEM00235,1,4.54
M02789,MEM00235,1,3.96
M02789,MEM00235,1,3.84
M02789,EXT00037,0,5.0
M02789,EXT00037,0,4.18
M02789,EXT00037,0,4.1
M02789,EXT00037,0,3.77
M02789,EXT00037,0,4.35
M02789,EXT00037,0,4.32
M02789,EXT00037,0,4.19
M02790,MEM00575,1,0.0
M02790,MEM00575,1,0.0
M02790,MEM00575,1,0.0
M02790,MEM00575,1,0.0
M02790,MEM00575,1,0.0
M02790,MEM00575,1,0.0
M02790,MEM00575,1,0.0
M02791,MEM00555,1,0.0
M02791,MEM00555,1,0.0
M02791,MEM00555,1,0.0
M02791,MEM00555,1,0.0
M02791,MEM00555,1,0.0
M02791,MEM00555,1,0.0
M02791,MEM00555,1,0.0
M02791,MEM00177,1,0.0
M02791,MEM00177,1,0.0
M02791,MEM00177,1,0.0
M02791,MEM00177,1,0.0
M02791,MEM00177,1,0.0
M02791,MEM00177,1,0.0
M02791,MEM00177,1,0.0
M02792,MEM00304,1,0.0
M02792,MEM00304,1,0.0
M02792,MEM00304,1,0.0
M02792,MEM00304,1,0.0
M02792,MEM00304,1,0.0
M02792,MEM00304,1,0.0
M02792,MEM00304,1,0.0
M02793,EXT00044,0,4.43
M02793,EXT00044,0,5.0
M02793,EXT00044,0,3.84
M02793,EXT00044,0,4.23
M02793,EXT00044,0,3.81
M02793,EXT00044,0,4.38
M02793,EXT00044,0,3.86
M02793,EXT00143,0,3.88
M02793,EXT00143,0,3.32
M02793,EXT00143,0,4.26
M02793,EXT00143,0,4.46
M02793,EXT00143,0,5.0
M02793,EXT00143,0,4.48
M02793,EXT00143,0,3.93
M02793,EXT00188,0,3.38
M02793,EXT00188,0,3.47
M02793,EXT00188,0,3.42
M02793,EXT00188,0,5.0
M02793,EXT00188,0,4.37
M02793,EXT00188,0,3.85
M02793,EXT00188,0,3.62
M02793,EXT00162,0,3.69
M02793,EXT00162,0,3.83
M02793,EXT00162,0,4.99
M02793,EXT00162,0,4.18
M02793,EXT00162,0,3.33
M02793,EXT00162,0,5.0
M02793,EXT00162,0,3.52
M02794,MEM00236,1,0.0
M02794,MEM00236,1,0.0
M02794,MEM00236,1,0.0
M02794,MEM00236,1,0.0
M02794,MEM00236,1,0.0
M02794,MEM00236,1,0.0
M02794,MEM00236,1,0.0
M02795,MEM00221,1,3.85
M02795,MEM00221,1,4.99
M02795,MEM00221,1,4.45
M02795,MEM00221,1,3.92
M02795,MEM00221,1,3.46
M02795,MEM00221,1,3.62
M02795,MEM00221,1,3.66
M02795,MEM00524,1,4.2
M02795,MEM00524,1,4.31
M02795,MEM00524,1,4.11
M02795,MEM00524,1,4.18
M02795,MEM00524,1,3.57
M02795,MEM00524,1,4.38
M02795,MEM00524,1,4.97
M02795,MEM00528,1,4.1
M02795,MEM00528,1,4.09
M02795,MEM00528,1,4.25
M02795,MEM00528,1,4.87
M02795,MEM00528,1,3.66
M02795,MEM00528,1,5.0
M02795,MEM00528,1,4.45
M02795,EXT00186,0,4.22
M02795,EXT00186,0,4.93
M02795,EXT00186,0,3.49
M02795,EXT00186,0,4.51
M02795,EXT00186,0,4.46
M02795,EXT00186,0,3.64
M02795,EXT00186,0,4.48
M02796,MEM00175,1,0.0
M02796,MEM00175,1,0.0
M02796,MEM00175,1,0.0
M02796,MEM00175,1,0.0
M02796,MEM00175,1,0.0
M02796,MEM00175,1,0.0
M02796,MEM00175,1,0.0
M02797,MEM00180,1,0.0
M02797,MEM00180,1,0.0
M02797,MEM00180,1,0.0
M02797,MEM00180,1,0.0
M02797,MEM00180,1,0.0
M02797,MEM00180,1,0.0
M02797,MEM00180,1,0.0
M02798,MEM00716,1,0.0
M02798,MEM00716,1,0.0
M02798,MEM00716,1,0.0
M02798,MEM00716,1,0.0
M02798,MEM00716,1,0.0
M02798,MEM00716,1,0.0
M02798,MEM00716,1,0.0
M02798,MEM00180,1,0.0
M02798,MEM00180,1,0.0
M02798,MEM00180,1,0.0
M02798,MEM00180,1,0.0
M02798,MEM00180,1,0.0
M02798,MEM00180,1,0.0
M02798,MEM00180,1,0.0
M02798,MEM00022,1,0.0
M02798,MEM00022,1,0.0
M02798,MEM00022,1,0.0
M02798,MEM00022,1,0.0
M02798,MEM00022,1,0.0
M02798,MEM00022,1,0.0
M02798,MEM00022,1,0.0
M02799,MEM00120,1,4.37
M02799,MEM00120,1,4.09
M02799,MEM00120,1,4.72
M02799,MEM00120,1,3.86
M02799,MEM00120,1,4.36
M02799,MEM00120,1,4.12
M02799,MEM00120,1,3.83
M02799,MEM00201,1,4.5
M02799,MEM00201,1,4.08
M02799,MEM00201,1,3.32
M02799,MEM00201,1,3.12
M02799,MEM00201,1,4.67
M02799,MEM00201,1,3.47
M02799,MEM00201,1,4.37
M02799,MEM00214,1,4.23
M02799,MEM00214,1,3.98
M02799,MEM00214,1,5.0
M02799,MEM00214,1,4.31
M02799,MEM00214,1,4.65
M02799,MEM00214,1,4.37
M02799,MEM00214,1,4.06
M02799,EXT00253,0,4.19
M02799,EXT00253,0,5.0
M02799,EXT00253,0,4.85
M02799,EXT00253,0,5.0
M02799,EXT00253,0,4.33
M02799,EXT00253,0,3.67
M02799,EXT00253,0,3.94
M02800,MEM00125,1,3.49
M02800,MEM00125,1,4.66
M02800,MEM00125,1,3.85
M02800,MEM00125,1,2.37
M02800,MEM00125,1,5.0
M02800,MEM00125,1,3.86
M02800,MEM00125,1,3.85
M02800,MEM00074,1,5.0
M02800,MEM00074,1,3.48
M02800,MEM00074,1,4.88
M02800,MEM00074,1,3.85
M02800,MEM00074,1,3.41
M02800,MEM00074,1,5.0
M02800,MEM00074,1,4.75
M02801,MEM00502,1,0.0
M02801,MEM00502,1,0.0
M02801,MEM00502,1,0.0
M02801,MEM00502,1,0.0
M02801,MEM00502,1,0.0
M02801,MEM00502,1,0.0
M02801,MEM00502,1,0.0
M02802,MEM00210,1,4.75
M02802,MEM00210,1,4.42
M02802,MEM00210,1,4.56
M02802,MEM00210,1,3.46
M02802,MEM00210,1,4.27
M02802,MEM00210,1,3.64
M02802,MEM00210,1,3.37
M02802,MEM00506,1,4.45
M02802,MEM00506,1,4.89
M02802,MEM00506,1,3.97
M02802,MEM00506,1,4.07
M02802,MEM00506,1,3.52
M02802,MEM00506,1,4.2
M02802,MEM00506,1,4.66
M02802,MEM00572,1,4.67
M02802,MEM00572,1,4.53
M02802,MEM00572,1,3.83
M02802,MEM00572,1,3.81
M02802,MEM00572,1,4.68
M02802,MEM00572,1,4.69
M02802,MEM00572,1,4.1
M02802,MEM00435,1,3.94
M02802,MEM00435,1,4.9
M02802,MEM00435,1,3.98
M02802,MEM00435,1,4.65
M02802,MEM00435,1,4.12
M02802,MEM00435,1,3.57
M02802,MEM00435,1,5.0
M02803,MEM00210,1,4.27
M02803,MEM00210,1,3.77
M02803,MEM00210,1,3.37
M02803,MEM00210,1,3.43
M02803,MEM00210,1,3.98
M02803,MEM00210,1,5.0
M02803,MEM00210,1,3.85
M02803,MEM00345,1,5.0
M02803,MEM00345,1,4.12
M02803,MEM00345,1,3.49
M02803,MEM00345,1,3.92
M02803,MEM00345,1,3.43
M02803,MEM00345,1,3.69
M02803,MEM00345,1,3.67
M02803,MEM00114,1,3.06
M02803,MEM00114,1,5.0
M02803,MEM00114,1,4.33
M02803,MEM00114,1,3.79
M02803,MEM00114,1,4.33
M02803,MEM00114,1,3.7
M02803,MEM00114,1,2.6
M02803,MEM00421,1,5.0
M02803,MEM00421,1,4.31
M02803,MEM00421,1,3.85
M02803,MEM00421,1,3.04
M02803,MEM00421,1,3.3
M02803,MEM00421,1,5.0
M02803,MEM00421,1,5.0
M02805,MEM00694,1,4.65
M02805,MEM00694,1,3.53
M02805,MEM00694,1,5.0
M02805,MEM00694,1,4.47
M02805,MEM00694,1,4.59
M02805,MEM00694,1,4.47
M02805,MEM00694,1,3.3
M02805,MEM00479,1,3.48
M02805,MEM00479,1,3.89
M02805,MEM00479,1,4.59
M02805,MEM00479,1,3.37
M02805,MEM00479,1,4.09
M02805,MEM00479,1,4.09
M02805,MEM00479,1,4.68
M02805,MEM00799,1,4.6
M02805,MEM00799,1,3.59
M02805,MEM00799,1,5.0
M02805,MEM00799,1,3.5
M02805,MEM00799,1,4.86
M02805,MEM00799,1,3.87
M02805,MEM00799,1,4.3
M02805,EXT00241,0,4.34
M02805,EXT00241,0,4.32
M02805,EXT00241,0,4.6
M02805,EXT00241,0,4.43
M02805,EXT00241,0,4.67
M02805,EXT00241,0,4.48
M02805,EXT00241,0,3.44
M02807,MEM00315,1,0.0
M02807,MEM00315,1,0.0
M02807,MEM00315,1,0.0
M02807,MEM00315,1,0.0
M02807,MEM00315,1,0.0
M02807,MEM00315,1,0.0
M02807,MEM00315,1,0.0
M02808,MEM00198,1,4.36
M02808,MEM00198,1,3.86
M02808,MEM00198,1,3.53
M02808,MEM00198,1,4.03
M02808,MEM00198,1,4.31
M02808,MEM00198,1,4.35
M02808,MEM00198,1,4.83
M02808,MEM00210,1,4.98
M02808,MEM00210,1,4.4
M02808,MEM00210,1,4.51
M02808,MEM00210,1,4.26
M02808,MEM00210,1,4.66
M02808,MEM00210,1,4.49
M02808,MEM00210,1,4.17
M02808,MEM00379,1,5.0
M02808,MEM00379,1,3.87
M02808,MEM00379,1,5.0
M02808,MEM00379,1,3.39
M02808,MEM00379,1,4.69
M02808,MEM00379,1,5.0
M02808,MEM00379,1,3.06
M02808,MEM00285,1,4.28
M02808,MEM00285,1,4.63
M02808,MEM00285,1,4.35
M02808,MEM00285,1,4.43
M02808,MEM00285,1,4.28
M02808,MEM00285,1,3.54
M02808,MEM00285,1,5.0
M02809,MEM00737,1,0.0
M02809,MEM00737,1,0.0
M02809,MEM00737,1,0.0
M02809,MEM00737,1,0.0
M02809,MEM00737,1,0.0
M02809,MEM00737,1,0.0
M02809,MEM00737,1,0.0
M02810,MEM00285,1,0.0
M02810,MEM00285,1,0.0
M02810,MEM00285,1,0.0
M02810,MEM00285,1,0.0
M02810,MEM00285,1,0.0
M02810,MEM00285,1,0.0
M02810,MEM00285,1,0.0
M02811,MEM00298,1,0.0
M02811,MEM00298,1,0.0
M02811,MEM00298,1,0.0
M02811,MEM00298,1,0.0
M02811,MEM00298,1,0.0
M02811,MEM00298,1,0.0
M02811,MEM00298,1,0.0
M02811,MEM00287,1,0.0
M02811,MEM00287,1,0.0
M02811,MEM00287,1,0.0
M02811,MEM00287,1,0.0
M02811,MEM00287,1,0.0
M02811,MEM00287,1,0.0
M02811,MEM00287,1,0.0
M02811,MEM00663,1,0.0
M02811,MEM00663,1,0.0
M02811,MEM00663,1,0.0
M02811,MEM00663,1,0.0
M02811,MEM00663,1,0.0
M02811,MEM00663,1,0.0
M02811,MEM00663,1,0.0
M02812,MEM00506,1,3.9
M02812,MEM00506,1,4.46
M02812,MEM00506,1,3.81
M02812,MEM00506,1,2.83
M02812,MEM00506,1,3.65
M02812,MEM00506,1,3.33
M02812,MEM00506,1,4.85
M02812,MEM00479,1,3.84
M02812,MEM00479,1,3.89
M02812,MEM00479,1,3.56
M02812,MEM00479,1,4.26
M02812,MEM00479,1,3.77
M02812,MEM00479,1,4.8
M02812,MEM00479,1,4.38
M02812,MEM00254,1,3.86
M02812,MEM00254,1,4.71
M02812,MEM00254,1,4.2
M02812,MEM00254,1,4.21
M02812,MEM00254,1,3.32
M02812,MEM00254,1,4.16
M02812,MEM00254,1,4.39
M02812,EXT00325,0,5.0
M02812,EXT00325,0,3.75
M02812,EXT00325,0,5.0
M02812,EXT00325,0,4.53
M02812,EXT00325,0,3.29
M02812,EXT00325,0,3.69
M02812,EXT00325,0,5.0
M02813,MEM00694,1,0.0
M02813,MEM00694,1,0.0
M02813,MEM00694,1,0.0
M02813,MEM00694,1,0.0
M02813,MEM00694,1,0.0
M02813,MEM00694,1,0.0
M02813,MEM00694,1,0.0
M02813,MEM00402,1,0.0
M02813,MEM00402,1,0.0
M02813,MEM00402,1,0.0
M02813,MEM00402,1,0.0
M02813,MEM00402,1,0.0
M02813,MEM00402,1,0.0
M02813,MEM00402,1,0.0
M02813,MEM00041,1,0.0
M02813,MEM00041,1,0.0
M02813,MEM00041,1,0.0
M02813,MEM00041,1,0.0
M02813,MEM00041,1,0.0
M02813,MEM00041,1,0.0
M02813,MEM00041,1,0.0
M02814,MEM00531,1,0.0
M02814,MEM00531,1,0.0
M02814,MEM00531,1,0.0
M02814,MEM00531,1,0.0
M02814,MEM00531,1,0.0
M02814,MEM00531,1,0.0
M02814,MEM00531,1,0.0
M02814,MEM00312,1,0.0
M02814,MEM00312,1,0.0
M02814,MEM00312,1,0.0
M02814,MEM00312,1,0.0
M02814,MEM00312,1,0.0
M02814,MEM00312,1,0.0
M02814,MEM00312,1,0.0
M02814,MEM00392,1,0.0
M02814,MEM00392,1,0.0
M02814,MEM00392,1,0.0
M02814,MEM00392,1,0.0
M02814,MEM00392,1,0.0
M02814,MEM00392,1,0.0
M02814,MEM00392,1,0.0
M02815,MEM00262,1,4.95
M02815,MEM00262,1,4.21
M02815,MEM00262,1,4.29
M02815,MEM00262,1,3.5
M02815,MEM00262,1,4.99
M02815,MEM00262,1,3.61
M02815,MEM00262,1,4.71
M02815,MEM00694,1,5.0
M02815,MEM00694,1,4.23
M02815,MEM00694,1,4.78
M02815,MEM00694,1,5.0
M02815,MEM00694,1,4.36
M02815,MEM00694,1,4.09
M02815,MEM00694,1,4.16
M02815,MEM00355,1,3.75
M02815,MEM00355,1,3.74
M02815,MEM00355,1,4.47
M02815,MEM00355,1,4.1
M02815,MEM00355,1,4.4
M02815,MEM00355,1,3.31
M02815,MEM00355,1,4.14
M02815,MEM00008,1,4.82
M02815,MEM00008,1,3.53
M02815,MEM00008,1,4.21
M02815,MEM00008,1,3.09
M02815,MEM00008,1,3.42
M02815,MEM00008,1,4.68
M02815,MEM00008,1,4.01
M02816,MEM00126,1,0.0
M02816,MEM00126,1,0.0
M02816,MEM00126,1,0.0
M02816,MEM00126,1,0.0
M02816,MEM00126,1,0.0
M02816,MEM00126,1,0.0
M02816,MEM00126,1,0.0
M02816,MEM00350,1,0.0
M02816,MEM00350,1,0.0
M02816,MEM00350,1,0.0
M02816,MEM00350,1,0.0
M02816,MEM00350,1,0.0
M02816,MEM00350,1,0.0
M02816,MEM00350,1,0.0
M02817,EXT00201,0,0.0
M02817,EXT00201,0,0.0
M02817,EXT00201,0,0.0
M02817,EXT00201,0,0.0
M02817,EXT00201,0,0.0
M02817,EXT00201,0,0.0
M02817,EXT00201,0,0.0
M02818,MEM00544,1,5.0
M02818,MEM00544,1,4.46
M02818,MEM00544,1,4.52
M02818,MEM00544,1,3.55
M02818,MEM00544,1,3.97
M02818,MEM00544,1,3.76
M02818,MEM00544,1,3.56
M02818,MEM00314,1,4.6
M02818,MEM00314,1,4.72
M02818,MEM00314,1,4.44
M02818,MEM00314,1,3.7
M02818,MEM00314,1,4.4
M02818,MEM00314,1,3.05
M02818,MEM00314,1,4.99
M02819,MEM00327,1,0.0
M02819,MEM00327,1,0.0
M02819,MEM00327,1,0.0
M02819,MEM00327,1,0.0
M02819,MEM00327,1,0.0
M02819,MEM00327,1,0.0
M02819,MEM00327,1,0.0
M02820,MEM00768,1,0.0
M02820,MEM00768,1,0.0
M02820,MEM00768,1,0.0
M02820,MEM00768,1,0.0
M02820,MEM00768,1,0.0
M02820,MEM00768,1,0.0
M02820,MEM00768,1,0.0
M02822,EXT00240,0,3.42
M02822,EXT00240,0,3.53
M02822,EXT00240,0,4.27
M02822,EXT00240,0,4.32
M02822,EXT00240,0,4.16
M02822,EXT00240,0,3.53
M02822,EXT00240,0,4.88
M02822,EXT00322,0,3.19
M02822,EXT00322,0,3.31
M02822,EXT00322,0,4.14
M02822,EXT00322,0,3.44
M02822,EXT00322,0,4.93
M02822,EXT00322,0,3.49
M02822,EXT00322,0,5.0
M02823,MEM00310,1,0.0
M02823,MEM00310,1,0.0
M02823,MEM00310,1,0.0
M02823,MEM00310,1,0.0
M02823,MEM00310,1,0.0
M02823,MEM00310,1,0.0
M02823,MEM00310,1,0.0
M02823,MEM00109,1,0.0
M02823,MEM00109,1,0.0
M02823,MEM00109,1,0.0
M02823,MEM00109,1,0.0
M02823,MEM00109,1,0.0
M02823,MEM00109,1,0.0
M02823,MEM00109,1,0.0
M02824,MEM00257,1,4.82
M02824,MEM00257,1,4.94
M02824,MEM00257,1,5.0
M02824,MEM00257,1,4.25
M02824,MEM00257,1,3.59
M02824,MEM00257,1,4.14
M02824,MEM00257,1,3.86
M02824,MEM00446,1,3.77
M02824,MEM00446,1,4.29
M02824,MEM00446,1,4.01
M02824,MEM00446,1,3.75
M02824,MEM00446,1,4.05
M02824,MEM00446,1,4.53
M02824,MEM00446,1,4.77
M02824,MEM00076,1,3.24
M02824,MEM00076,1,4.02
M02824,MEM00076,1,4.12
M02824,MEM00076,1,3.49
M02824,MEM00076,1,4.13
M02824,MEM00076,1,4.29
M02824,MEM00076,1,4.51
M02824,MEM00684,1,4.25
M02824,MEM00684,1,3.67
M02824,MEM00684,1,5.0
M02824,MEM00684,1,4.7
M02824,MEM00684,1,4.53
M02824,MEM00684,1,4.8
M02824,MEM00684,1,4.35
M02825,MEM00072,1,0.0
M02825,MEM00072,1,0.0
M02825,MEM00072,1,0.0
M02825,MEM00072,1,0.0
M02825,MEM00072,1,0.0
M02825,MEM00072,1,0.0
M02825,MEM00072,1,0.0
M02826,MEM00181,1,4.97
M02826,MEM00181,1,4.23
M02826,MEM00181,1,4.2
M02826,MEM00181,1,4.58
M02826,MEM00181,1,5.0
M02826,MEM00181,1,5.0
M02826,MEM00181,1,4.56
M02826,MEM00678,1,4.51
M02826,MEM00678,1,4.62
M02826,MEM00678,1,4.79
M02826,MEM00678,1,4.98
M02826,MEM00678,1,4.06
M02826,MEM00678,1,4.99
M02826,MEM00678,1,4.41
M02828,MEM00532,1,0.0
M02828,MEM00532,1,0.0
M02828,MEM00532,1,0.0
M02828,MEM00532,1,0.0
M02828,MEM00532,1,0.0
M02828,MEM00532,1,0.0
M02828,MEM00532,1,0.0
M02828,MEM00422,1,0.0
M02828,MEM00422,1,0.0
M02828,MEM00422,1,0.0
M02828,MEM00422,1,0.0
M02828,MEM00422,1,0.0
M02828,MEM00422,1,0.0
M02828,MEM00422,1,0.0
M02828,EXT00333,0,0.0
M02828,EXT00333,0,0.0
M02828,EXT00333,0,0.0
M02828,EXT00333,0,0.0
M02828,EXT00333,0,0.0
M02828,EXT00333,0,0.0
M02828,EXT00333,0,0.0
M02828,EXT00052,0,0.0
M02828,EXT00052,0,0.0
M02828,EXT00052,0,0.0
M02828,EXT00052,0,0.0
M02828,EXT00052,0,0.0
M02828,EXT00052,0,0.0
M02828,EXT00052,0,0.0
M02830,MEM00324,1,4.59
M02830,MEM00324,1,5.0
M02830,MEM00324,1,4.65
M02830,MEM00324,1,4.75
M02830,MEM00324,1,3.97
M02830,MEM00324,1,5.0
M02830,MEM00324,1,4.62
M02830,MEM00763,1,4.28
M02830,MEM00763,1,4.86
M02830,MEM00763,1,5.0
M02830,MEM00763,1,3.5
M02830,MEM00763,1,3.72
M02830,MEM00763,1,5.0
M02830,MEM00763,1,4.46
M02830,MEM00123,1,4.31
M02830,MEM00123,1,4.13
M02830,MEM00123,1,4.93
M02830,MEM00123,1,5.0
M02830,MEM00123,1,3.8
M02830,MEM00123,1,4.14
M02830,MEM00123,1,3.99
M02830,MEM00434,1,4.64
M02830,MEM00434,1,4.93
M02830,MEM00434,1,5.0
M02830,MEM00434,1,4.66
M02830,MEM00434,1,5.0
M02830,MEM00434,1,3.86
M02830,MEM00434,1,3.7
M02832,MEM00252,1,0.0
M02832,MEM00252,1,0.0
M02832,MEM00252,1,0.0
M02832,MEM00252,1,0.0
M02832,MEM00252,1,0.0
M02832,MEM00252,1,0.0
M02832,MEM00252,1,0.0
M02832,MEM00479,1,0.0
M02832,MEM00479,1,0.0
M02832,MEM00479,1,0.0
M02832,MEM00479,1,0.0
M02832,MEM00479,1,0.0
M02832,MEM00479,1,0.0
M02832,MEM00479,1,0.0
M02833,MEM00756,1,5.0
M02833,MEM00756,1,4.27
M02833,MEM00756,1,3.37
M02833,MEM00756,1,4.01
M02833,MEM00756,1,4.35
M02833,MEM00756,1,3.81
M02833,MEM00756,1,3.59
M02833,MEM00664,1,4.08
M02833,MEM00664,1,3.56
M02833,MEM00664,1,4.58
M02833,MEM00664,1,3.03
M02833,MEM00664,1,4.25
M02833,MEM00664,1,4.51
M02833,MEM00664,1,4.15
M02834,MEM00796,1,0.0
M02834,MEM00796,1,0.0
M02834,MEM00796,1,0.0
M02834,MEM00796,1,0.0
M02834,MEM00796,1,0.0
M02834,MEM00796,1,0.0
M02834,MEM00796,1,0.0
M02835,MEM00021,1,4.86
M02835,MEM00021,1,3.38
M02835,MEM00021,1,3.78
M02835,MEM00021,1,4.0
M02835,MEM00021,1,4.63
M02835,MEM00021,1,4.33
M02835,MEM00021,1,5.0
M02835,EXT00242,0,3.72
M02835,EXT00242,0,3.36
M02835,EXT00242,0,5.0
M02835,EXT00242,0,3.34
M02835,EXT00242,0,4.61
M02835,EXT00242,0,3.61
M02835,EXT00242,0,2.96
M02835,EXT00327,0,3.98
M02835,EXT00327,0,4.74
M02835,EXT00327,0,3.47
M02835,EXT00327,0,4.55
M02835,EXT00327,0,4.66
M02835,EXT00327,0,3.44
M02835,EXT00327,0,4.06
M02835,EXT00048,0,5.0
M02835,EXT00048,0,4.59
M02835,EXT00048,0,4.04
M02835,EXT00048,0,4.45
M02835,EXT00048,0,3.79
M02835,EXT00048,0,4.87
M02835,EXT00048,0,4.87
M02836,MEM00221,1,0.0
M02836,MEM00221,1,0.0
M02836,MEM00221,1,0.0
M02836,MEM00221,1,0.0
M02836,MEM00221,1,0.0
M02836,MEM00221,1,0.0
M02836,MEM00221,1,0.0
M02838,MEM00210,1,0.0
M02838,MEM00210,1,0.0
M02838,MEM00210,1,0.0
M02838,MEM00210,1,0.0
M02838,MEM00210,1,0.0
M02838,MEM00210,1,0.0
M02838,MEM00210,1,0.0
M02838,EXT00317,0,0.0
M02838,EXT00317,0,0.0
M02838,EXT00317,0,0.0
M02838,EXT00317,0,0.0
M02838,EXT00317,0,0.0
M02838,EXT00317,0,0.0
M02838,EXT00317,0,0.0
M02840,MEM00285,1,4.27
M02840,MEM00285,1,4.34
M02840,MEM00285,1,3.6
M02840,MEM00285,1,3.39
M02840,MEM00285,1,3.97
M02840,MEM00285,1,4.15
M02840,MEM00285,1,4.84
M02840,MEM00060,1,4.75
M02840,MEM00060,1,4.31
M02840,MEM00060,1,4.91
M02840,MEM00060,1,3.63
M02840,MEM00060,1,4.85
M02840,MEM00060,1,3.73
M02840,MEM00060,1,4.94
M02840,MEM00436,1,4.19
M02840,MEM00436,1,3.0
M02840,MEM00436,1,4.64
M02840,MEM00436,1,4.69
M02840,MEM00436,1,3.93
M02840,MEM00436,1,3.98
M02840,MEM00436,1,4.1
M02840,MEM00396,1,3.04
M02840,MEM00396,1,2.78
M02840,MEM00396,1,4.98
M02840,MEM00396,1,3.71
M02840,MEM00396,1,5.0
M02840,MEM00396,1,5.0
M02840,MEM00396,1,5.0
M02841,MEM00584,1,3.81
M02841,MEM00584,1,3.23
M02841,MEM00584,1,3.55
M02841,MEM00584,1,3.93
M02841,MEM00584,1,2.78
M02841,MEM00584,1,3.91
M02841,MEM00584,1,4.08
M02841,EXT00135,0,3.42
M02841,EXT00135,0,3.58
M02841,EXT00135,0,4.07
M02841,EXT00135,0,4.41
M02841,EXT00135,0,3.67
M02841,EXT00135,0,4.38
M02841,EXT00135,0,4.28
M02842,MEM00479,1,4.23
M02842,MEM00479,1,3.81
M02842,MEM00479,1,3.4
M02842,MEM00479,1,5.0
M02842,MEM00479,1,4.58
M02842,MEM00479,1,4.8
M02842,MEM00479,1,4.15
M02842,MEM00463,1,4.1
M02842,MEM00463,1,4.49
M02842,MEM00463,1,3.1
M02842,MEM00463,1,3.53
M02842,MEM00463,1,3.72
M02842,MEM00463,1,3.93
M02842,MEM00463,1,3.67
M02842,EXT00219,0,4.4
M02842,EXT00219,0,4.25
M02842,EXT00219,0,5.0
M02842,EXT00219,0,5.0
M02842,EXT00219,0,3.44
M02842,EXT00219,0,4.29
M02842,EXT00219,0,4.29
M02842,EXT00254,0,4.19
M02842,EXT00254,0,3.55
M02842,EXT00254,0,3.65
M02842,EXT00254,0,4.34
M02842,EXT00254,0,3.63
M02842,EXT00254,0,4.3
M02842,EXT00254,0,4.05
M02844,MEM00083,1,4.28
M02844,MEM00083,1,3.63
M02844,MEM00083,1,4.29
M02844,MEM00083,1,3.67
M02844,MEM00083,1,4.3
M02844,MEM00083,1,5.0
M02844,MEM00083,1,4.36
M02844,MEM00210,1,4.39
M02844,MEM00210,1,4.69
M02844,MEM00210,1,3.36
M02844,MEM00210,1,5.0
M02844,MEM00210,1,3.57
M02844,MEM00210,1,4.73
M02844,MEM00210,1,4.65
M02844,MEM00196,1,3.66
M02844,MEM00196,1,4.81
M02844,MEM00196,1,4.5
M02844,MEM00196,1,5.0
M02844,MEM00196,1,4.32
M02844,MEM00196,1,4.13
M02844,MEM00196,1,3.89
M02844,MEM00114,1,3.15
M02844,MEM00114,1,4.01
M02844,MEM00114,1,4.03
M02844,MEM00114,1,4.36
M02844,MEM00114,1,3.35
M02844,MEM00114,1,4.06
M02844,MEM00114,1,4.55
M02845,MEM00668,1,4.61
M02845,MEM00668,1,3.08
M02845,MEM00668,1,4.62
M02845,MEM00668,1,4.05
M02845,MEM00668,1,4.09
M02845,MEM00668,1,2.78
M02845,MEM00668,1,5.0
M02845,MEM00394,1,4.31
M02845,MEM00394,1,3.28
M02845,MEM00394,1,4.43
M02845,MEM00394,1,4.41
M02845,MEM00394,1,4.93
M02845,MEM00394,1,4.01
M02845,MEM00394,1,4.21
M02846,MEM00625,1,3.81
M02846,MEM00625,1,4.56
M02846,MEM00625,1,3.73
M02846,MEM00625,1,3.66
M02846,MEM00625,1,4.16
M02846,MEM00625,1,3.46
M02846,MEM00625,1,5.0
M02846,MEM00563,1,5.0
M02846,MEM00563,1,3.93
M02846,MEM00563,1,3.37
M02846,MEM00563,1,4.4
M02846,MEM00563,1,3.91
M02846,MEM00563,1,4.9
M02846,MEM00563,1,3.73
M02847,MEM00271,1,0.0
M02847,MEM00271,1,0.0
M02847,MEM00271,1,0.0
M02847,MEM00271,1,0.0
M02847,MEM00271,1,0.0
M02847,MEM00271,1,0.0
M02847,MEM00271,1,0.0
M02848,MEM00307,1,4.53
M02848,MEM00307,1,4.27
M02848,MEM00307,1,3.79
M02848,MEM00307,1,4.34
M02848,MEM00307,1,4.73
M02848,MEM00307,1,4.25
M02848,MEM00307,1,4.26
M02848,MEM00315,1,3.68
M02848,MEM00315,1,4.89
M02848,MEM00315,1,4.83
M02848,MEM00315,1,3.95
M02848,MEM00315,1,4.13
M02848,MEM00315,1,5.0
M02848,MEM00315,1,3.52
M02848,MEM00174,1,4.56
M02848,MEM00174,1,3.86
M02848,MEM00174,1,5.0
M02848,MEM00174,1,4.24
M02848,MEM00174,1,4.96
M02848,MEM00174,1,3.74
M02848,MEM00174,1,3.45
M02848,EXT00024,0,4.06
M02848,EXT00024,0,4.36
M02848,EXT00024,0,3.89
M02848,EXT00024,0,4.65
M02848,EXT00024,0,4.07
M02848,EXT00024,0,2.95
M02848,EXT00024,0,4.53
M02850,MEM00788,1,3.67
M02850,MEM00788,1,3.98
M02850,MEM00788,1,5.0
M02850,MEM00788,1,5.0
M02850,MEM00788,1,3.85
M02850,MEM00788,1,4.55
M02850,MEM00788,1,3.87
M02850,MEM00469,1,4.03
M02850,MEM00469,1,3.84
M02850,MEM00469,1,3.17
M02850,MEM00469,1,4.26
M02850,MEM00469,1,4.37
M02850,MEM00469,1,3.8
M02850,MEM00469,1,4.85
M02851,MEM00051,1,3.94
M02851,MEM00051,1,3.82
M02851,MEM00051,1,4.52
M02851,MEM00051,1,3.27
M02851,MEM00051,1,4.74
M02851,MEM00051,1,3.96
M02851,MEM00051,1,4.79
M02851,MEM00622,1,4.97
M02851,MEM00622,1,4.58
M02851,MEM00622,1,3.71
M02851,MEM00622,1,3.45
M02851,MEM00622,1,3.34
M02851,MEM00622,1,4.86
M02851,MEM00622,1,4.12
M02851,MEM00156,1,3.84
M02851,MEM00156,1,4.12
M02851,MEM00156,1,4.85
M02851,MEM00156,1,4.67
M02851,MEM00156,1,4.46
M02851,MEM00156,1,4.58
M02851,MEM00156,1,4.31
M02851,EXT00094,0,4.38
M02851,EXT00094,0,4.33
M02851,EXT00094,0,4.2
M02851,EXT00094,0,4.65
M02851,EXT00094,0,4.42
M02851,EXT00094,0,3.67
M02851,EXT00094,0,4.52
M02852,MEM00655,1,0.0
M02852,MEM00655,1,0.0
M02852,MEM00655,1,0.0
M02852,MEM00655,1,0.0
M02852,MEM00655,1,0.0
M02852,MEM00655,1,0.0
M02852,MEM00655,1,0.0
M02852,MEM00565,1,0.0
M02852,MEM00565,1,0.0
M02852,MEM00565,1,0.0
M02852,MEM00565,1,0.0
M02852,MEM00565,1,0.0
M02852,MEM00565,1,0.0
M02852,MEM00565,1,0.0
M02852,MEM00762,1,0.0
M02852,MEM00762,1,0.0
M02852,MEM00762,1,0.0
M02852,MEM00762,1,0.0
M02852,MEM00762,1,0.0
M02852,MEM00762,1,0.0
M02852,MEM00762,1,0.0
M02852,EXT00161,0,0.0
M02852,EXT00161,0,0.0
M02852,EXT00161,0,0.0
M02852,EXT00161,0,0.0
M02852,EXT00161,0,0.0
M02852,EXT00161,0,0.0
M02852,EXT00161,0,0.0
M02854,MEM00522,1,4.35
M02854,MEM00522,1,4.57
M02854,MEM00522,1,4.14
M02854,MEM00522,1,4.69
M02854,MEM00522,1,4.16
M02854,MEM00522,1,4.63
M02854,MEM00522,1,3.93
M02854,MEM00373,1,3.97
M02854,MEM00373,1,4.56
M02854,MEM00373,1,4.0
M02854,MEM00373,1,5.0
M02854,MEM00373,1,4.54
M02854,MEM00373,1,4.21
M02854,MEM00373,1,4.69
M02855,MEM00491,1,0.0
M02855,MEM00491,1,0.0
M02855,MEM00491,1,0.0
M02855,MEM00491,1,0.0
M02855,MEM00491,1,0.0
M02855,MEM00491,1,0.0
M02855,MEM00491,1,0.0
M02856,MEM00168,1,3.91
M02856,MEM00168,1,4.75
M02856,MEM00168,1,4.74
M02856,MEM00168,1,4.95
M02856,MEM00168,1,3.94
M02856,MEM00168,1,3.47
M02856,MEM00168,1,3.83
M02856,MEM00359,1,4.03
M02856,MEM00359,1,5.0
M02856,MEM00359,1,5.0
M02856,MEM00359,1,4.41
M02856,MEM00359,1,4.21
M02856,MEM00359,1,3.99
M02856,MEM00359,1,4.69
M02857,MEM00648,1,5.0
M02857,MEM00648,1,5.0
M02857,MEM00648,1,4.88
M02857,MEM00648,1,4.87
M02857,MEM00648,1,4.7
M02857,MEM00648,1,4.17
M02857,MEM00648,1,3.76
M02857,MEM00591,1,4.19
M02857,MEM00591,1,4.45
M02857,MEM00591,1,3.33
M02857,MEM00591,1,4.11
M02857,MEM00591,1,3.7
M02857,MEM00591,1,4.81
M02857,MEM00591,1,3.87
M02857,MEM00398,1,4.4
M02857,MEM00398,1,3.78
M02857,MEM00398,1,5.0
M02857,MEM00398,1,3.18
M02857,MEM00398,1,4.49
M02857,MEM00398,1,3.43
M02857,MEM00398,1,3.89
M02857,MEM00417,1,4.32
M02857,MEM00417,1,4.35
M02857,MEM00417,1,4.34
M02857,MEM00417,1,4.29
M02857,MEM00417,1,3.81
M02857,MEM00417,1,4.1
M02857,MEM00417,1,4.22
M02858,MEM00581,1,4.32
M02858,MEM00394,1,4.16
M02858,EXT00358,0,4.64
M02858,EXT00365,0,4.26
